com.medigy.persist.reference.type.clincial.CPT.code,label
0003T,Cervicography
0008T,Upper gi endoscopy w/suture
0010T,Tb test gamma interferon
0016T,Thermotx choroid vasc lesion
0017T,Photocoagulat macular drusen
0018T,Transcranial magnetic stimul
0019T,Extracorp shock wave tx ms
0020T,Extracorp shock wave tx ft
0021T,Fetal oximetry trnsvag/cerv
0023T,Phenotype drug test hiv 1
0024T,Transcath cardiac reduction
0026T,Measure remnant lipoproteins
0027T,Endoscopic epidural lysis
0028T,Dexa body composition study
0029T,Magnetic tx for incontinence
0030T,Antiprothrombin antibody
0031T,Speculoscopy
0032T,Speculoscopy w/direct sample
0033T,Endovasc taa repr incl subcl
0034T,Endovasc taa repr w/o subcl
0035T,Insert endovasc prosth taa
0036T,Endovasc prosth taa add-on
0037T,Artery transpose/endovas taa
0038T,Rad endovasc taa rpr w/cover
0039T,Rad s/i endovasc taa repair
0040T,Rad s/i endovasc taa prosth
0041T,Detect ur infect agnt w/cpas
0042T,Ct perfusion w/contrast cbf
0043T,Co expired gas analysis
0044T,Whole body photography
0045T,Whole body photography
0046T,Cath lavage mammary duct(s
0047T,Cath lavage mammary duct(s)
0048T,Implant ventricular device
0049T,External circulation assist
0050T,Removal circulation assist
0051T,Implant total heart system
0052T,Replace component heart syst
0053T,Replace component heart syst
0054T,Bone surgery using computer
0055T,Bone surgery using computer
0056T,Bone surgery using computer
0058T,Cryopreservation ovary tiss
0059T,Cryopreservation oocyte
0060T,Electrical impedance scan
0061T,Destruction of tumor breast
0062T,Rep intradisc annulus;1 lev
0063T,Rep intradisc annulus;>1lev
0064T,Spectroscop eval expired gas
0065T,Ocular photoscreen bilat
0066T,Ct colonography;screen
0067T,Ct colonography;dx
0068T,Interp/rept heart sound
0069T,Analysis only heart sound
0070T,Interp only heart sound
0071T,U/s leiomyomata ablate <200
0072T,U/s leiomyomata ablate >200
0073T,Delivery comp imrt
0074T,Online physician e/m
0075T,Perq stent/chest vert art
0076T,S&i stent/chest vert art
0077T,Cereb therm perfusion probe
0078T,Endovasc aort repr w/device
0079T,Endovasc visc extnsn repr
0080T,Endovasc aort repr rad s&i
0081T,Endovasc visc extnsn s&i
0082T,Stereotactic rad delivery
0083T,Stereotactic rad tx mngmt
0084T,Temp prostate urethral stent
0085T,Breath test heart reject
0086T,L ventricle fill pressure
0087T,Sperm eval hyaluronan
0088T,Rf tongue base vol reduxn
0500F,Initial prenatal care visit
0501F,Prenatal flow sheet
0502F,Subsequent prenatal care
0503F,Postpartum care visit
1000F,Tobacco use smoking assess
1001F,Tobacco use non-smoking
10021,Fna w/o image
10022,Fna w/image
1002F,Assess anginal symptom/level
10040,Acne surgery
10060,Drainage of skin abscess
10061,Drainage of skin abscess
10080,Drainage of pilonidal cyst
10081,Drainage of pilonidal cyst
10120,Remove foreign body
10121,Remove foreign body
10140,Drainage of hematoma/fluid
10160,Puncture drainage of lesion
10180,Complex drainage wound
11000,Debride infected skin
11001,Debride infected skin add-on
11004,Debride genitalia & perineum
11005,Debride abdom wall
11006,Debride genit/per/abdom wall
11008,Remove mesh from abd wall
11010,Debride skin fx
11011,Debride skin/muscle fx
11012,Debride skin/muscle/bone fx
11040,Debride skin partial
11041,Debride skin full
11042,Debride skin/tissue
11043,Debride tissue/muscle
11044,Debride tissue/muscle/bone
11055,Trim skin lesion
11056,Trim skin lesions 2 to 4
11057,Trim skin lesions over 4
11100,Biopsy skin lesion
11101,Biopsy skin add-on
11200,Removal of skin tags
11201,Remove skin tags add-on
11300,Shave skin lesion
11301,Shave skin lesion
11302,Shave skin lesion
11303,Shave skin lesion
11305,Shave skin lesion
11306,Shave skin lesion
11307,Shave skin lesion
11308,Shave skin lesion
11310,Shave skin lesion
11311,Shave skin lesion
11312,Shave skin lesion
11313,Shave skin lesion
11400,Exc tr-ext b9+marg 0.5 < cm
11401,Exc tr-ext b9+marg 0.6-1 cm
11402,Exc tr-ext b9+marg 1.1-2 cm
11403,Exc tr-ext b9+marg 2.1-3 cm
11404,Exc tr-ext b9+marg 3.1-4 cm
11406,Exc tr-ext b9+marg > 4.0 cm
11420,Exc h-f-nk-sp b9+marg 0.5 <
11421,Exc h-f-nk-sp b9+marg 0.6-1
11422,Exc h-f-nk-sp b9+marg 1.1-2
11423,Exc h-f-nk-sp b9+marg 2.1-3
11424,Exc h-f-nk-sp b9+marg 3.1-4
11426,Exc h-f-nk-sp b9+marg > 4 cm
11440,Exc face-mm b9+marg 0.5 < cm
11441,Exc face-mm b9+marg 0.6-1 cm
11442,Exc face-mm b9+marg 1.1-2 cm
11443,Exc face-mm b9+marg 2.1-3 cm
11444,Exc face-mm b9+marg 3.1-4 cm
11446,Exc face-mm b9+marg > 4 cm
11450,Removal sweat gland lesion
11451,Removal sweat gland lesion
11462,Removal sweat gland lesion
11463,Removal sweat gland lesion
11470,Removal sweat gland lesion
11471,Removal sweat gland lesion
11600,Exc tr-ext mlg+marg 0.5 < cm
11601,Exc tr-ext mlg+marg 0.6-1 cm
11602,Exc tr-ext mlg+marg 1.1-2 cm
11603,Exc tr-ext mlg+marg 2.1-3 cm
11604,Exc tr-ext mlg+marg 3.1-4 cm
11606,Exc tr-ext mlg+marg > 4 cm
11620,Exc h-f-nk-sp mlg+marg 0.5 <
11621,Exc h-f-nk-sp mlg+marg 0.6-1
11622,Exc h-f-nk-sp mlg+marg 1.1-2
11623,Exc h-f-nk-sp mlg+marg 2.1-3
11624,Exc h-f-nk-sp mlg+marg 3.1-4
11626,Exc h-f-nk-sp mlg+mar > 4 cm
11640,Exc face-mm malig+marg 0.5 <
11641,Exc face-mm malig+marg 0.6-1
11642,Exc face-mm malig+marg 1.1-2
11643,Exc face-mm malig+marg 2.1-3
11644,Exc face-mm malig+marg 3.1-4
11646,Exc face-mm mlg+marg > 4 cm
11719,Trim nail(s)
11720,Debride nail 1-5
11721,Debride nail 6 or more
11730,Removal of nail plate
11732,Remove nail plate add-on
11740,Drain blood from under nail
11750,Removal of nail bed
11752,Remove nail bed/finger tip
11755,Biopsy nail unit
11760,Repair of nail bed
11762,Reconstruction of nail bed
11765,Excision of nail fold toe
11770,Removal of pilonidal lesion
11771,Removal of pilonidal lesion
11772,Removal of pilonidal lesion
11900,Injection into skin lesions
11901,Added skin lesions injection
11920,Correct skin color defects
11921,Correct skin color defects
11922,Correct skin color defects
11950,Therapy for contour defects
11951,Therapy for contour defects
11952,Therapy for contour defects
11954,Therapy for contour defects
11960,Insert tissue expander(s)
11970,Replace tissue expander
11971,Remove tissue expander(s)
11975,Insert contraceptive cap
11976,Removal of contraceptive cap
11977,Removal/reinsert contra cap
11980,Implant hormone pellet(s)
11981,Insert drug implant device
11982,Remove drug implant device
11983,Remove/insert drug implant
12001,Repair superficial wound(s)
12002,Repair superficial wound(s)
12004,Repair superficial wound(s)
12005,Repair superficial wound(s)
12006,Repair superficial wound(s)
12007,Repair superficial wound(s)
12011,Repair superficial wound(s)
12013,Repair superficial wound(s)
12014,Repair superficial wound(s)
12015,Repair superficial wound(s)
12016,Repair superficial wound(s)
12017,Repair superficial wound(s)
12018,Repair superficial wound(s)
12020,Closure of split wound
12021,Closure of split wound
12031,Layer closure of wound(s)
12032,Layer closure of wound(s)
12034,Layer closure of wound(s)
12035,Layer closure of wound(s)
12036,Layer closure of wound(s)
12037,Layer closure of wound(s)
12041,Layer closure of wound(s)
12042,Layer closure of wound(s)
12044,Layer closure of wound(s)
12045,Layer closure of wound(s)
12046,Layer closure of wound(s)
12047,Layer closure of wound(s)
12051,Layer closure of wound(s)
12052,Layer closure of wound(s)
12053,Layer closure of wound(s)
12054,Layer closure of wound(s)
12055,Layer closure of wound(s)
12056,Layer closure of wound(s)
12057,Layer closure of wound(s)
13100,Repair of wound or lesion
13101,Repair of wound or lesion
13102,Repair wound/lesion add-on
13120,Repair of wound or lesion
13121,Repair of wound or lesion
13122,Repair wound/lesion add-on
13131,Repair of wound or lesion
13132,Repair of wound or lesion
13133,Repair wound/lesion add-on
13150,Repair of wound or lesion
13151,Repair of wound or lesion
13152,Repair of wound or lesion
13153,Repair wound/lesion add-on
13160,Late closure of wound
14000,Skin tissue rearrangement
14001,Skin tissue rearrangement
14020,Skin tissue rearrangement
14021,Skin tissue rearrangement
14040,Skin tissue rearrangement
14041,Skin tissue rearrangement
14060,Skin tissue rearrangement
14061,Skin tissue rearrangement
14300,Skin tissue rearrangement
14350,Skin tissue rearrangement
15000,Skin graft
15001,Skin graft add-on
15050,Skin pinch graft
15100,Skin split graft
15101,Skin split graft add-on
15120,Skin split graft
15121,Skin split graft add-on
15200,Skin full graft
15201,Skin full graft add-on
15220,Skin full graft
15221,Skin full graft add-on
15240,Skin full graft
15241,Skin full graft add-on
15260,Skin full graft
15261,Skin full graft add-on
15342,Cultured skin graft 25 cm
15343,Culture skn graft addl 25 cm
15350,Skin homograft
15351,Skin homograft add-on
15400,Skin heterograft
15401,Skin heterograft add-on
15570,Form skin pedicle flap
15572,Form skin pedicle flap
15574,Form skin pedicle flap
15576,Form skin pedicle flap
15600,Skin graft
15610,Skin graft
15620,Skin graft
15630,Skin graft
15650,Transfer skin pedicle flap
15732,Muscle-skin graft head/neck
15734,Muscle-skin graft trunk
15736,Muscle-skin graft arm
15738,Muscle-skin graft leg
15740,Island pedicle flap graft
15750,Neurovascular pedicle graft
15756,Free myo/skin flap microvasc
15757,Free skin flap microvasc
15758,Free fascial flap microvasc
15760,Composite skin graft
15770,Derma-fat-fascia graft
15775,Hair transplant punch grafts
15776,Hair transplant punch grafts
15780,Abrasion treatment of skin
15781,Abrasion treatment of skin
15782,Abrasion treatment of skin
15783,Abrasion treatment of skin
15786,Abrasion lesion single
15787,Abrasion lesions add-on
15788,Chemical peel face epiderm
15789,Chemical peel face dermal
15792,Chemical peel nonfacial
15793,Chemical peel nonfacial
15810,Salabrasion
15811,Salabrasion
15819,Plastic surgery neck
15820,Revision of lower eyelid
15821,Revision of lower eyelid
15822,Revision of upper eyelid
15823,Revision of upper eyelid
15824,Removal of forehead wrinkles
15825,Removal of neck wrinkles
15826,Removal of brow wrinkles
15828,Removal of face wrinkles
15829,Removal of skin wrinkles
15831,Excise excessive skin tissue
15832,Excise excessive skin tissue
15833,Excise excessive skin tissue
15834,Excise excessive skin tissue
15835,Excise excessive skin tissue
15836,Excise excessive skin tissue
15837,Excise excessive skin tissue
15838,Excise excessive skin tissue
15839,Excise excessive skin tissue
15840,Graft for face nerve palsy
15841,Graft for face nerve palsy
15842,Flap for face nerve palsy
15845,Skin and muscle repair face
15850,Removal of sutures
15851,Removal of sutures
15852,Dressing change not for burn
15860,Test for blood flow in graft
15876,Suction assisted lipectomy
15877,Suction assisted lipectomy
15878,Suction assisted lipectomy
15879,Suction assisted lipectomy
15920,Removal of tail bone ulcer
15922,Removal of tail bone ulcer
15931,Remove sacrum pressure sore
15933,Remove sacrum pressure sore
15934,Remove sacrum pressure sore
15935,Remove sacrum pressure sore
15936,Remove sacrum pressure sore
15937,Remove sacrum pressure sore
15940,Remove hip pressure sore
15941,Remove hip pressure sore
15944,Remove hip pressure sore
15945,Remove hip pressure sore
15946,Remove hip pressure sore
15950,Remove thigh pressure sore
15951,Remove thigh pressure sore
15952,Remove thigh pressure sore
15953,Remove thigh pressure sore
15956,Remove thigh pressure sore
15958,Remove thigh pressure sore
15999,Removal of pressure sore
16000,Initial treatment of burn(s)
16010,Treatment of burn(s)
16015,Treatment of burn(s)
16020,Treatment of burn(s)
16025,Treatment of burn(s)
16030,Treatment of burn(s)
16035,Incision of burn scab initi
16036,Escharotomy; add?l incision
17000,Destroy benign/premlg lesion
17003,Destroy lesions 2-14
17004,Destroy lesions 15 or more
17106,Destruction of skin lesions
17107,Destruction of skin lesions
17108,Destruction of skin lesions
17110,Destruct lesion 1-14
17111,Destruct lesion 15 or more
17250,Chemical cautery tissue
17260,Destruction of skin lesions
17261,Destruction of skin lesions
17262,Destruction of skin lesions
17263,Destruction of skin lesions
17264,Destruction of skin lesions
17266,Destruction of skin lesions
17270,Destruction of skin lesions
17271,Destruction of skin lesions
17272,Destruction of skin lesions
17273,Destruction of skin lesions
17274,Destruction of skin lesions
17276,Destruction of skin lesions
17280,Destruction of skin lesions
17281,Destruction of skin lesions
17282,Destruction of skin lesions
17283,Destruction of skin lesions
17284,Destruction of skin lesions
17286,Destruction of skin lesions
17304,1 stage mohs up to 5 spec
17305,2 stage mohs up to 5 spec
17306,3 stage mohs up to 5 spec
17307,Mohs addl stage up to 5 spec
17310,Mohs any stage > 5 spec each
17340,Cryotherapy of skin
17360,Skin peel therapy
17380,Hair removal by electrolysis
17999,Skin tissue procedure
19000,Drainage of breast lesion
19001,Drain breast lesion add-on
19020,Incision of breast lesion
19030,Injection for breast x-ray
19100,Bx breast percut w/o image
19101,Biopsy of breast open
19102,Bx breast percut w/image
19103,Bx breast percut w/device
19110,Nipple exploration
19112,Excise breast duct fistula
19120,Removal of breast lesion
19125,Excision breast lesion
19126,Excision addl breast lesion
19140,Removal of breast tissue
19160,Partial mastectomy
19162,P-mastectomy w/ln removal
19180,Removal of breast
19182,Removal of breast
19200,Removal of breast
19220,Removal of breast
19240,Removal of breast
19260,Removal of chest wall lesion
19271,Revision of chest wall
19272,Extensive chest wall surgery
19290,Place needle wire breast
19291,Place needle wire breast
19295,Place breast clip percut
19296,Place po breast cath for rad
19297,Place breast cath for rad
19298,Place breast rad tube/caths
19316,Suspension of breast
19318,Reduction of large breast
19324,Enlarge breast
19325,Enlarge breast with implant
19328,Removal of breast implant
19330,Removal of implant material
19340,Immediate breast prosthesis
19342,Delayed breast prosthesis
19350,Breast reconstruction
19355,Correct inverted nipple(s)
19357,Breast reconstruction
19361,Breast reconstruction
19364,Breast reconstruction
19366,Breast reconstruction
19367,Breast reconstruction
19368,Breast reconstruction
19369,Breast reconstruction
19370,Surgery of breast capsule
19371,Removal of breast capsule
19380,Revise breast reconstruction
19396,Design custom breast implant
19499,Breast surgery procedure
20000,Incision of abscess
20005,Incision of deep abscess
2000F,Blood pressure measured
20100,Explore wound neck
20101,Explore wound chest
20102,Explore wound abdomen
20103,Explore wound extremity
20150,Excise epiphyseal bar
20200,Muscle biopsy
20205,Deep muscle biopsy
20206,Needle biopsy muscle
20220,Bone biopsy trocar/needle
20225,Bone biopsy trocar/needle
20240,Bone biopsy excisional
20245,Bone biopsy excisional
20250,Open bone biopsy
20251,Open bone biopsy
20500,Injection of sinus tract
20501,Inject sinus tract for x-ray
20520,Removal of foreign body
20525,Removal of foreign body
20526,Ther injection carp tunnel
20550,Inj tendon sheath/ligament
20551,Inj tendon origin/insertion
20552,Inj trigger point 1/2 muscl
20553,Inject trigger points =/> 3
20600,Drain/inject joint/bursa
20605,Drain/inject joint/bursa
20610,Drain/inject joint/bursa
20612,Aspirate/inj ganglion cyst
20615,Treatment of bone cyst
20650,Insert and remove bone pin
20660,Apply rem fixation device
20661,Application of head brace
20662,Application of pelvis brace
20663,Application of thigh brace
20664,Halo brace application
20665,Removal of fixation device
20670,Removal of support implant
20680,Removal of support implant
20690,Apply bone fixation device
20692,Apply bone fixation device
20693,Adjust bone fixation device
20694,Remove bone fixation device
20802,Replantation arm complete
20805,Replant forearm complete
20808,Replantation hand complete
20816,Replantation digit complete
20822,Replantation digit complete
20824,Replantation thumb complete
20827,Replantation thumb complete
20838,Replantation foot complete
20900,Removal of bone for graft
20902,Removal of bone for graft
20910,Remove cartilage for graft
20912,Remove cartilage for graft
20920,Removal of fascia for graft
20922,Removal of fascia for graft
20924,Removal of tendon for graft
20926,Removal of tissue for graft
20930,Spinal bone allograft
20931,Spinal bone allograft
20936,Spinal bone autograft
20937,Spinal bone autograft
20938,Spinal bone autograft
20950,Fluid pressure muscle
20955,Fibula bone graft microvasc
20956,Iliac bone graft microvasc
20957,Mt bone graft microvasc
20962,Other bone graft microvasc
20969,Bone/skin graft microvasc
20970,Bone/skin graft iliac crest
20972,Bone/skin graft metatarsal
20973,Bone/skin graft great toe
20974,Electrical bone stimulation
20975,Electrical bone stimulation
20979,Us bone stimulation
20982,Ablate bone tumor(s) perq
20999,Musculoskeletal surgery
21010,Incision of jaw joint
21015,Resection of facial tumor
21025,Excision of bone lower jaw
21026,Excision of facial bone(s)
21029,Contour of face bone lesion
21030,Excise max/zygoma b9 tumor
21031,Remove exostosis mandible
21032,Remove exostosis maxilla
21034,Excise max/zygoma mlg tumor
21040,Excise mandible lesion
21044,Removal of jaw bone lesion
21045,Extensive jaw surgery
21046,Remove mandible cyst complex
21047,Excise lwr jaw cyst w/repair
21048,Remove maxilla cyst complex
21049,Excis uppr jaw cyst w/repair
21050,Removal of jaw joint
21060,Remove jaw joint cartilage
21070,Remove coronoid process
21076,Prepare face/oral prosthesis
21077,Prepare face/oral prosthesis
21079,Prepare face/oral prosthesis
21080,Prepare face/oral prosthesis
21081,Prepare face/oral prosthesis
21082,Prepare face/oral prosthesis
21083,Prepare face/oral prosthesis
21084,Prepare face/oral prosthesis
21085,Prepare face/oral prosthesis
21086,Prepare face/oral prosthesis
21087,Prepare face/oral prosthesis
21088,Prepare face/oral prosthesis
21089,Prepare face/oral prosthesis
21100,Maxillofacial fixation
21110,Interdental fixation
21116,Injection jaw joint x-ray
21120,Reconstruction of chin
21121,Reconstruction of chin
21122,Reconstruction of chin
21123,Reconstruction of chin
21125,Augmentation lower jaw bone
21127,Augmentation lower jaw bone
21137,Reduction of forehead
21138,Reduction of forehead
21139,Reduction of forehead
21141,Reconstruct midface lefort
21142,Reconstruct midface lefort
21143,Reconstruct midface lefort
21145,Reconstruct midface lefort
21146,Reconstruct midface lefort
21147,Reconstruct midface lefort
21150,Reconstruct midface lefort
21151,Reconstruct midface lefort
21154,Reconstruct midface lefort
21155,Reconstruct midface lefort
21159,Reconstruct midface lefort
21160,Reconstruct midface lefort
21172,Reconstruct orbit/forehead
21175,Reconstruct orbit/forehead
21179,Reconstruct entire forehead
21180,Reconstruct entire forehead
21181,Contour cranial bone lesion
21182,Reconstruct cranial bone
21183,Reconstruct cranial bone
21184,Reconstruct cranial bone
21188,Reconstruction of midface
21193,Reconst lwr jaw w/o graft
21194,Reconst lwr jaw w/graft
21195,Reconst lwr jaw w/o fixation
21196,Reconst lwr jaw w/fixation
21198,Reconstr lwr jaw segment
21199,Reconstr lwr jaw w/advance
21206,Reconstruct upper jaw bone
21208,Augmentation of facial bones
21209,Reduction of facial bones
21210,Face bone graft
21215,Lower jaw bone graft
21230,Rib cartilage graft
21235,Ear cartilage graft
21240,Reconstruction of jaw joint
21242,Reconstruction of jaw joint
21243,Reconstruction of jaw joint
21244,Reconstruction of lower jaw
21245,Reconstruction of jaw
21246,Reconstruction of jaw
21247,Reconstruct lower jaw bone
21248,Reconstruction of jaw
21249,Reconstruction of jaw
21255,Reconstruct lower jaw bone
21256,Reconstruction of orbit
21260,Revise eye sockets
21261,Revise eye sockets
21263,Revise eye sockets
21267,Revise eye sockets
21268,Revise eye sockets
21270,Augmentation cheek bone
21275,Revision orbitofacial bones
21280,Revision of eyelid
21282,Revision of eyelid
21295,Revision of jaw muscle/bone
21296,Revision of jaw muscle/bone
21299,Cranio/maxillofacial surgery
21300,Treatment of skull fracture
21310,Treatment of nose fracture
21315,Treatment of nose fracture
21320,Treatment of nose fracture
21325,Treatment of nose fracture
21330,Treatment of nose fracture
21335,Treatment of nose fracture
21336,Treat nasal septal fracture
21337,Treat nasal septal fracture
21338,Treat nasoethmoid fracture
21339,Treat nasoethmoid fracture
21340,Treatment of nose fracture
21343,Treatment of sinus fracture
21344,Treatment of sinus fracture
21345,Treat nose/jaw fracture
21346,Treat nose/jaw fracture
21347,Treat nose/jaw fracture
21348,Treat nose/jaw fracture
21355,Treat cheek bone fracture
21356,Treat cheek bone fracture
21360,Treat cheek bone fracture
21365,Treat cheek bone fracture
21366,Treat cheek bone fracture
21385,Treat eye socket fracture
21386,Treat eye socket fracture
21387,Treat eye socket fracture
21390,Treat eye socket fracture
21395,Treat eye socket fracture
21400,Treat eye socket fracture
21401,Treat eye socket fracture
21406,Treat eye socket fracture
21407,Treat eye socket fracture
21408,Treat eye socket fracture
21421,Treat mouth roof fracture
21422,Treat mouth roof fracture
21423,Treat mouth roof fracture
21431,Treat craniofacial fracture
21432,Treat craniofacial fracture
21433,Treat craniofacial fracture
21435,Treat craniofacial fracture
21436,Treat craniofacial fracture
21440,Treat dental ridge fracture
21445,Treat dental ridge fracture
21450,Treat lower jaw fracture
21451,Treat lower jaw fracture
21452,Treat lower jaw fracture
21453,Treat lower jaw fracture
21454,Treat lower jaw fracture
21461,Treat lower jaw fracture
21462,Treat lower jaw fracture
21465,Treat lower jaw fracture
21470,Treat lower jaw fracture
21480,Reset dislocated jaw
21485,Reset dislocated jaw
21490,Repair dislocated jaw
21493,Treat hyoid bone fracture
21494,Treat hyoid bone fracture
21495,Treat hyoid bone fracture
21497,Interdental wiring
21499,Head surgery procedure
21501,Drain neck/chest lesion
21502,Drain chest lesion
21510,Drainage of bone lesion
21550,Biopsy of neck/chest
21555,Remove lesion neck/chest
21556,Remove lesion neck/chest
21557,Remove tumor neck/chest
21600,Partial removal of rib
21610,Partial removal of rib
21615,Removal of rib
21616,Removal of rib and nerves
21620,Partial removal of sternum
21627,Sternal debridement
21630,Extensive sternum surgery
21632,Extensive sternum surgery
21685,Hyoid myotomy & suspension
21700,Revision of neck muscle
21705,Revision of neck muscle/rib
21720,Revision of neck muscle
21725,Revision of neck muscle
21740,Reconstruction of sternum
21742,Repair stern/nuss w/o scope
21743,Repair sternum/nuss w/scope
21750,Repair of sternum separation
21800,Treatment of rib fracture
21805,Treatment of rib fracture
21810,Treatment of rib fracture(s)
21820,Treat sternum fracture
21825,Treat sternum fracture
21899,Neck/chest surgery procedure
21920,Biopsy soft tissue of back
21925,Biopsy soft tissue of back
21930,Remove lesion back or flank
21935,Remove tumor back
22100,Remove part of neck vertebra
22101,Remove part thorax vertebra
22102,Remove part lumbar vertebra
22103,Remove extra spine segment
22110,Remove part of neck vertebra
22112,Remove part thorax vertebra
22114,Remove part lumbar vertebra
22116,Remove extra spine segment
22210,Revision of neck spine
22212,Revision of thorax spine
22214,Revision of lumbar spine
22216,Revise extra spine segment
22220,Revision of neck spine
22222,Revision of thorax spine
22224,Revision of lumbar spine
22226,Revise extra spine segment
22305,Treat spine process fracture
22310,Treat spine fracture
22315,Treat spine fracture
22318,Treat odontoid fx w/o graft
22319,Treat odontoid fx w/graft
22325,Treat spine fracture
22326,Treat neck spine fracture
22327,Treat thorax spine fracture
22328,Treat each add spine fx
22505,Manipulation of spine
22520,Percut vertebroplasty thor
22521,Percut vertebroplasty lumb
22522,Percut vertebroplasty add?l
22532,Lat thorax spine fusion
22533,Lat lumbar spine fusion
22534,Lat thor/lumb add?l seg
22548,Neck spine fusion
22554,Neck spine fusion
22556,Thorax spine fusion
22558,Lumbar spine fusion
22585,Additional spinal fusion
22590,Spine & skull spinal fusion
22595,Neck spinal fusion
22600,Neck spine fusion
22610,Thorax spine fusion
22612,Lumbar spine fusion
22614,Spine fusion extra segment
22630,Lumbar spine fusion
22632,Spine fusion extra segment
22800,Fusion of spine
22802,Fusion of spine
22804,Fusion of spine
22808,Fusion of spine
22810,Fusion of spine
22812,Fusion of spine
22818,Kyphectomy 1-2 segments
22819,Kyphectomy 3 or more
22830,Exploration of spinal fusion
22840,Insert spine fixation device
22841,Insert spine fixation device
22842,Insert spine fixation device
22843,Insert spine fixation device
22844,Insert spine fixation device
22845,Insert spine fixation device
22846,Insert spine fixation device
22847,Insert spine fixation device
22848,Insert pelv fixation device
22849,Reinsert spinal fixation
22850,Remove spine fixation device
22851,Apply spine prosth device
22852,Remove spine fixation device
22855,Remove spine fixation device
22899,Spine surgery procedure
22900,Remove abdominal wall lesion
22999,Abdomen surgery procedure
23000,Removal of calcium deposits
23020,Release shoulder joint
23030,Drain shoulder lesion
23031,Drain shoulder bursa
23035,Drain shoulder bone lesion
23040,Exploratory shoulder surgery
23044,Exploratory shoulder surgery
23065,Biopsy shoulder tissues
23066,Biopsy shoulder tissues
23075,Removal of shoulder lesion
23076,Removal of shoulder lesion
23077,Remove tumor of shoulder
23100,Biopsy of shoulder joint
23101,Shoulder joint surgery
23105,Remove shoulder joint lining
23106,Incision of collarbone joint
23107,Explore treat shoulder joint
23120,Partial removal collar bone
23125,Removal of collar bone
23130,Remove shoulder bone part
23140,Removal of bone lesion
23145,Removal of bone lesion
23146,Removal of bone lesion
23150,Removal of humerus lesion
23155,Removal of humerus lesion
23156,Removal of humerus lesion
23170,Remove collar bone lesion
23172,Remove shoulder blade lesion
23174,Remove humerus lesion
23180,Remove collar bone lesion
23182,Remove shoulder blade lesion
23184,Remove humerus lesion
23190,Partial removal of scapula
23195,Removal of head of humerus
23200,Removal of collar bone
23210,Removal of shoulder blade
23220,Partial removal of humerus
23221,Partial removal of humerus
23222,Partial removal of humerus
23330,Remove shoulder foreign body
23331,Remove shoulder foreign body
23332,Remove shoulder foreign body
23350,Injection for shoulder x-ray
23395,Muscle transfershoulder/arm
23397,Muscle transfers
23400,Fixation of shoulder blade
23405,Incision of tendon & muscle
23406,Incise tendon(s) & muscle(s)
23410,Repair rotator cuff acute
23412,Repair rotator cuff chronic
23415,Release of shoulder ligament
23420,Repair of shoulder
23430,Repair biceps tendon
23440,Remove/transplant tendon
23450,Repair shoulder capsule
23455,Repair shoulder capsule
23460,Repair shoulder capsule
23462,Repair shoulder capsule
23465,Repair shoulder capsule
23466,Repair shoulder capsule
23470,Reconstruct shoulder joint
23472,Reconstruct shoulder joint
23480,Revision of collar bone
23485,Revision of collar bone
23490,Reinforce clavicle
23491,Reinforce shoulder bones
23500,Treat clavicle fracture
23505,Treat clavicle fracture
23515,Treat clavicle fracture
23520,Treat clavicle dislocation
23525,Treat clavicle dislocation
23530,Treat clavicle dislocation
23532,Treat clavicle dislocation
23540,Treat clavicle dislocation
23545,Treat clavicle dislocation
23550,Treat clavicle dislocation
23552,Treat clavicle dislocation
23570,Treat shoulder blade fx
23575,Treat shoulder blade fx
23585,Treat scapula fracture
23600,Treat humerus fracture
23605,Treat humerus fracture
23615,Treat humerus fracture
23616,Treat humerus fracture
23620,Treat humerus fracture
23625,Treat humerus fracture
23630,Treat humerus fracture
23650,Treat shoulder dislocation
23655,Treat shoulder dislocation
23660,Treat shoulder dislocation
23665,Treat dislocation/fracture
23670,Treat dislocation/fracture
23675,Treat dislocation/fracture
23680,Treat dislocation/fracture
23700,Fixation of shoulder
23800,Fusion of shoulder joint
23802,Fusion of shoulder joint
23900,Amputation of arm & girdle
23920,Amputation at shoulder joint
23921,Amputation follow-up surgery
23929,Shoulder surgery procedure
23930,Drainage of arm lesion
23931,Drainage of arm bursa
23935,Drain arm/elbow bone lesion
24000,Exploratory elbow surgery
24006,Release elbow joint
24065,Biopsy arm/elbow soft tissue
24066,Biopsy arm/elbow soft tissue
24075,Remove arm/elbow lesion
24076,Remove arm/elbow lesion
24077,Remove tumor of arm/elbow
24100,Biopsy elbow joint lining
24101,Explore/treat elbow joint
24102,Remove elbow joint lining
24105,Removal of elbow bursa
24110,Remove humerus lesion
24115,Remove/graft bone lesion
24116,Remove/graft bone lesion
24120,Remove elbow lesion
24125,Remove/graft bone lesion
24126,Remove/graft bone lesion
24130,Removal of head of radius
24134,Removal of arm bone lesion
24136,Remove radius bone lesion
24138,Remove elbow bone lesion
24140,Partial removal of arm bone
24145,Partial removal of radius
24147,Partial removal of elbow
24149,Radical resection of elbow
24150,Extensive humerus surgery
24151,Extensive humerus surgery
24152,Extensive radius surgery
24153,Extensive radius surgery
24155,Removal of elbow joint
24160,Remove elbow joint implant
24164,Remove radius head implant
24200,Removal of arm foreign body
24201,Removal of arm foreign body
24220,Injection for elbow x-ray
24300,Manipulate elbow w/anesth
24301,Muscle/tendon transfer
24305,Arm tendon lengthening
24310,Revision of arm tendon
24320,Repair of arm tendon
24330,Revision of arm muscles
24331,Revision of arm muscles
24332,Tenolysis triceps
24340,Repair of biceps tendon
24341,Repair arm tendon/muscle
24342,Repair of ruptured tendon
24343,Repr elbow lat ligmnt w/tiss
24344,Reconstruct elbow lat ligmnt
24345,Repr elbw med ligmnt w/tissu
24346,Reconstruct elbow med ligmnt
24350,Repair of tennis elbow
24351,Repair of tennis elbow
24352,Repair of tennis elbow
24354,Repair of tennis elbow
24356,Revision of tennis elbow
24360,Reconstruct elbow joint
24361,Reconstruct elbow joint
24362,Reconstruct elbow joint
24363,Replace elbow joint
24365,Reconstruct head of radius
24366,Reconstruct head of radius
24400,Revision of humerus
24410,Revision of humerus
24420,Revision of humerus
24430,Repair of humerus
24435,Repair humerus with graft
24470,Revision of elbow joint
24495,Decompression of forearm
24498,Reinforce humerus
24500,Treat humerus fracture
24505,Treat humerus fracture
24515,Treat humerus fracture
24516,Treat humerus fracture
24530,Treat humerus fracture
24535,Treat humerus fracture
24538,Treat humerus fracture
24545,Treat humerus fracture
24546,Treat humerus fracture
24560,Treat humerus fracture
24565,Treat humerus fracture
24566,Treat humerus fracture
24575,Treat humerus fracture
24576,Treat humerus fracture
24577,Treat humerus fracture
24579,Treat humerus fracture
24582,Treat humerus fracture
24586,Treat elbow fracture
24587,Treat elbow fracture
24600,Treat elbow dislocation
24605,Treat elbow dislocation
24615,Treat elbow dislocation
24620,Treat elbow fracture
24635,Treat elbow fracture
24640,Treat elbow dislocation
24650,Treat radius fracture
24655,Treat radius fracture
24665,Treat radius fracture
24666,Treat radius fracture
24670,Treat ulnar fracture
24675,Treat ulnar fracture
24685,Treat ulnar fracture
24800,Fusion of elbow joint
24802,Fusion/graft of elbow joint
24900,Amputation of upper arm
24920,Amputation of upper arm
24925,Amputation follow-up surgery
24930,Amputation follow-up surgery
24931,Amputate upper arm & implant
24935,Revision of amputation
24940,Revision of upper arm
24999,Upper arm/elbow surgery
25000,Incision of tendon sheath
25001,Incise flexor carpi radialis
25020,Decompress forearm 1 space
25023,Decompress forearm 1 space
25024,Decompress forearm 2 spaces
25025,Decompress forearm 2 spaces
25028,Drainage of forearm lesion
25031,Drainage of forearm bursa
25035,Treat forearm bone lesion
25040,Explore/treat wrist joint
25065,Biopsy forearm soft tissues
25066,Biopsy forearm soft tissues
25075,Removal forearm lesion subcu
25076,Removal forearm lesion deep
25077,Remove tumor forearm/wrist
25085,Incision of wrist capsule
25100,Biopsy of wrist joint
25101,Explore/treat wrist joint
25105,Remove wrist joint lining
25107,Remove wrist joint cartilage
25110,Remove wrist tendon lesion
25111,Remove wrist tendon lesion
25112,Reremove wrist tendon lesion
25115,Remove wrist/forearm lesion
25116,Remove wrist/forearm lesion
25118,Excise wrist tendon sheath
25119,Partial removal of ulna
25120,Removal of forearm lesion
25125,Remove/graft forearm lesion
25126,Remove/graft forearm lesion
25130,Removal of wrist lesion
25135,Remove & graft wrist lesion
25136,Remove & graft wrist lesion
25145,Remove forearm bone lesion
25150,Partial removal of ulna
25151,Partial removal of radius
25170,Extensive forearm surgery
25210,Removal of wrist bone
25215,Removal of wrist bones
25230,Partial removal of radius
25240,Partial removal of ulna
25246,Injection for wrist x-ray
25248,Remove forearm foreign body
25250,Removal of wrist prosthesis
25251,Removal of wrist prosthesis
25259,Manipulate wrist w/anesthes
25260,Repair forearm tendon/muscle
25263,Repair forearm tendon/muscle
25265,Repair forearm tendon/muscle
25270,Repair forearm tendon/muscle
25272,Repair forearm tendon/muscle
25274,Repair forearm tendon/muscle
25275,Repair forearm tendon sheath
25280,Revise wrist/forearm tendon
25290,Incise wrist/forearm tendon
25295,Release wrist/forearm tendon
25300,Fusion of tendons at wrist
25301,Fusion of tendons at wrist
25310,Transplant forearm tendon
25312,Transplant forearm tendon
25315,Revise palsy hand tendon(s)
25316,Revise palsy hand tendon(s)
25320,Repair/revise wrist joint
25332,Revise wrist joint
25335,Realignment of hand
25337,Reconstruct ulna/radioulnar
25350,Revision of radius
25355,Revision of radius
25360,Revision of ulna
25365,Revise radius & ulna
25370,Revise radius or ulna
25375,Revise radius & ulna
25390,Shorten radius or ulna
25391,Lengthen radius or ulna
25392,Shorten radius & ulna
25393,Lengthen radius & ulna
25394,Repair carpal bone shorten
25400,Repair radius or ulna
25405,Repair/graft radius or ulna
25415,Repair radius & ulna
25420,Repair/graft radius & ulna
25425,Repair/graft radius or ulna
25426,Repair/graft radius & ulna
25430,Vasc graft into carpal bone
25431,Repair nonunion carpal bone
25440,Repair/graft wrist bone
25441,Reconstruct wrist joint
25442,Reconstruct wrist joint
25443,Reconstruct wrist joint
25444,Reconstruct wrist joint
25445,Reconstruct wrist joint
25446,Wrist replacement
25447,Repair wrist joint(s)
25449,Remove wrist joint implant
25450,Revision of wrist joint
25455,Revision of wrist joint
25490,Reinforce radius
25491,Reinforce ulna
25492,Reinforce radius and ulna
25500,Treat fracture of radius
25505,Treat fracture of radius
25515,Treat fracture of radius
25520,Treat fracture of radius
25525,Treat fracture of radius
25526,Treat fracture of radius
25530,Treat fracture of ulna
25535,Treat fracture of ulna
25545,Treat fracture of ulna
25560,Treat fracture radius & ulna
25565,Treat fracture radius & ulna
25574,Treat fracture radius & ulna
25575,Treat fracture radius/ulna
25600,Treat fracture radius/ulna
25605,Treat fracture radius/ulna
25611,Treat fracture radius/ulna
25620,Treat fracture radius/ulna
25622,Treat wrist bone fracture
25624,Treat wrist bone fracture
25628,Treat wrist bone fracture
25630,Treat wrist bone fracture
25635,Treat wrist bone fracture
25645,Treat wrist bone fracture
25650,Treat wrist bone fracture
25651,Pin ulnar styloid fracture
25652,Treat fracture ulnar styloid
25660,Treat wrist dislocation
25670,Treat wrist dislocation
25671,Pin radioulnar dislocation
25675,Treat wrist dislocation
25676,Treat wrist dislocation
25680,Treat wrist fracture
25685,Treat wrist fracture
25690,Treat wrist dislocation
25695,Treat wrist dislocation
25800,Fusion of wrist joint
25805,Fusion/graft of wrist joint
25810,Fusion/graft of wrist joint
25820,Fusion of hand bones
25825,Fuse hand bones with graft
25830,Fusion radioulnar jnt/ulna
25900,Amputation of forearm
25905,Amputation of forearm
25907,Amputation follow-up surgery
25909,Amputation follow-up surgery
25915,Amputation of forearm
25920,Amputate hand at wrist
25922,Amputate hand at wrist
25924,Amputation follow-up surgery
25927,Amputation of hand
25929,Amputation follow-up surgery
25931,Amputation follow-up surgery
25999,Forearm or wrist surgery
26010,Drainage of finger abscess
26011,Drainage of finger abscess
26020,Drain hand tendon sheath
26025,Drainage of palm bursa
26030,Drainage of palm bursa(s)
26034,Treat hand bone lesion
26035,Decompress fingers/hand
26037,Decompress fingers/hand
26040,Release palm contracture
26045,Release palm contracture
26055,Incise finger tendon sheath
26060,Incision of finger tendon
26070,Explore/treat hand joint
26075,Explore/treat finger joint
26080,Explore/treat finger joint
26100,Biopsy hand joint lining
26105,Biopsy finger joint lining
26110,Biopsy finger joint lining
26115,Removal hand lesion subcut
26116,Removal hand lesion deep
26117,Remove tumor hand/finger
26121,Release palm contracture
26123,Release palm contracture
26125,Release palm contracture
26130,Remove wrist joint lining
26135,Revise finger joint each
26140,Revise finger joint each
26145,Tendon excision palm/finger
26160,Remove tendon sheath lesion
26170,Removal of palm tendon each
26180,Removal of finger tendon
26185,Remove finger bone
26200,Remove hand bone lesion
26205,Remove/graft bone lesion
26210,Removal of finger lesion
26215,Remove/graft finger lesion
26230,Partial removal of hand bone
26235,Partial removal finger bone
26236,Partial removal finger bone
26250,Extensive hand surgery
26255,Extensive hand surgery
26260,Extensive finger surgery
26261,Extensive finger surgery
26262,Partial removal of finger
26320,Removal of implant from hand
26340,Manipulate finger w/anesth
26350,Repair finger/hand tendon
26352,Repair/graft hand tendon
26356,Repair finger/hand tendon
26357,Repair finger/hand tendon
26358,Repair/graft hand tendon
26370,Repair finger/hand tendon
26372,Repair/graft hand tendon
26373,Repair finger/hand tendon
26390,Revise hand/finger tendon
26392,Repair/graft hand tendon
26410,Repair hand tendon
26412,Repair/graft hand tendon
26415,Excision hand/finger tendon
26416,Graft hand or finger tendon
26418,Repair finger tendon
26420,Repair/graft finger tendon
26426,Repair finger/hand tendon
26428,Repair/graft finger tendon
26432,Repair finger tendon
26433,Repair finger tendon
26434,Repair/graft finger tendon
26437,Realignment of tendons
26440,Release palm/finger tendon
26442,Release palm & finger tendon
26445,Release hand/finger tendon
26449,Release forearm/hand tendon
26450,Incision of palm tendon
26455,Incision of finger tendon
26460,Incise hand/finger tendon
26471,Fusion of finger tendons
26474,Fusion of finger tendons
26476,Tendon lengthening
26477,Tendon shortening
26478,Lengthening of hand tendon
26479,Shortening of hand tendon
26480,Transplant hand tendon
26483,Transplant/graft hand tendon
26485,Transplant palm tendon
26489,Transplant/graft palm tendon
26490,Revise thumb tendon
26492,Tendon transfer with graft
26494,Hand tendon/muscle transfer
26496,Revise thumb tendon
26497,Finger tendon transfer
26498,Finger tendon transfer
26499,Revision of finger
26500,Hand tendon reconstruction
26502,Hand tendon reconstruction
26504,Hand tendon reconstruction
26508,Release thumb contracture
26510,Thumb tendon transfer
26516,Fusion of knuckle joint
26517,Fusion of knuckle joints
26518,Fusion of knuckle joints
26520,Release knuckle contracture
26525,Release finger contracture
26530,Revise knuckle joint
26531,Revise knuckle with implant
26535,Revise finger joint
26536,Revise/implant finger joint
26540,Repair hand joint
26541,Repair hand joint with graft
26542,Repair hand joint with graft
26545,Reconstruct finger joint
26546,Repair nonunion hand
26548,Reconstruct finger joint
26550,Construct thumb replacement
26551,Great toe-hand transfer
26553,Single transfer toe-hand
26554,Double transfer toe-hand
26555,Positional change of finger
26556,Toe joint transfer
26560,Repair of web finger
26561,Repair of web finger
26562,Repair of web finger
26565,Correct metacarpal flaw
26567,Correct finger deformity
26568,Lengthen metacarpal/finger
26580,Repair hand deformity
26587,Reconstruct extra finger
26590,Repair finger deformity
26591,Repair muscles of hand
26593,Release muscles of hand
26596,Excision constricting tissue
26600,Treat metacarpal fracture
26605,Treat metacarpal fracture
26607,Treat metacarpal fracture
26608,Treat metacarpal fracture
26615,Treat metacarpal fracture
26641,Treat thumb dislocation
26645,Treat thumb fracture
26650,Treat thumb fracture
26665,Treat thumb fracture
26670,Treat hand dislocation
26675,Treat hand dislocation
26676,Pin hand dislocation
26685,Treat hand dislocation
26686,Treat hand dislocation
26700,Treat knuckle dislocation
26705,Treat knuckle dislocation
26706,Pin knuckle dislocation
26715,Treat knuckle dislocation
26720,Treat finger fracture each
26725,Treat finger fracture each
26727,Treat finger fracture each
26735,Treat finger fracture each
26740,Treat finger fracture each
26742,Treat finger fracture each
26746,Treat finger fracture each
26750,Treat finger fracture each
26755,Treat finger fracture each
26756,Pin finger fracture each
26765,Treat finger fracture each
26770,Treat finger dislocation
26775,Treat finger dislocation
26776,Pin finger dislocation
26785,Treat finger dislocation
26820,Thumb fusion with graft
26841,Fusion of thumb
26842,Thumb fusion with graft
26843,Fusion of hand joint
26844,Fusion/graft of hand joint
26850,Fusion of knuckle
26852,Fusion of knuckle with graft
26860,Fusion of finger joint
26861,Fusion of finger jnt add-on
26862,Fusion/graft of finger joint
26863,Fuse/graft added joint
26910,Amputate metacarpal bone
26951,Amputation of finger/thumb
26952,Amputation of finger/thumb
26989,Hand/finger surgery
26990,Drainage of pelvis lesion
26991,Drainage of pelvis bursa
26992,Drainage of bone lesion
27000,Incision of hip tendon
27001,Incision of hip tendon
27003,Incision of hip tendon
27005,Incision of hip tendon
27006,Incision of hip tendons
27025,Incision of hip/thigh fascia
27030,Drainage of hip joint
27033,Exploration of hip joint
27035,Denervation of hip joint
27036,Excision of hip joint/muscle
27040,Biopsy of soft tissues
27041,Biopsy of soft tissues
27047,Remove hip/pelvis lesion
27048,Remove hip/pelvis lesion
27049,Remove tumor hip/pelvis
27050,Biopsy of sacroiliac joint
27052,Biopsy of hip joint
27054,Removal of hip joint lining
27060,Removal of ischial bursa
27062,Remove femur lesion/bursa
27065,Removal of hip bone lesion
27066,Removal of hip bone lesion
27067,Remove/graft hip bone lesion
27070,Partial removal of hip bone
27071,Partial removal of hip bone
27075,Extensive hip surgery
27076,Extensive hip surgery
27077,Extensive hip surgery
27078,Extensive hip surgery
27079,Extensive hip surgery
27080,Removal of tail bone
27086,Remove hip foreign body
27087,Remove hip foreign body
27090,Removal of hip prosthesis
27091,Removal of hip prosthesis
27093,Injection for hip x-ray
27095,Injection for hip x-ray
27096,Inject sacroiliac joint
27097,Revision of hip tendon
27098,Transfer tendon to pelvis
27100,Transfer of abdominal muscle
27105,Transfer of spinal muscle
27110,Transfer of iliopsoas muscle
27111,Transfer of iliopsoas muscle
27120,Reconstruction of hip socket
27122,Reconstruction of hip socket
27125,Partial hip replacement
27130,Total hip arthroplasty
27132,Total hip arthroplasty
27134,Revise hip joint replacement
27137,Revise hip joint replacement
27138,Revise hip joint replacement
27140,Transplant femur ridge
27146,Incision of hip bone
27147,Revision of hip bone
27151,Incision of hip bones
27156,Revision of hip bones
27158,Revision of pelvis
27161,Incision of neck of femur
27165,Incision/fixation of femur
27170,Repair/graft femur head/neck
27175,Treat slipped epiphysis
27176,Treat slipped epiphysis
27177,Treat slipped epiphysis
27178,Treat slipped epiphysis
27179,Revise head/neck of femur
27181,Treat slipped epiphysis
27185,Revision of femur epiphysis
27187,Reinforce hip bones
27193,Treat pelvic ring fracture
27194,Treat pelvic ring fracture
27200,Treat tail bone fracture
27202,Treat tail bone fracture
27215,Treat pelvic fracture(s)
27216,Treat pelvic ring fracture
27217,Treat pelvic ring fracture
27218,Treat pelvic ring fracture
27220,Treat hip socket fracture
27222,Treat hip socket fracture
27226,Treat hip wall fracture
27227,Treat hip fracture(s)
27228,Treat hip fracture(s)
27230,Treat thigh fracture
27232,Treat thigh fracture
27235,Treat thigh fracture
27236,Treat thigh fracture
27238,Treat thigh fracture
27240,Treat thigh fracture
27244,Treat thigh fracture
27245,Treat thigh fracture
27246,Treat thigh fracture
27248,Treat thigh fracture
27250,Treat hip dislocation
27252,Treat hip dislocation
27253,Treat hip dislocation
27254,Treat hip dislocation
27256,Treat hip dislocation
27257,Treat hip dislocation
27258,Treat hip dislocation
27259,Treat hip dislocation
27265,Treat hip dislocation
27266,Treat hip dislocation
27275,Manipulation of hip joint
27280,Fusion of sacroiliac joint
27282,Fusion of pubic bones
27284,Fusion of hip joint
27286,Fusion of hip joint
27290,Amputation of leg at hip
27295,Amputation of leg at hip
27299,Pelvis/hip joint surgery
27301,Drain thigh/knee lesion
27303,Drainage of bone lesion
27305,Incise thigh tendon & fascia
27306,Incision of thigh tendon
27307,Incision of thigh tendons
27310,Exploration of knee joint
27315,Partial removal thigh nerve
27320,Partial removal thigh nerve
27323,Biopsy thigh soft tissues
27324,Biopsy thigh soft tissues
27327,Removal of thigh lesion
27328,Removal of thigh lesion
27329,Remove tumor thigh/knee
27330,Biopsy knee joint lining
27331,Explore/treat knee joint
27332,Removal of knee cartilage
27333,Removal of knee cartilage
27334,Remove knee joint lining
27335,Remove knee joint lining
27340,Removal of kneecap bursa
27345,Removal of knee cyst
27347,Remove knee cyst
27350,Removal of kneecap
27355,Remove femur lesion
27356,Remove femur lesion/graft
27357,Remove femur lesion/graft
27358,Remove femur lesion/fixation
27360,Partial removal leg bone(s)
27365,Extensive leg surgery
27370,Injection for knee x-ray
27372,Removal of foreign body
27380,Repair of kneecap tendon
27381,Repair/graft kneecap tendon
27385,Repair of thigh muscle
27386,Repair/graft of thigh muscle
27390,Incision of thigh tendon
27391,Incision of thigh tendons
27392,Incision of thigh tendons
27393,Lengthening of thigh tendon
27394,Lengthening of thigh tendons
27395,Lengthening of thigh tendons
27396,Transplant of thigh tendon
27397,Transplants of thigh tendons
27400,Revise thigh muscles/tendons
27403,Repair of knee cartilage
27405,Repair of knee ligament
27407,Repair of knee ligament
27409,Repair of knee ligaments
27412,Autochondrocyte implant knee
27415,Osteochondral knee allograft
27418,Repair degenerated kneecap
27420,Revision of unstable kneecap
27422,Revision of unstable kneecap
27424,Revision/removal of kneecap
27425,Lat retinacular release open
27427,Reconstruction knee
27428,Reconstruction knee
27429,Reconstruction knee
27430,Revision of thigh muscles
27435,Incision of knee joint
27437,Revise kneecap
27438,Revise kneecap with implant
27440,Revision of knee joint
27441,Revision of knee joint
27442,Revision of knee joint
27443,Revision of knee joint
27445,Revision of knee joint
27446,Revision of knee joint
27447,Total knee arthroplasty
27448,Incision of thigh
27450,Incision of thigh
27454,Realignment of thigh bone
27455,Realignment of knee
27457,Realignment of knee
27465,Shortening of thigh bone
27466,Lengthening of thigh bone
27468,Shorten/lengthen thighs
27470,Repair of thigh
27472,Repair/graft of thigh
27475,Surgery to stop leg growth
27477,Surgery to stop leg growth
27479,Surgery to stop leg growth
27485,Surgery to stop leg growth
27486,Revise/replace knee joint
27487,Revise/replace knee joint
27488,Removal of knee prosthesis
27495,Reinforce thigh
27496,Decompression of thigh/knee
27497,Decompression of thigh/knee
27498,Decompression of thigh/knee
27499,Decompression of thigh/knee
27500,Treatment of thigh fracture
27501,Treatment of thigh fracture
27502,Treatment of thigh fracture
27503,Treatment of thigh fracture
27506,Treatment of thigh fracture
27507,Treatment of thigh fracture
27508,Treatment of thigh fracture
27509,Treatment of thigh fracture
27510,Treatment of thigh fracture
27511,Treatment of thigh fracture
27513,Treatment of thigh fracture
27514,Treatment of thigh fracture
27516,Treat thigh fx growth plate
27517,Treat thigh fx growth plate
27519,Treat thigh fx growth plate
27520,Treat kneecap fracture
27524,Treat kneecap fracture
27530,Treat knee fracture
27532,Treat knee fracture
27535,Treat knee fracture
27536,Treat knee fracture
27538,Treat knee fracture(s)
27540,Treat knee fracture
27550,Treat knee dislocation
27552,Treat knee dislocation
27556,Treat knee dislocation
27557,Treat knee dislocation
27558,Treat knee dislocation
27560,Treat kneecap dislocation
27562,Treat kneecap dislocation
27566,Treat kneecap dislocation
27570,Fixation of knee joint
27580,Fusion of knee
27590,Amputate leg at thigh
27591,Amputate leg at thigh
27592,Amputate leg at thigh
27594,Amputation follow-up surgery
27596,Amputation follow-up surgery
27598,Amputate lower leg at knee
27599,Leg surgery procedure
27600,Decompression of lower leg
27601,Decompression of lower leg
27602,Decompression of lower leg
27603,Drain lower leg lesion
27604,Drain lower leg bursa
27605,Incision of achilles tendon
27606,Incision of achilles tendon
27607,Treat lower leg bone lesion
27610,Explore/treat ankle joint
27612,Exploration of ankle joint
27613,Biopsy lower leg soft tissue
27614,Biopsy lower leg soft tissue
27615,Remove tumor lower leg
27618,Remove lower leg lesion
27619,Remove lower leg lesion
27620,Explore/treat ankle joint
27625,Remove ankle joint lining
27626,Remove ankle joint lining
27630,Removal of tendon lesion
27635,Remove lower leg bone lesion
27637,Remove/graft leg bone lesion
27638,Remove/graft leg bone lesion
27640,Partial removal of tibia
27641,Partial removal of fibula
27645,Extensive lower leg surgery
27646,Extensive lower leg surgery
27647,Extensive ankle/heel surgery
27648,Injection for ankle x-ray
27650,Repair achilles tendon
27652,Repair/graft achilles tendon
27654,Repair of achilles tendon
27656,Repair leg fascia defect
27658,Repair of leg tendon each
27659,Repair of leg tendon each
27664,Repair of leg tendon each
27665,Repair of leg tendon each
27675,Repair lower leg tendons
27676,Repair lower leg tendons
27680,Release of lower leg tendon
27681,Release of lower leg tendons
27685,Revision of lower leg tendon
27686,Revise lower leg tendons
27687,Revision of calf tendon
27690,Revise lower leg tendon
27691,Revise lower leg tendon
27692,Revise additional leg tendon
27695,Repair of ankle ligament
27696,Repair of ankle ligaments
27698,Repair of ankle ligament
27700,Revision of ankle joint
27702,Reconstruct ankle joint
27703,Reconstruction ankle joint
27704,Removal of ankle implant
27705,Incision of tibia
27707,Incision of fibula
27709,Incision of tibia & fibula
27712,Realignment of lower leg
27715,Revision of lower leg
27720,Repair of tibia
27722,Repair/graft of tibia
27724,Repair/graft of tibia
27725,Repair of lower leg
27727,Repair of lower leg
27730,Repair of tibia epiphysis
27732,Repair of fibula epiphysis
27734,Repair lower leg epiphyses
27740,Repair of leg epiphyses
27742,Repair of leg epiphyses
27745,Reinforce tibia
27750,Treatment of tibia fracture
27752,Treatment of tibia fracture
27756,Treatment of tibia fracture
27758,Treatment of tibia fracture
27759,Treatment of tibia fracture
27760,Treatment of ankle fracture
27762,Treatment of ankle fracture
27766,Treatment of ankle fracture
27780,Treatment of fibula fracture
27781,Treatment of fibula fracture
27784,Treatment of fibula fracture
27786,Treatment of ankle fracture
27788,Treatment of ankle fracture
27792,Treatment of ankle fracture
27808,Treatment of ankle fracture
27810,Treatment of ankle fracture
27814,Treatment of ankle fracture
27816,Treatment of ankle fracture
27818,Treatment of ankle fracture
27822,Treatment of ankle fracture
27823,Treatment of ankle fracture
27824,Treat lower leg fracture
27825,Treat lower leg fracture
27826,Treat lower leg fracture
27827,Treat lower leg fracture
27828,Treat lower leg fracture
27829,Treat lower leg joint
27830,Treat lower leg dislocation
27831,Treat lower leg dislocation
27832,Treat lower leg dislocation
27840,Treat ankle dislocation
27842,Treat ankle dislocation
27846,Treat ankle dislocation
27848,Treat ankle dislocation
27860,Fixation of ankle joint
27870,Fusion of ankle joint open
27871,Fusion of tibiofibular joint
27880,Amputation of lower leg
27881,Amputation of lower leg
27882,Amputation of lower leg
27884,Amputation follow-up surgery
27886,Amputation follow-up surgery
27888,Amputation of foot at ankle
27889,Amputation of foot at ankle
27892,Decompression of leg
27893,Decompression of leg
27894,Decompression of leg
27899,Leg/ankle surgery procedure
28001,Drainage of bursa of foot
28002,Treatment of foot infection
28003,Treatment of foot infection
28005,Treat foot bone lesion
28008,Incision of foot fascia
28010,Incision of toe tendon
28011,Incision of toe tendons
28020,Exploration of foot joint
28022,Exploration of foot joint
28024,Exploration of toe joint
28030,Removal of foot nerve
28035,Decompression of tibia nerve
28043,Excision of foot lesion
28045,Excision of foot lesion
28046,Resection of tumor foot
28050,Biopsy of foot joint lining
28052,Biopsy of foot joint lining
28054,Biopsy of toe joint lining
28060,Partial removal foot fascia
28062,Removal of foot fascia
28070,Removal of foot joint lining
28072,Removal of foot joint lining
28080,Removal of foot lesion
28086,Excise foot tendon sheath
28088,Excise foot tendon sheath
28090,Removal of foot lesion
28092,Removal of toe lesions
28100,Removal of ankle/heel lesion
28102,Remove/graft foot lesion
28103,Remove/graft foot lesion
28104,Removal of foot lesion
28106,Remove/graft foot lesion
28107,Remove/graft foot lesion
28108,Removal of toe lesions
28110,Part removal of metatarsal
28111,Part removal of metatarsal
28112,Part removal of metatarsal
28113,Part removal of metatarsal
28114,Removal of metatarsal heads
28116,Revision of foot
28118,Removal of heel bone
28119,Removal of heel spur
28120,Part removal of ankle/heel
28122,Partial removal of foot bone
28124,Partial removal of toe
28126,Partial removal of toe
28130,Removal of ankle bone
28140,Removal of metatarsal
28150,Removal of toe
28153,Partial removal of toe
28160,Partial removal of toe
28171,Extensive foot surgery
28173,Extensive foot surgery
28175,Extensive foot surgery
28190,Removal of foot foreign body
28192,Removal of foot foreign body
28193,Removal of foot foreign body
28200,Repair of foot tendon
28202,Repair/graft of foot tendon
28208,Repair of foot tendon
28210,Repair/graft of foot tendon
28220,Release of foot tendon
28222,Release of foot tendons
28225,Release of foot tendon
28226,Release of foot tendons
28230,Incision of foot tendon(s)
28232,Incision of toe tendon
28234,Incision of foot tendon
28238,Revision of foot tendon
28240,Release of big toe
28250,Revision of foot fascia
28260,Release of midfoot joint
28261,Revision of foot tendon
28262,Revision of foot and ankle
28264,Release of midfoot joint
28270,Release of foot contracture
28272,Release of toe joint each
28280,Fusion of toes
28285,Repair of hammertoe
28286,Repair of hammertoe
28288,Partial removal of foot bone
28289,Repair hallux rigidus
28290,Correction of bunion
28292,Correction of bunion
28293,Correction of bunion
28294,Correction of bunion
28296,Correction of bunion
28297,Correction of bunion
28298,Correction of bunion
28299,Correction of bunion
28300,Incision of heel bone
28302,Incision of ankle bone
28304,Incision of midfoot bones
28305,Incise/graft midfoot bones
28306,Incision of metatarsal
28307,Incision of metatarsal
28308,Incision of metatarsal
28309,Incision of metatarsals
28310,Revision of big toe
28312,Revision of toe
28313,Repair deformity of toe
28315,Removal of sesamoid bone
28320,Repair of foot bones
28322,Repair of metatarsals
28340,Resect enlarged toe tissue
28341,Resect enlarged toe
28344,Repair extra toe(s)
28345,Repair webbed toe(s)
28360,Reconstruct cleft foot
28400,Treatment of heel fracture
28405,Treatment of heel fracture
28406,Treatment of heel fracture
28415,Treat heel fracture
28420,Treat/graft heel fracture
28430,Treatment of ankle fracture
28435,Treatment of ankle fracture
28436,Treatment of ankle fracture
28445,Treat ankle fracture
28450,Treat midfoot fracture each
28455,Treat midfoot fracture each
28456,Treat midfoot fracture
28465,Treat midfoot fracture each
28470,Treat metatarsal fracture
28475,Treat metatarsal fracture
28476,Treat metatarsal fracture
28485,Treat metatarsal fracture
28490,Treat big toe fracture
28495,Treat big toe fracture
28496,Treat big toe fracture
28505,Treat big toe fracture
28510,Treatment of toe fracture
28515,Treatment of toe fracture
28525,Treat toe fracture
28530,Treat sesamoid bone fracture
28531,Treat sesamoid bone fracture
28540,Treat foot dislocation
28545,Treat foot dislocation
28546,Treat foot dislocation
28555,Repair foot dislocation
28570,Treat foot dislocation
28575,Treat foot dislocation
28576,Treat foot dislocation
28585,Repair foot dislocation
28600,Treat foot dislocation
28605,Treat foot dislocation
28606,Treat foot dislocation
28615,Repair foot dislocation
28630,Treat toe dislocation
28635,Treat toe dislocation
28636,Treat toe dislocation
28645,Repair toe dislocation
28660,Treat toe dislocation
28665,Treat toe dislocation
28666,Treat toe dislocation
28675,Repair of toe dislocation
28705,Fusion of foot bones
28715,Fusion of foot bones
28725,Fusion of foot bones
28730,Fusion of foot bones
28735,Fusion of foot bones
28737,Revision of foot bones
28740,Fusion of foot bones
28750,Fusion of big toe joint
28755,Fusion of big toe joint
28760,Fusion of big toe joint
28800,Amputation of midfoot
28805,Amputation thru metatarsal
28810,Amputation toe & metatarsal
28820,Amputation of toe
28825,Partial amputation of toe
28899,Foot/toes surgery procedure
29000,Application of body cast
29010,Application of body cast
29015,Application of body cast
29020,Application of body cast
29025,Application of body cast
29035,Application of body cast
29040,Application of body cast
29044,Application of body cast
29046,Application of body cast
29049,Application of figure eight
29055,Application of shoulder cast
29058,Application of shoulder cast
29065,Application of long arm cast
29075,Application of forearm cast
29085,Apply hand/wrist cast
29086,Apply finger cast
29105,Apply long arm splint
29125,Apply forearm splint
29126,Apply forearm splint
29130,Application of finger splint
29131,Application of finger splint
29200,Strapping of chest
29220,Strapping of low back
29240,Strapping of shoulder
29260,Strapping of elbow or wrist
29280,Strapping of hand or finger
29305,Application of hip cast
29325,Application of hip casts
29345,Application of long leg cast
29355,Application of long leg cast
29358,Apply long leg cast brace
29365,Application of long leg cast
29405,Apply short leg cast
29425,Apply short leg cast
29435,Apply short leg cast
29440,Addition of walker to cast
29445,Apply rigid leg cast
29450,Application of leg cast
29505,Application long leg splint
29515,Application lower leg splint
29520,Strapping of hip
29530,Strapping of knee
29540,Strapping of ankle and/or ft
29550,Strapping of toes
29580,Application of paste boot
29590,Application of foot splint
29700,Removal/revision of cast
29705,Removal/revision of cast
29710,Removal/revision of cast
29715,Removal/revision of cast
29720,Repair of body cast
29730,Windowing of cast
29740,Wedging of cast
29750,Wedging of clubfoot cast
29799,Casting/strapping procedure
29800,Jaw arthroscopy/surgery
29804,Jaw arthroscopy/surgery
29805,Shoulder arthroscopy dx
29806,Shoulder arthroscopy/surgery
29807,Shoulder arthroscopy/surgery
29819,Shoulder arthroscopy/surgery
29820,Shoulder arthroscopy/surgery
29821,Shoulder arthroscopy/surgery
29822,Shoulder arthroscopy/surgery
29823,Shoulder arthroscopy/surgery
29824,Shoulder arthroscopy/surgery
29825,Shoulder arthroscopy/surgery
29826,Shoulder arthroscopy/surgery
29827,Arthroscop rotator cuff repr
29830,Elbow arthroscopy
29834,Elbow arthroscopy/surgery
29835,Elbow arthroscopy/surgery
29836,Elbow arthroscopy/surgery
29837,Elbow arthroscopy/surgery
29838,Elbow arthroscopy/surgery
29840,Wrist arthroscopy
29843,Wrist arthroscopy/surgery
29844,Wrist arthroscopy/surgery
29845,Wrist arthroscopy/surgery
29846,Wrist arthroscopy/surgery
29847,Wrist arthroscopy/surgery
29848,Wrist endoscopy/surgery
29850,Knee arthroscopy/surgery
29851,Knee arthroscopy/surgery
29855,Tibial arthroscopy/surgery
29856,Tibial arthroscopy/surgery
29860,Hip arthroscopy dx
29861,Hip arthroscopy/surgery
29862,Hip arthroscopy/surgery
29863,Hip arthroscopy/surgery
29866,Autgrft implnt knee w/scope
29867,Allgrft implnt knee w/scope
29868,Meniscal trnspl knee w/scpe
29870,Knee arthroscopy dx
29871,Knee arthroscopy/drainage
29873,Knee arthroscopy/surgery
29874,Knee arthroscopy/surgery
29875,Knee arthroscopy/surgery
29876,Knee arthroscopy/surgery
29877,Knee arthroscopy/surgery
29879,Knee arthroscopy/surgery
29880,Knee arthroscopy/surgery
29881,Knee arthroscopy/surgery
29882,Knee arthroscopy/surgery
29883,Knee arthroscopy/surgery
29884,Knee arthroscopy/surgery
29885,Knee arthroscopy/surgery
29886,Knee arthroscopy/surgery
29887,Knee arthroscopy/surgery
29888,Knee arthroscopy/surgery
29889,Knee arthroscopy/surgery
29891,Ankle arthroscopy/surgery
29892,Ankle arthroscopy/surgery
29893,Scope plantar fasciotomy
29894,Ankle arthroscopy/surgery
29895,Ankle arthroscopy/surgery
29897,Ankle arthroscopy/surgery
29898,Ankle arthroscopy/surgery
29899,Ankle arthroscopy/surgery
29900,Mcp joint arthroscopy dx
29901,Mcp joint arthroscopy surg
29902,Mcp joint arthroscopy surg
29999,Arthroscopy of joint
30000,Drainage of nose lesion
30020,Drainage of nose lesion
30100,Intranasal biopsy
30110,Removal of nose polyp(s)
30115,Removal of nose polyp(s)
30117,Removal of intranasal lesion
30118,Removal of intranasal lesion
30120,Revision of nose
30124,Removal of nose lesion
30125,Removal of nose lesion
30130,Removal of turbinate bones
30140,Removal of turbinate bones
30150,Partial removal of nose
30160,Removal of nose
30200,Injection treatment of nose
30210,Nasal sinus therapy
30220,Insert nasal septal button
30300,Remove nasal foreign body
30310,Remove nasal foreign body
30320,Remove nasal foreign body
30400,Reconstruction of nose
30410,Reconstruction of nose
30420,Reconstruction of nose
30430,Revision of nose
30435,Revision of nose
30450,Revision of nose
30460,Revision of nose
30462,Revision of nose
30465,Repair nasal stenosis
30520,Repair of nasal septum
30540,Repair nasal defect
30545,Repair nasal defect
30560,Release of nasal adhesions
30580,Repair upper jaw fistula
30600,Repair mouth/nose fistula
30620,Intranasal reconstruction
30630,Repair nasal septum defect
30801,Cauterization inner nose
30802,Cauterization inner nose
30901,Control of nosebleed
30903,Control of nosebleed
30905,Control of nosebleed
30906,Repeat control of nosebleed
30915,Ligation nasal sinus artery
30920,Ligation upper jaw artery
30930,Therapy fracture of nose
30999,Nasal surgery procedure
31000,Irrigation maxillary sinus
31002,Irrigation sphenoid sinus
31020,Exploration maxillary sinus
31030,Exploration maxillary sinus
31032,Explore sinus remove polyps
31040,Exploration behind upper jaw
31050,Exploration sphenoid sinus
31051,Sphenoid sinus surgery
31070,Exploration of frontal sinus
31075,Exploration of frontal sinus
31080,Removal of frontal sinus
31081,Removal of frontal sinus
31084,Removal of frontal sinus
31085,Removal of frontal sinus
31086,Removal of frontal sinus
31087,Removal of frontal sinus
31090,Exploration of sinuses
31200,Removal of ethmoid sinus
31201,Removal of ethmoid sinus
31205,Removal of ethmoid sinus
31225,Removal of upper jaw
31230,Removal of upper jaw
31231,Nasal endoscopy dx
31233,Nasal/sinus endoscopy dx
31235,Nasal/sinus endoscopy dx
31237,Nasal/sinus endoscopy surg
31238,Nasal/sinus endoscopy surg
31239,Nasal/sinus endoscopy surg
31240,Nasal/sinus endoscopy surg
31254,Revision of ethmoid sinus
31255,Removal of ethmoid sinus
31256,Exploration maxillary sinus
31267,Endoscopy maxillary sinus
31276,Sinus endoscopy surgical
31287,Nasal/sinus endoscopy surg
31288,Nasal/sinus endoscopy surg
31290,Nasal/sinus endoscopy surg
31291,Nasal/sinus endoscopy surg
31292,Nasal/sinus endoscopy surg
31293,Nasal/sinus endoscopy surg
31294,Nasal/sinus endoscopy surg
31299,Sinus surgery procedure
31300,Removal of larynx lesion
31320,Diagnostic incision larynx
31360,Removal of larynx
31365,Removal of larynx
31367,Partial removal of larynx
31368,Partial removal of larynx
31370,Partial removal of larynx
31375,Partial removal of larynx
31380,Partial removal of larynx
31382,Partial removal of larynx
31390,Removal of larynx & pharynx
31395,Reconstruct larynx & pharynx
31400,Revision of larynx
31420,Removal of epiglottis
31500,Insert emergency airway
31502,Change of windpipe airway
31505,Diagnostic laryngoscopy
31510,Laryngoscopy with biopsy
31511,Remove foreign body larynx
31512,Removal of larynx lesion
31513,Injection into vocal cord
31515,Laryngoscopy for aspiration
31520,Diagnostic laryngoscopy
31525,Diagnostic laryngoscopy
31526,Diagnostic laryngoscopy
31527,Laryngoscopy for treatment
31528,Laryngoscopy and dilation
31529,Laryngoscopy and dilation
31530,Operative laryngoscopy
31531,Operative laryngoscopy
31535,Operative laryngoscopy
31536,Operative laryngoscopy
31540,Operative laryngoscopy
31541,Operative laryngoscopy
31545,Remove vc lesion w/scope
31546,Remove vc lesion scope/graft
31560,Operative laryngoscopy
31561,Operative laryngoscopy
31570,Laryngoscopy with injection
31571,Laryngoscopy with injection
31575,Diagnostic laryngoscopy
31576,Laryngoscopy with biopsy
31577,Remove foreign body larynx
31578,Removal of larynx lesion
31579,Diagnostic laryngoscopy
31580,Revision of larynx
31582,Revision of larynx
31584,Treat larynx fracture
31585,Treat larynx fracture
31586,Treat larynx fracture
31587,Revision of larynx
31588,Revision of larynx
31590,Reinnervate larynx
31595,Larynx nerve surgery
31599,Larynx surgery procedure
31600,Incision of windpipe
31601,Incision of windpipe
31603,Incision of windpipe
31605,Incision of windpipe
31610,Incision of windpipe
31611,Surgery/speech prosthesis
31612,Puncture/clear windpipe
31613,Repair windpipe opening
31614,Repair windpipe opening
31615,Visualization of windpipe
31620,Endobronchial us add-on
31622,Dx bronchoscope/wash
31623,Dx bronchoscope/brush
31624,Dx bronchoscope/lavage
31625,Bronchoscopy w/biopsy(s)
31628,Bronchoscopy/lung bx each
31629,Bronchoscopy/needle bx each
31630,Bronchoscopy dilate/fx repr
31631,Bronchoscopy dilate w/stent
31632,Bronchoscopy/lung bx add?l
31633,Bronchoscopy/needle bx add?l
31635,Bronchoscopy w/fb removal
31636,Bronchoscopy bronch stents
31637,Bronchoscopy stent add-on
31638,Bronchoscopy revise stent
31640,Bronchoscopy w/tumor excise
31641,Bronchoscopy treat blockage
31643,Diag bronchoscope/catheter
31645,Bronchoscopy clear airways
31646,Bronchoscopy reclear airway
31656,Bronchoscopy inj for x-ray
31700,Insertion of airway catheter
31708,Instill airway contrast dye
31710,Insertion of airway catheter
31715,Injection for bronchus x-ray
31717,Bronchial brush biopsy
31720,Clearance of airways
31725,Clearance of airways
31730,Intro windpipe wire/tube
31750,Repair of windpipe
31755,Repair of windpipe
31760,Repair of windpipe
31766,Reconstruction of windpipe
31770,Repair/graft of bronchus
31775,Reconstruct bronchus
31780,Reconstruct windpipe
31781,Reconstruct windpipe
31785,Remove windpipe lesion
31786,Remove windpipe lesion
31800,Repair of windpipe injury
31805,Repair of windpipe injury
31820,Closure of windpipe lesion
31825,Repair of windpipe defect
31830,Revise windpipe scar
31899,Airways surgical procedure
32000,Drainage of chest
32002,Treatment of collapsed lung
32005,Treat lung lining chemically
32019,Insert pleural catheter
32020,Insertion of chest tube
32035,Exploration of chest
32036,Exploration of chest
32095,Biopsy through chest wall
32100,Exploration/biopsy of chest
32110,Explore/repair chest
32120,Re-exploration of chest
32124,Explore chest free adhesions
32140,Removal of lung lesion(s)
32141,Remove/treat lung lesions
32150,Removal of lung lesion(s)
32151,Remove lung foreign body
32160,Open chest heart massage
32200,Drain open lung lesion
32201,Drain percut lung lesion
32215,Treat chest lining
32220,Release of lung
32225,Partial release of lung
32310,Removal of chest lining
32320,Free/remove chest lining
32400,Needle biopsy chest lining
32402,Open biopsy chest lining
32405,Biopsy lung or mediastinum
32420,Puncture/clear lung
32440,Removal of lung
32442,Sleeve pneumonectomy
32445,Removal of lung
32480,Partial removal of lung
32482,Bilobectomy
32484,Segmentectomy
32486,Sleeve lobectomy
32488,Completion pneumonectomy
32491,Lung volume reduction
32500,Partial removal of lung
32501,Repair bronchus add-on
32520,Remove lung & revise chest
32522,Remove lung & revise chest
32525,Remove lung & revise chest
32540,Removal of lung lesion
32601,Thoracoscopy diagnostic
32602,Thoracoscopy diagnostic
32603,Thoracoscopy diagnostic
32604,Thoracoscopy diagnostic
32605,Thoracoscopy diagnostic
32606,Thoracoscopy diagnostic
32650,Thoracoscopy surgical
32651,Thoracoscopy surgical
32652,Thoracoscopy surgical
32653,Thoracoscopy surgical
32654,Thoracoscopy surgical
32655,Thoracoscopy surgical
32656,Thoracoscopy surgical
32657,Thoracoscopy surgical
32658,Thoracoscopy surgical
32659,Thoracoscopy surgical
32660,Thoracoscopy surgical
32661,Thoracoscopy surgical
32662,Thoracoscopy surgical
32663,Thoracoscopy surgical
32664,Thoracoscopy surgical
32665,Thoracoscopy surgical
32800,Repair lung hernia
32810,Close chest after drainage
32815,Close bronchial fistula
32820,Reconstruct injured chest
32850,Donor pneumonectomy
32851,Lung transplant single
32852,Lung transplant with bypass
32853,Lung transplant double
32854,Lung transplant with bypass
32855,Prepare donor lung single
32856,Prepare donor lung double
32900,Removal of rib(s)
32905,Revise & repair chest wall
32906,Revise & repair chest wall
32940,Revision of lung
32960,Therapeutic pneumothorax
32997,Total lung lavage
32999,Chest surgery procedure
33010,Drainage of heart sac
33011,Repeat drainage of heart sac
33015,Incision of heart sac
33020,Incision of heart sac
33025,Incision of heart sac
33030,Partial removal of heart sac
33031,Partial removal of heart sac
33050,Removal of heart sac lesion
33120,Removal of heart lesion
33130,Removal of heart lesion
33140,Heart revascularize (tmr)
33141,Heart tmr w/other procedure
33200,Insertion of heart pacemaker
33201,Insertion of heart pacemaker
33206,Insertion of heart pacemaker
33207,Insertion of heart pacemaker
33208,Insertion of heart pacemaker
33210,Insertion of heart electrode
33211,Insertion of heart electrode
33212,Insertion of pulse generator
33213,Insertion of pulse generator
33214,Upgrade of pacemaker system
33215,Reposition pacing-defib lead
33216,Insert lead pace-defib one
33217,Insert lead pace-defib dual
33218,Repair lead pace-defib one
33220,Repair lead pace-defib dual
33222,Revise pocket pacemaker
33223,Revise pocket pacing-defib
33224,Insert pacing lead & connect
33225,L ventric pacing lead add-on
33226,Reposition l ventric lead
33233,Removal of pacemaker system
33234,Removal of pacemaker system
33235,Removal pacemaker electrode
33236,Remove electrode/thoracotomy
33237,Remove electrode/thoracotomy
33238,Remove electrode/thoracotomy
33240,Insert pulse generator
33241,Remove pulse generator
33243,Remove eltrd/thoracotomy
33244,Remove eltrd transven
33245,Insert epic eltrd pace-defib
33246,Insert epic eltrd/generator
33249,Eltrd/insert pace-defib
33250,Ablate heart dysrhythm focus
33251,Ablate heart dysrhythm focus
33253,Reconstruct atria
33261,Ablate heart dysrhythm focus
33282,Implant pat-active ht record
33284,Remove pat-active ht record
33300,Repair of heart wound
33305,Repair of heart wound
33310,Exploratory heart surgery
33315,Exploratory heart surgery
33320,Repair major blood vessel(s)
33321,Repair major vessel
33322,Repair major blood vessel(s)
33330,Insert major vessel graft
33332,Insert major vessel graft
33335,Insert major vessel graft
33400,Repair of aortic valve
33401,Valvuloplasty open
33403,Valvuloplasty w/cp bypass
33404,Prepare heart-aorta conduit
33405,Replacement of aortic valve
33406,Replacement of aortic valve
33410,Replacement of aortic valve
33411,Replacement of aortic valve
33412,Replacement of aortic valve
33413,Replacement of aortic valve
33414,Repair of aortic valve
33415,Revision subvalvular tissue
33416,Revise ventricle muscle
33417,Repair of aortic valve
33420,Revision of mitral valve
33422,Revision of mitral valve
33425,Repair of mitral valve
33426,Repair of mitral valve
33427,Repair of mitral valve
33430,Replacement of mitral valve
33460,Revision of tricuspid valve
33463,Valvuloplasty tricuspid
33464,Valvuloplasty tricuspid
33465,Replace tricuspid valve
33468,Revision of tricuspid valve
33470,Revision of pulmonary valve
33471,Valvotomy pulmonary valve
33472,Revision of pulmonary valve
33474,Revision of pulmonary valve
33475,Replacement pulmonary valve
33476,Revision of heart chamber
33478,Revision of heart chamber
33496,Repair prosth valve clot
33500,Repair heart vessel fistula
33501,Repair heart vessel fistula
33502,Coronary artery correction
33503,Coronary artery graft
33504,Coronary artery graft
33505,Repair artery w/tunnel
33506,Repair artery translocation
33508,Endoscopic vein harvest
33510,CABG vein single
33511,CABG vein two
33512,CABG vein three
33513,CABG vein four
33514,CABG vein five
33516,Cabg vein six or more
33517,CABG artery-vein single
33518,CABG artery-vein two
33519,CABG artery-vein three
33521,CABG artery-vein four
33522,CABG artery-vein five
33523,Cabg art-vein six or more
33530,Coronary artery bypass/reop
33533,CABG arterial single
33534,CABG arterial two
33535,CABG arterial three
33536,Cabg arterial four or more
33542,Removal of heart lesion
33545,Repair of heart damage
33572,Open coronary endarterectomy
33600,Closure of valve
33602,Closure of valve
33606,Anastomosis/artery-aorta
33608,Repair anomaly w/conduit
33610,Repair by enlargement
33611,Repair double ventricle
33612,Repair double ventricle
33615,Repair modified fontan
33617,Repair single ventricle
33619,Repair single ventricle
33641,Repair heart septum defect
33645,Revision of heart veins
33647,Repair heart septum defects
33660,Repair of heart defects
33665,Repair of heart defects
33670,Repair of heart chambers
33681,Repair heart septum defect
33684,Repair heart septum defect
33688,Repair heart septum defect
33690,Reinforce pulmonary artery
33692,Repair of heart defects
33694,Repair of heart defects
33697,Repair of heart defects
33702,Repair of heart defects
33710,Repair of heart defects
33720,Repair of heart defect
33722,Repair of heart defect
33730,Repair heart-vein defect(s)
33732,Repair heart-vein defect
33735,Revision of heart chamber
33736,Revision of heart chamber
33737,Revision of heart chamber
33750,Major vessel shunt
33755,Major vessel shunt
33762,Major vessel shunt
33764,Major vessel shunt & graft
33766,Major vessel shunt
33767,Major vessel shunt
33770,Repair great vessels defect
33771,Repair great vessels defect
33774,Repair great vessels defect
33775,Repair great vessels defect
33776,Repair great vessels defect
33777,Repair great vessels defect
33778,Repair great vessels defect
33779,Repair great vessels defect
33780,Repair great vessels defect
33781,Repair great vessels defect
33786,Repair arterial trunk
33788,Revision of pulmonary artery
33800,Aortic suspension
33802,Repair vessel defect
33803,Repair vessel defect
33813,Repair septal defect
33814,Repair septal defect
33820,Revise major vessel
33822,Revise major vessel
33824,Revise major vessel
33840,Remove aorta constriction
33845,Remove aorta constriction
33851,Remove aorta constriction
33852,Repair septal defect
33853,Repair septal defect
33860,Ascending aortic graft
33861,Ascending aortic graft
33863,Ascending aortic graft
33870,Transverse aortic arch graft
33875,Thoracic aortic graft
33877,Thoracoabdominal graft
33910,Remove lung artery emboli
33915,Remove lung artery emboli
33916,Surgery of great vessel
33917,Repair pulmonary artery
33918,Repair pulmonary atresia
33919,Repair pulmonary atresia
33920,Repair pulmonary atresia
33922,Transect pulmonary artery
33924,Remove pulmonary shunt
33930,Removal of donor heart/lung
33933,Prepare donor heart/lung
33935,Transplantation heart/lung
33940,Removal of donor heart
33944,Prepare donor heart
33945,Transplantation of heart
33960,External circulation assist
33961,External circulation assist
33967,Insert ia percut device
33968,Remove aortic assist device
33970,Aortic circulation assist
33971,Aortic circulation assist
33973,Insert balloon device
33974,Remove intra-aortic balloon
33975,Implant ventricular device
33976,Implant ventricular device
33977,Remove ventricular device
33978,Remove ventricular device
33979,Insert intracorporeal device
33980,Remove intracorporeal device
33999,Cardiac surgery procedure
34001,Removal of artery clot
34051,Removal of artery clot
34101,Removal of artery clot
34111,Removal of arm artery clot
34151,Removal of artery clot
34201,Removal of artery clot
34203,Removal of leg artery clot
34401,Removal of vein clot
34421,Removal of vein clot
34451,Removal of vein clot
34471,Removal of vein clot
34490,Removal of vein clot
34501,Repair valve femoral vein
34502,Reconstruct vena cava
34510,Transposition of vein valve
34520,Cross-over vein graft
34530,Leg vein fusion
34800,Endovas aaa repr w/sm tube
34802,Endovas aaa repr w/2-p part
34803,Endovas aaa repr w/3-p part
34804,Endovas aaa repr w/1-p part
34805,Endovas aaa repr w/long tube
34808,Endovas iliac a device addon
34812,Xpose for endoprosth femorl
34813,Femoral endovas graft add-on
34820,Xpose for endoprosth iliac
34825,Endovasc extend prosth init
34826,Endovasc exten prosth add?l
34830,Open aortic tube prosth repr
34831,Open aortoiliac prosth repr
34832,Open aortofemor prosth repr
34833,Xpose for endoprosth iliac
34834,Xpose endoprosth brachial
34900,Endovasc iliac repr w/graft
35001,Repair defect of artery
35002,Repair artery rupture neck
35005,Repair defect of artery
35011,Repair defect of artery
35013,Repair artery rupture arm
35021,Repair defect of artery
35022,Repair artery rupture chest
35045,Repair defect of arm artery
35081,Repair defect of artery
35082,Repair artery rupture aorta
35091,Repair defect of artery
35092,Repair artery rupture aorta
35102,Repair defect of artery
35103,Repair artery rupture groin
35111,Repair defect of artery
35112,Repair artery rupturespleen
35121,Repair defect of artery
35122,Repair artery rupture belly
35131,Repair defect of artery
35132,Repair artery rupture groin
35141,Repair defect of artery
35142,Repair artery rupture thigh
35151,Repair defect of artery
35152,Repair artery rupture knee
35180,Repair blood vessel lesion
35182,Repair blood vessel lesion
35184,Repair blood vessel lesion
35188,Repair blood vessel lesion
35189,Repair blood vessel lesion
35190,Repair blood vessel lesion
35201,Repair blood vessel lesion
35206,Repair blood vessel lesion
35207,Repair blood vessel lesion
35211,Repair blood vessel lesion
35216,Repair blood vessel lesion
35221,Repair blood vessel lesion
35226,Repair blood vessel lesion
35231,Repair blood vessel lesion
35236,Repair blood vessel lesion
35241,Repair blood vessel lesion
35246,Repair blood vessel lesion
35251,Repair blood vessel lesion
35256,Repair blood vessel lesion
35261,Repair blood vessel lesion
35266,Repair blood vessel lesion
35271,Repair blood vessel lesion
35276,Repair blood vessel lesion
35281,Repair blood vessel lesion
35286,Repair blood vessel lesion
35301,Rechanneling of artery
35311,Rechanneling of artery
35321,Rechanneling of artery
35331,Rechanneling of artery
35341,Rechanneling of artery
35351,Rechanneling of artery
35355,Rechanneling of artery
35361,Rechanneling of artery
35363,Rechanneling of artery
35371,Rechanneling of artery
35372,Rechanneling of artery
35381,Rechanneling of artery
35390,Reoperation carotid add-on
35400,Angioscopy
35450,Repair arterial blockage
35452,Repair arterial blockage
35454,Repair arterial blockage
35456,Repair arterial blockage
35458,Repair arterial blockage
35459,Repair arterial blockage
35460,Repair venous blockage
35470,Repair arterial blockage
35471,Repair arterial blockage
35472,Repair arterial blockage
35473,Repair arterial blockage
35474,Repair arterial blockage
35475,Repair arterial blockage
35476,Repair venous blockage
35480,Atherectomy open
35481,Atherectomy open
35482,Atherectomy open
35483,Atherectomy open
35484,Atherectomy open
35485,Atherectomy open
35490,Atherectomy percutaneous
35491,Atherectomy percutaneous
35492,Atherectomy percutaneous
35493,Atherectomy percutaneous
35494,Atherectomy percutaneous
35495,Atherectomy percutaneous
35500,Harvest vein for bypass
35501,Artery bypass graft
35506,Artery bypass graft
35507,Artery bypass graft
35508,Artery bypass graft
35509,Artery bypass graft
35510,Artery bypass graft
35511,Artery bypass graft
35512,Artery bypass graft
35515,Artery bypass graft
35516,Artery bypass graft
35518,Artery bypass graft
35521,Artery bypass graft
35522,Artery bypass graft
35525,Artery bypass graft
35526,Artery bypass graft
35531,Artery bypass graft
35533,Artery bypass graft
35536,Artery bypass graft
35541,Artery bypass graft
35546,Artery bypass graft
35548,Artery bypass graft
35549,Artery bypass graft
35551,Artery bypass graft
35556,Artery bypass graft
35558,Artery bypass graft
35560,Artery bypass graft
35563,Artery bypass graft
35565,Artery bypass graft
35566,Artery bypass graft
35571,Artery bypass graft
35572,Harvest femoropopliteal vein
35583,Vein bypass graft
35585,Vein bypass graft
35587,Vein bypass graft
35600,Harvest artery for cabg
35601,Artery bypass graft
35606,Artery bypass graft
35612,Artery bypass graft
35616,Artery bypass graft
35621,Artery bypass graft
35623,Bypass graft not vein
35626,Artery bypass graft
35631,Artery bypass graft
35636,Artery bypass graft
35641,Artery bypass graft
35642,Artery bypass graft
35645,Artery bypass graft
35646,Artery bypass graft
35647,Artery bypass graft
35650,Artery bypass graft
35651,Artery bypass graft
35654,Artery bypass graft
35656,Artery bypass graft
35661,Artery bypass graft
35663,Artery bypass graft
35665,Artery bypass graft
35666,Artery bypass graft
35671,Artery bypass graft
35681,Composite bypass graft
35682,Composite bypass graft
35683,Composite bypass graft
35685,Bypass graft patency/patch
35686,Bypass graft/av fist patency
35691,Arterial transposition
35693,Arterial transposition
35694,Arterial transposition
35695,Arterial transposition
35697,Reimplant artery each
35700,Reoperation bypass graft
35701,Exploration carotid artery
35721,Exploration femoral artery
35741,Exploration popliteal artery
35761,Exploration of artery/vein
35800,Explore neck vessels
35820,Explore chest vessels
35840,Explore abdominal vessels
35860,Explore limb vessels
35870,Repair vessel graft defect
35875,Removal of clot in graft
35876,Removal of clot in graft
35879,Revise graft w/vein
35881,Revise graft w/vein
35901,Excision graft neck
35903,Excision graft extremity
35905,Excision graft thorax
35907,Excision graft abdomen
36000,Place needle in vein
36002,Pseudoaneurysm injection trt
36005,Injection ext venography
36010,Place catheter in vein
36011,Place catheter in vein
36012,Place catheter in vein
36013,Place catheter in artery
36014,Place catheter in artery
36015,Place catheter in artery
36100,Establish access to artery
36120,Establish access to artery
36140,Establish access to artery
36145,Artery to vein shunt
36160,Establish access to aorta
36200,Place catheter in aorta
36215,Place catheter in artery
36216,Place catheter in artery
36217,Place catheter in artery
36218,Place catheter in artery
36245,Place catheter in artery
36246,Place catheter in artery
36247,Place catheter in artery
36248,Place catheter in artery
36260,Insertion of infusion pump
36261,Revision of infusion pump
36262,Removal of infusion pump
36299,Vessel injection procedure
36400,Bl draw < 3 yrs fem/jugular
36405,Bl draw < 3 yrs scalp vein
36406,Bl draw < 3 yrs other vein
36410,Non-routine bl draw > 3 yrs
36415,Routine venipuncture
36416,Capillary blood draw
36420,Vein access cutdown < 1 yr
36425,Vein access cutdown > 1 yr
36430,Blood transfusion service
36440,Bl push transfuse 2 yr or <
36450,Bl exchange/transfuse nb
36455,Bl exchange/transfuse non-nb
36460,Transfusion service fetal
36468,Injection(s) spider veins
36469,Injection(s) spider veins
36470,Injection therapy of vein
36471,Injection therapy of veins
36475,Endovenous rf 1st vein
36476,Endovenous rf vein add-on
36478,Endovenous laser 1st vein
36479,Endovenous laser vein addon
36481,Insertion of catheter vein
36500,Insertion of catheter vein
36510,Insertion of catheter vein
36511,Apheresis wbc
36512,Apheresis rbc
36513,Apheresis platelets
36514,Apheresis plasma
36515,Apheresis adsorp/reinfuse
36516,Apheresis selective
36522,Photopheresis
36540,Collect blood venous device
36550,Declot vascular device
36555,Insert non-tunnel cv cath
36556,Insert non-tunnel cv cath
36557,Insert tunneled cv cath
36558,Insert tunneled cv cath
36560,Insert tunneled cv cath
36561,Insert tunneled cv cath
36563,Insert tunneled cv cath
36565,Insert tunneled cv cath
36566,Insert tunneled cv cath
36568,Insert picc cath
36569,Insert picc cath
36570,Insert picvad cath
36571,Insert picvad cath
36575,Repair tunneled cv cath
36576,Repair tunneled cv cath
36578,Replace tunneled cv cath
36580,Replace cvad cath
36581,Replace tunneled cv cath
36582,Replace tunneled cv cath
36583,Replace tunneled cv cath
36584,Replace picc cath
36585,Replace picvad cath
36589,Removal tunneled cv cath
36590,Removal tunneled cv cath
36595,Mech remov tunneled cv cath
36596,Mech remov tunneled cv cath
36597,Reposition venous catheter
36600,Withdrawal of arterial blood
36620,Insertion catheter artery
36625,Insertion catheter artery
36640,Insertion catheter artery
36660,Insertion catheter artery
36680,Insert needle bone cavity
36800,Insertion of cannula
36810,Insertion of cannula
36815,Insertion of cannula
36818,Av fuse uppr arm cephalic
36819,Av fuse uppr arm basilic
36820,Av fusion/forearm vein
36821,Av fusion direct any site
36822,Insertion of cannula(s)
36823,Insertion of cannula(s)
36825,Artery-vein autograft
36830,Artery-vein nonautograft
36831,Open thrombect av fistula
36832,Av fistula revision open
36833,Av fistula revision
36834,Repair A-V aneurysm
36835,Artery to vein shunt
36838,Dist revas ligation hemo
36860,External cannula declotting
36861,Cannula declotting
36870,Percut thrombect av fistula
37140,Revision of circulation
37145,Revision of circulation
37160,Revision of circulation
37180,Revision of circulation
37181,Splice spleen/kidney veins
37182,Insert hepatic shunt (tips)
37183,Remove hepatic shunt (tips)
37195,Thrombolytic therapy stroke
37200,Transcatheter biopsy
37201,Transcatheter therapy infuse
37202,Transcatheter therapy infuse
37203,Transcatheter retrieval
37204,Transcatheter occlusion
37205,Transcath iv stent percut
37206,Transcath iv stent/perc addl
37207,Transcath iv stent open
37208,Transcath iv stent/open addl
37209,Exchange arterial catheter
37215,Transcath stent cca w/eps
37216,Transcath stent cca w/o eps
37250,Iv us first vessel add-on
37251,Iv us each add vessel add-on
37500,Endoscopy ligate perf veins
37501,Vascular endoscopy procedure
37565,Ligation of neck vein
37600,Ligation of neck artery
37605,Ligation of neck artery
37606,Ligation of neck artery
37607,Ligation of a-v fistula
37609,Temporal artery procedure
37615,Ligation of neck artery
37616,Ligation of chest artery
37617,Ligation of abdomen artery
37618,Ligation of extremity artery
37620,Revision of major vein
37650,Revision of major vein
37660,Revision of major vein
37700,Revise leg vein
37720,Removal of leg vein
37730,Removal of leg veins
37735,Removal of leg veins/lesion
37760,Ligation leg veins open
37765,Phleb veins - extrem - to 20
37766,Phleb veins - extrem 20+
37780,Revision of leg vein
37785,Ligate/divide/excise vein
37788,Revascularization penis
37790,Penile venous occlusion
37799,Vascular surgery procedure
38100,Removal of spleen total
38101,Removal of spleen partial
38102,Removal of spleen total
38115,Repair of ruptured spleen
38120,Laparoscopy splenectomy
38129,Laparoscope proc spleen
38200,Injection for spleen x-ray
38204,Bl donor search management
38205,Harvest allogenic stem cells
38206,Harvest auto stem cells
38207,Cryopreserve stem cells
38208,Thaw preserved stem cells
38209,Wash harvest stem cells
38210,T-cell depletion of harvest
38211,Tumor cell deplete of harvst
38212,Rbc depletion of harvest
38213,Platelet deplete of harvest
38214,Volume deplete of harvest
38215,Harvest stem cell concentrte
38220,Bone marrow aspiration
38221,Bone marrow biopsy
38230,Bone marrow collection
38240,Bone marrow/stem transplant
38241,Bone marrow/stem transplant
38242,Lymphocyte infuse transplant
38300,Drainage lymph node lesion
38305,Drainage lymph node lesion
38308,Incision of lymph channels
38380,Thoracic duct procedure
38381,Thoracic duct procedure
38382,Thoracic duct procedure
38500,Biopsy/removal lymph nodes
38505,Needle biopsy lymph nodes
38510,Biopsy/removal lymph nodes
38520,Biopsy/removal lymph nodes
38525,Biopsy/removal lymph nodes
38530,Biopsy/removal lymph nodes
38542,Explore deep node(s) neck
38550,Removal neck/armpit lesion
38555,Removal neck/armpit lesion
38562,Removal pelvic lymph nodes
38564,Removal abdomen lymph nodes
38570,Laparoscopy lymph node biop
38571,Laparoscopy lymphadenectomy
38572,Laparoscopy lymphadenectomy
38589,Laparoscope proc lymphatic
38700,Removal of lymph nodes neck
38720,Removal of lymph nodes neck
38724,Removal of lymph nodes neck
38740,Remove armpit lymph nodes
38745,Remove armpit lymph nodes
38746,Remove thoracic lymph nodes
38747,Remove abdominal lymph nodes
38760,Remove groin lymph nodes
38765,Remove groin lymph nodes
38770,Remove pelvis lymph nodes
38780,Remove abdomen lymph nodes
38790,Inject for lymphatic x-ray
38792,Identify sentinel node
38794,Access thoracic lymph duct
38999,Blood/lymph system procedure
39000,Exploration of chest
39010,Exploration of chest
39200,Removal chest lesion
39220,Removal chest lesion
39400,Visualization of chest
39499,Chest procedure
39501,Repair diaphragm laceration
39502,Repair paraesophageal hernia
39503,Repair of diaphragm hernia
39520,Repair of diaphragm hernia
39530,Repair of diaphragm hernia
39531,Repair of diaphragm hernia
39540,Repair of diaphragm hernia
39541,Repair of diaphragm hernia
39545,Revision of diaphragm
39560,Resect diaphragm simple
39561,Resect diaphragm complex
39599,Diaphragm surgery procedure
4000F,Tobacco use txmnt counseling
4001F,Tobacco use txmnt pharmacol
4002F,Statin therapy rx
4006F,Beta-blocker therapy rx
4009F,Ace inhibitor therapy rx
4011F,Oral antiplatelet tx rx
40490,Biopsy of lip
40500,Partial excision of lip
40510,Partial excision of lip
40520,Partial excision of lip
40525,Reconstruct lip with flap
40527,Reconstruct lip with flap
40530,Partial removal of lip
40650,Repair lip
40652,Repair lip
40654,Repair lip
40700,Repair cleft lip/nasal
40701,Repair cleft lip/nasal
40702,Repair cleft lip/nasal
40720,Repair cleft lip/nasal
40761,Repair cleft lip/nasal
40799,Lip surgery procedure
40800,Drainage of mouth lesion
40801,Drainage of mouth lesion
40804,Removal foreign body mouth
40805,Removal foreign body mouth
40806,Incision of lip fold
40808,Biopsy of mouth lesion
40810,Excision of mouth lesion
40812,Excise/repair mouth lesion
40814,Excise/repair mouth lesion
40816,Excision of mouth lesion
40818,Excise oral mucosa for graft
40819,Excise lip or cheek fold
40820,Treatment of mouth lesion
40830,Repair mouth laceration
40831,Repair mouth laceration
40840,Reconstruction of mouth
40842,Reconstruction of mouth
40843,Reconstruction of mouth
40844,Reconstruction of mouth
40845,Reconstruction of mouth
40899,Mouth surgery procedure
41000,Drainage of mouth lesion
41005,Drainage of mouth lesion
41006,Drainage of mouth lesion
41007,Drainage of mouth lesion
41008,Drainage of mouth lesion
41009,Drainage of mouth lesion
41010,Incision of tongue fold
41015,Drainage of mouth lesion
41016,Drainage of mouth lesion
41017,Drainage of mouth lesion
41018,Drainage of mouth lesion
41100,Biopsy of tongue
41105,Biopsy of tongue
41108,Biopsy of floor of mouth
41110,Excision of tongue lesion
41112,Excision of tongue lesion
41113,Excision of tongue lesion
41114,Excision of tongue lesion
41115,Excision of tongue fold
41116,Excision of mouth lesion
41120,Partial removal of tongue
41130,Partial removal of tongue
41135,Tongue and neck surgery
41140,Removal of tongue
41145,Tongue removal neck surgery
41150,Tongue mouth jaw surgery
41153,Tongue mouth neck surgery
41155,Tongue jaw & neck surgery
41250,Repair tongue laceration
41251,Repair tongue laceration
41252,Repair tongue laceration
41500,Fixation of tongue
41510,Tongue to lip surgery
41520,Reconstruction tongue fold
41599,Tongue and mouth surgery
41800,Drainage of gum lesion
41805,Removal foreign body gum
41806,Removal foreign bodyjawbone
41820,Excision gum each quadrant
41821,Excision of gum flap
41822,Excision of gum lesion
41823,Excision of gum lesion
41825,Excision of gum lesion
41826,Excision of gum lesion
41827,Excision of gum lesion
41828,Excision of gum lesion
41830,Removal of gum tissue
41850,Treatment of gum lesion
41870,Gum graft
41872,Repair gum
41874,Repair tooth socket
41899,Dental surgery procedure
42000,Drainage mouth roof lesion
42100,Biopsy roof of mouth
42104,Excision lesion mouth roof
42106,Excision lesion mouth roof
42107,Excision lesion mouth roof
42120,Remove palate/lesion
42140,Excision of uvula
42145,Repair palate pharynx/uvula
42160,Treatment mouth roof lesion
42180,Repair palate
42182,Repair palate
42200,Reconstruct cleft palate
42205,Reconstruct cleft palate
42210,Reconstruct cleft palate
42215,Reconstruct cleft palate
42220,Reconstruct cleft palate
42225,Reconstruct cleft palate
42226,Lengthening of palate
42227,Lengthening of palate
42235,Repair palate
42260,Repair nose to lip fistula
42280,Preparation palate mold
42281,Insertion palate prosthesis
42299,Palate/uvula surgery
42300,Drainage of salivary gland
42305,Drainage of salivary gland
42310,Drainage of salivary gland
42320,Drainage of salivary gland
42325,Create salivary cyst drain
42326,Create salivary cyst drain
42330,Removal of salivary stone
42335,Removal of salivary stone
42340,Removal of salivary stone
42400,Biopsy of salivary gland
42405,Biopsy of salivary gland
42408,Excision of salivary cyst
42409,Drainage of salivary cyst
42410,Excise parotid gland/lesion
42415,Excise parotid gland/lesion
42420,Excise parotid gland/lesion
42425,Excise parotid gland/lesion
42426,Excise parotid gland/lesion
42440,Excise submaxillary gland
42450,Excise sublingual gland
42500,Repair salivary duct
42505,Repair salivary duct
42507,Parotid duct diversion
42508,Parotid duct diversion
42509,Parotid duct diversion
42510,Parotid duct diversion
42550,Injection for salivary x-ray
42600,Closure of salivary fistula
42650,Dilation of salivary duct
42660,Dilation of salivary duct
42665,Ligation of salivary duct
42699,Salivary surgery procedure
42700,Drainage of tonsil abscess
42720,Drainage of throat abscess
42725,Drainage of throat abscess
42800,Biopsy of throat
42802,Biopsy of throat
42804,Biopsy of upper nose/throat
42806,Biopsy of upper nose/throat
42808,Excise pharynx lesion
42809,Remove pharynx foreign body
42810,Excision of neck cyst
42815,Excision of neck cyst
42820,Remove tonsils and adenoids
42821,Remove tonsils and adenoids
42825,Removal of tonsils
42826,Removal of tonsils
42830,Removal of adenoids
42831,Removal of adenoids
42835,Removal of adenoids
42836,Removal of adenoids
42842,Extensive surgery of throat
42844,Extensive surgery of throat
42845,Extensive surgery of throat
42860,Excision of tonsil tags
42870,Excision of lingual tonsil
42890,Partial removal of pharynx
42892,Revision of pharyngeal walls
42894,Revision of pharyngeal walls
42900,Repair throat wound
42950,Reconstruction of throat
42953,Repair throat esophagus
42955,Surgical opening of throat
42960,Control throat bleeding
42961,Control throat bleeding
42962,Control throat bleeding
42970,Control nose/throat bleeding
42971,Control nose/throat bleeding
42972,Control nose/throat bleeding
42999,Throat surgery procedure
43020,Incision of esophagus
43030,Throat muscle surgery
43045,Incision of esophagus
43100,Excision of esophagus lesion
43101,Excision of esophagus lesion
43107,Removal of esophagus
43108,Removal of esophagus
43112,Removal of esophagus
43113,Removal of esophagus
43116,Partial removal of esophagus
43117,Partial removal of esophagus
43118,Partial removal of esophagus
43121,Partial removal of esophagus
43122,Partial removal of esophagus
43123,Partial removal of esophagus
43124,Removal of esophagus
43130,Removal of esophagus pouch
43135,Removal of esophagus pouch
43200,Esophagus endoscopy
43201,Esoph scope w/submucous inj
43202,Esophagus endoscopy biopsy
43204,Esoph scope w/sclerosis inj
43205,Esophagus endoscopy/ligation
43215,Esophagus endoscopy
43216,Esophagus endoscopy/lesion
43217,Esophagus endoscopy
43219,Esophagus endoscopy
43220,Esoph endoscopy dilation
43226,Esoph endoscopy dilation
43227,Esoph endoscopy repair
43228,Esoph endoscopy ablation
43231,Esoph endoscopy w/us exam
43232,Esoph endoscopy w/us fn bx
43234,Upper GI endoscopy exam
43235,Uppr gi endoscopy diagnosis
43236,Uppr gi scope w/submuc inj
43237,Endoscopic us exam esoph
43238,Uppr gi endoscopy w/us fn bx
43239,Upper GI endoscopy biopsy
43240,Esoph endoscope w/drain cyst
43241,Upper GI endoscopy with tube
43242,Uppr gi endoscopy w/us fn bx
43243,Upper gi endoscopy & inject
43244,Upper GI endoscopy/ligation
43245,Uppr gi scope dilate strictr
43246,Place gastrostomy tube
43247,Operative upper GI endoscopy
43248,Uppr gi endoscopy/guide wire
43249,Esoph endoscopy dilation
43250,Upper GI endoscopy/tumor
43251,Operative upper GI endoscopy
43255,Operative upper GI endoscopy
43256,Uppr gi endoscopy w/stent
43257,Uppr gi scope w/thrml txmnt
43258,Operative upper GI endoscopy
43259,Endoscopic ultrasound exam
43260,Endo cholangiopancreatograph
43261,Endo cholangiopancreatograph
43262,Endo cholangiopancreatograph
43263,Endo cholangiopancreatograph
43264,Endo cholangiopancreatograph
43265,Endo cholangiopancreatograph
43267,Endo cholangiopancreatograph
43268,Endo cholangiopancreatograph
43269,Endo cholangiopancreatograph
43271,Endo cholangiopancreatograph
43272,Endo cholangiopancreatograph
43280,Laparoscopy fundoplasty
43289,Laparoscope proc esoph
43300,Repair of esophagus
43305,Repair esophagus and fistula
43310,Repair of esophagus
43312,Repair esophagus and fistula
43313,Esophagoplasty congenital
43314,Tracheo-esophagoplasty cong
43320,Fuse esophagus & stomach
43324,Revise esophagus & stomach
43325,Revise esophagus & stomach
43326,Revise esophagus & stomach
43330,Repair of esophagus
43331,Repair of esophagus
43340,Fuse esophagus & intestine
43341,Fuse esophagus & intestine
43350,Surgical opening esophagus
43351,Surgical opening esophagus
43352,Surgical opening esophagus
43360,Gastrointestinal repair
43361,Gastrointestinal repair
43400,Ligate esophagus veins
43401,Esophagus surgery for veins
43405,Ligate/staple esophagus
43410,Repair esophagus wound
43415,Repair esophagus wound
43420,Repair esophagus opening
43425,Repair esophagus opening
43450,Dilate esophagus
43453,Dilate esophagus
43456,Dilate esophagus
43458,Dilate esophagus
43460,Pressure treatment esophagus
43496,Free jejunum flap microvasc
43499,Esophagus surgery procedure
43500,Surgical opening of stomach
43501,Surgical repair of stomach
43502,Surgical repair of stomach
43510,Surgical opening of stomach
43520,Incision of pyloric muscle
43600,Biopsy of stomach
43605,Biopsy of stomach
43610,Excision of stomach lesion
43611,Excision of stomach lesion
43620,Removal of stomach
43621,Removal of stomach
43622,Removal of stomach
43631,Removal of stomach partial
43632,Removal of stomach partial
43633,Removal of stomach partial
43634,Removal of stomach partial
43635,Removal of stomach partial
43638,Removal of stomach partial
43639,Removal of stomach partial
43640,Vagotomy & pylorus repair
43641,Vagotomy & pylorus repair
43644,Lap gastric bypass/roux-en-y
43645,Lap gastr bypass incl smll i
43651,Laparoscopy vagus nerve
43652,Laparoscopy vagus nerve
43653,Laparoscopy gastrostomy
43659,Laparoscope proc stom
43750,Place gastrostomy tube
43752,Nasal/orogastric w/stent
43760,Change gastrostomy tube
43761,Reposition gastrostomy tube
43800,Reconstruction of pylorus
43810,Fusion of stomach and bowel
43820,Fusion of stomach and bowel
43825,Fusion of stomach and bowel
43830,Place gastrostomy tube
43831,Place gastrostomy tube
43832,Place gastrostomy tube
43840,Repair of stomach lesion
43842,V-band gastroplasty
43843,Gastroplasty w/o v-band
43845,Gastroplasty duodenal switch
43846,Gastric bypass for obesity
43847,Gastric bypass incl small i
43848,Revision gastroplasty
43850,Revise stomach-bowel fusion
43855,Revise stomach-bowel fusion
43860,Revise stomach-bowel fusion
43865,Revise stomach-bowel fusion
43870,Repair stomach opening
43880,Repair stomach-bowel fistula
43999,Stomach surgery procedure
44005,Freeing of bowel adhesion
44010,Incision of small bowel
44015,Insert needle cath bowel
44020,Explore small intestine
44021,Decompress small bowel
44025,Incision of large bowel
44050,Reduce bowel obstruction
44055,Correct malrotation of bowel
44100,Biopsy of bowel
44110,Excise intestine lesion(s)
44111,Excision of bowel lesion(s)
44120,Removal of small intestine
44121,Removal of small intestine
44125,Removal of small intestine
44126,Enterectomy w/o taper cong
44127,Enterectomy w/taper cong
44128,Enterectomy cong add-on
44130,Bowel to bowel fusion
44132,Enterectomy cadaver donor
44133,Enterectomy live donor
44135,Intestine transplnt cadaver
44136,Intestine transplant live
44137,Remove intestinal allograft
44139,Mobilization of colon
44140,Partial removal of colon
44141,Partial removal of colon
44143,Partial removal of colon
44144,Partial removal of colon
44145,Partial removal of colon
44146,Partial removal of colon
44147,Partial removal of colon
44150,Removal of colon
44151,Removal of colon/ileostomy
44152,Removal of colon/ileostomy
44153,Removal of colon/ileostomy
44155,Removal of colon/ileostomy
44156,Removal of colon/ileostomy
44160,Removal of colon
44200,Laparoscopy enterolysis
44201,Laparoscopy jejunostomy
44202,Lap resect s/intestine singl
44203,Lap resect s/intestine addl
44204,Laparo partial colectomy
44205,Lap colectomy part w/ileum
44206,Lap part colectomy w/stoma
44207,L colectomy/coloproctostomy
44208,L colectomy/coloproctostomy
44210,Laparo total proctocolectomy
44211,Laparo total proctocolectomy
44212,Laparo total proctocolectomy
44238,Laparoscope proc intestine
44239,Laparoscope proc rectum
44300,Open bowel to skin
44310,Ileostomy/jejunostomy
44312,Revision of ileostomy
44314,Revision of ileostomy
44316,Devise bowel pouch
44320,Colostomy
44322,Colostomy with biopsies
44340,Revision of colostomy
44345,Revision of colostomy
44346,Revision of colostomy
44360,Small bowel endoscopy
44361,Small bowel endoscopy/biopsy
44363,Small bowel endoscopy
44364,Small bowel endoscopy
44365,Small bowel endoscopy
44366,Small bowel endoscopy
44369,Small bowel endoscopy
44370,Small bowel endoscopy/stent
44372,Small bowel endoscopy
44373,Small bowel endoscopy
44376,Small bowel endoscopy
44377,Small bowel endoscopy/biopsy
44378,Small bowel endoscopy
44379,S bowel endoscope w/stent
44380,Small bowel endoscopy
44382,Small bowel endoscopy
44383,Ileoscopy w/stent
44385,Endoscopy of bowel pouch
44386,Endoscopy bowel pouch/biop
44388,Colonoscopy
44389,Colonoscopy with biopsy
44390,Colonoscopy for foreign body
44391,Colonoscopy for bleeding
44392,Colonoscopy & polypectomy
44393,Colonoscopy lesion removal
44394,Colonoscopy w/snare
44397,Colonoscopy w/stent
44500,Intro gastrointestinal tube
44602,Suture small intestine
44603,Suture small intestine
44604,Suture large intestine
44605,Repair of bowel lesion
44615,Intestinal stricturoplasty
44620,Repair bowel opening
44625,Repair bowel opening
44626,Repair bowel opening
44640,Repair bowel-skin fistula
44650,Repair bowel fistula
44660,Repair bowel-bladder fistula
44661,Repair bowel-bladder fistula
44680,Surgical revision intestine
44700,Suspend bowel w/prosthesis
44701,Intraop colon lavage add-on
44715,Prepare donor intestine
44720,Prep donor intestine/venous
44721,Prep donor intestine/artery
44799,Unlisted procedure intestine
44800,Excision of bowel pouch
44820,Excision of mesentery lesion
44850,Repair of mesentery
44899,Bowel surgery procedure
44900,Drain app abscess open
44901,Drain app abscess percut
44950,Appendectomy
44955,Appendectomy add-on
44960,Appendectomy
44970,Laparoscopy appendectomy
44979,Laparoscope proc app
45000,Drainage of pelvic abscess
45005,Drainage of rectal abscess
45020,Drainage of rectal abscess
45100,Biopsy of rectum
45108,Removal of anorectal lesion
45110,Removal of rectum
45111,Partial removal of rectum
45112,Removal of rectum
45113,Partial proctectomy
45114,Partial removal of rectum
45116,Partial removal of rectum
45119,Remove rectum w/reservoir
45120,Removal of rectum
45121,Removal of rectum and colon
45123,Partial proctectomy
45126,Pelvic exenteration
45130,Excision of rectal prolapse
45135,Excision of rectal prolapse
45136,Excise ileoanal reservior
45150,Excision of rectal stricture
45160,Excision of rectal lesion
45170,Excision of rectal lesion
45190,Destruction rectal tumor
45300,Proctosigmoidoscopy dx
45303,Proctosigmoidoscopy dilate
45305,Proctosigmoidoscopy w/bx
45307,Proctosigmoidoscopy fb
45308,Proctosigmoidoscopy removal
45309,Proctosigmoidoscopy removal
45315,Proctosigmoidoscopy removal
45317,Proctosigmoidoscopy bleed
45320,Proctosigmoidoscopy ablate
45321,Proctosigmoidoscopy volvul
45327,Proctosigmoidoscopy w/stent
45330,Diagnostic sigmoidoscopy
45331,Sigmoidoscopy and biopsy
45332,Sigmoidoscopy w/fb removal
45333,Sigmoidoscopy & polypectomy
45334,Sigmoidoscopy for bleeding
45335,Sigmoidoscopy w/submuc inj
45337,Sigmoidoscopy & decompress
45338,Sigmoidoscopy w/tumr remove
45339,Sigmoidoscopy w/ablate tumr
45340,Sig w/balloon dilation
45341,Sigmoidoscopy w/ultrasound
45342,Sigmoidoscopy w/us guide bx
45345,Sigmoidoscopy w/stent
45355,Surgical colonoscopy
45378,Diagnostic colonoscopy
45379,Colonoscopy w/fb removal
45380,Colonoscopy and biopsy
45381,Colonoscopy submucous inj
45382,Colonoscopy/control bleeding
45383,Lesion removal colonoscopy
45384,Lesion remove colonoscopy
45385,Lesion removal colonoscopy
45386,Colonoscopy dilate stricture
45387,Colonoscopy w/stent
45391,Colonoscopy w/endoscope us
45392,Colonoscopy w/endoscopic fnb
45500,Repair of rectum
45505,Repair of rectum
45520,Treatment of rectal prolapse
45540,Correct rectal prolapse
45541,Correct rectal prolapse
45550,Repair rectum/remove sigmoid
45560,Repair of rectocele
45562,Exploration/repair of rectum
45563,Exploration/repair of rectum
45800,Repair rect/bladder fistula
45805,Repair fistula w/colostomy
45820,Repair rectourethral fistula
45825,Repair fistula w/colostomy
45900,Reduction of rectal prolapse
45905,Dilation of anal sphincter
45910,Dilation of rectal narrowing
45915,Remove rectal obstruction
45999,Rectum surgery procedure
46020,Placement of seton
46030,Removal of rectal marker
46040,Incision of rectal abscess
46045,Incision of rectal abscess
46050,Incision of anal abscess
46060,Incision of rectal abscess
46070,Incision of anal septum
46080,Incision of anal sphincter
46083,Incise external hemorrhoid
46200,Removal of anal fissure
46210,Removal of anal crypt
46211,Removal of anal crypts
46220,Removal of anal tag
46221,Ligation of hemorrhoid(s)
46230,Removal of anal tags
46250,Hemorrhoidectomy
46255,Hemorrhoidectomy
46257,Remove hemorrhoids & fissure
46258,Remove hemorrhoids & fistula
46260,Hemorrhoidectomy
46261,Remove hemorrhoids & fissure
46262,Remove hemorrhoids & fistula
46270,Removal of anal fistula
46275,Removal of anal fistula
46280,Removal of anal fistula
46285,Removal of anal fistula
46288,Repair anal fistula
46320,Removal of hemorrhoid clot
46500,Injection into hemorrhoid(s)
46600,Diagnostic anoscopy
46604,Anoscopy and dilation
46606,Anoscopy and biopsy
46608,Anoscopy remove for body
46610,Anoscopy remove lesion
46611,Anoscopy
46612,Anoscopy remove lesions
46614,Anoscopy control bleeding
46615,Anoscopy
46700,Repair of anal stricture
46705,Repair of anal stricture
46706,Repr of anal fistula w/glue
46715,Rep perf anoper fistu
46716,Rep perf anoper/vestib fistu
46730,Construction of absent anus
46735,Construction of absent anus
46740,Construction of absent anus
46742,Repair of imperforated anus
46744,Repair of cloacal anomaly
46746,Repair of cloacal anomaly
46748,Repair of cloacal anomaly
46750,Repair of anal sphincter
46751,Repair of anal sphincter
46753,Reconstruction of anus
46754,Removal of suture from anus
46760,Repair of anal sphincter
46761,Repair of anal sphincter
46762,Implant artificial sphincter
46900,Destruction anal lesion(s)
46910,Destruction anal lesion(s)
46916,Cryosurgery anal lesion(s)
46917,Laser surgery anal lesions
46922,Excision of anal lesion(s)
46924,Destruction anal lesion(s)
46934,Destruction of hemorrhoids
46935,Destruction of hemorrhoids
46936,Destruction of hemorrhoids
46937,Cryotherapy of rectal lesion
46938,Cryotherapy of rectal lesion
46940,Treatment of anal fissure
46942,Treatment of anal fissure
46945,Ligation of hemorrhoids
46946,Ligation of hemorrhoids
46947,Hemorrhoidopexy by stapling
46999,Anus surgery procedure
47000,Needle biopsy of liver
47001,Needle biopsy liver add-on
47010,Open drainage liver lesion
47011,Percut drain liver lesion
47015,Inject/aspirate liver cyst
47100,Wedge biopsy of liver
47120,Partial removal of liver
47122,Extensive removal of liver
47125,Partial removal of liver
47130,Partial removal of liver
47133,Removal of donor liver
47135,Transplantation of liver
47136,Transplantation of liver
47140,Partial removal donor liver
47141,Partial removal donor liver
47142,Partial removal donor liver
47143,Prep donor liver whole
47144,Prep donor liver 3-segment
47145,Prep donor liver lobe split
47146,Prep donor liver/venous
47147,Prep donor liver/arterial
47300,Surgery for liver lesion
47350,Repair liver wound
47360,Repair liver wound
47361,Repair liver wound
47362,Repair liver wound
47370,Laparo ablate liver tumor rf
47371,Laparo ablate liver cryosurg
47379,Laparoscope procedure liver
47380,Open ablate liver tumor rf
47381,Open ablate liver tumor cryo
47382,Percut ablate liver rf
47399,Liver surgery procedure
47400,Incision of liver duct
47420,Incision of bile duct
47425,Incision of bile duct
47460,Incise bile duct sphincter
47480,Incision of gallbladder
47490,Incision of gallbladder
47500,Injection for liver x-rays
47505,Injection for liver x-rays
47510,Insert catheter bile duct
47511,Insert bile duct drain
47525,Change bile duct catheter
47530,Revise/reinsert bile tube
47550,Bile duct endoscopy add-on
47552,Biliary endoscopy thru skin
47553,Biliary endoscopy thru skin
47554,Biliary endoscopy thru skin
47555,Biliary endoscopy thru skin
47556,Biliary endoscopy thru skin
47560,Laparoscopy w/cholangio
47561,Laparo w/cholangio/biopsy
47562,Laparoscopic cholecystectomy
47563,Laparo cholecystectomy/graph
47564,Laparo cholecystectomy/explr
47570,Laparo cholecystoenterostomy
47579,Laparoscope proc biliary
47600,Removal of gallbladder
47605,Removal of gallbladder
47610,Removal of gallbladder
47612,Removal of gallbladder
47620,Removal of gallbladder
47630,Remove bile duct stone
47700,Exploration of bile ducts
47701,Bile duct revision
47711,Excision of bile duct tumor
47712,Excision of bile duct tumor
47715,Excision of bile duct cyst
47716,Fusion of bile duct cyst
47720,Fuse gallbladder & bowel
47721,Fuse upper gi structures
47740,Fuse gallbladder & bowel
47741,Fuse gallbladder & bowel
47760,Fuse bile ducts and bowel
47765,Fuse liver ducts & bowel
47780,Fuse bile ducts and bowel
47785,Fuse bile ducts and bowel
47800,Reconstruction of bile ducts
47801,Placement bile duct support
47802,Fuse liver duct & intestine
47900,Suture bile duct injury
47999,Bile tract surgery procedure
48000,Drainage of abdomen
48001,Placement of drain pancreas
48005,Resect/debride pancreas
48020,Removal of pancreatic stone
48100,Biopsy of pancreas open
48102,Needle biopsy pancreas
48120,Removal of pancreas lesion
48140,Partial removal of pancreas
48145,Partial removal of pancreas
48146,Pancreatectomy
48148,Removal of pancreatic duct
48150,Partial removal of pancreas
48152,Pancreatectomy
48153,Pancreatectomy
48154,Pancreatectomy
48155,Removal of pancreas
48160,Pancreas removal/transplant
48180,Fuse pancreas and bowel
48400,Injection intraop add-on
48500,Surgery of pancreatic cyst
48510,Drain pancreatic pseudocyst
48511,Drain pancreatic pseudocyst
48520,Fuse pancreas cyst and bowel
48540,Fuse pancreas cyst and bowel
48545,Pancreatorrhaphy
48547,Duodenal exclusion
48550,Donor pancreatectomy
48551,Prep donor pancreas
48552,Prep donor pancreas/venous
48554,Transpl allograft pancreas
48556,Removal allograft pancreas
48999,Pancreas surgery procedure
49000,Exploration of abdomen
49002,Reopening of abdomen
49010,Exploration behind abdomen
49020,Drain abdominal abscess
49021,Drain abdominal abscess
49040,Drain open abdom abscess
49041,Drain percut abdom abscess
49060,Drain open retrop abscess
49061,Drain percut retroper absc
49062,Drain to peritoneal cavity
49080,Puncture peritoneal cavity
49081,Removal of abdominal fluid
49085,Remove abdomen foreign body
49180,Biopsy abdominal mass
49200,Removal of abdominal lesion
49201,Remove abdom lesion complex
49215,Excise sacral spine tumor
49220,Multiple surgery abdomen
49250,Excision of umbilicus
49255,Removal of omentum
49320,Diag laparo separate proc
49321,Laparoscopy biopsy
49322,Laparoscopy aspiration
49323,Laparo drain lymphocele
49329,Laparo proc abdm/per/oment
49400,Air injection into abdomen
49419,Insrt abdom cath for chemotx
49420,Insert abdom drain temp
49421,Insert abdom drain perm
49422,Remove perm cannula/catheter
49423,Exchange drainage catheter
49424,Assess cyst contrast inject
49425,Insert abdomen-venous drain
49426,Revise abdomen-venous shunt
49427,Injection abdominal shunt
49428,Ligation of shunt
49429,Removal of shunt
49491,Rpr hern preemie reduc
49492,Rpr ing hern premie blocked
49495,Rpr ing hernia baby reduc
49496,Rpr ing hernia baby blocked
49500,Rpr ing hernia init reduce
49501,Rpr ing hernia init blocked
49505,Prp i/hern init reduc >5 yr
49507,Prp i/hern init block >5 yr
49520,Rerepair ing hernia reduce
49521,Rerepair ing hernia blocked
49525,Repair ing hernia sliding
49540,Repair lumbar hernia
49550,Rpr rem hernia init reduce
49553,Rpr fem hernia init blocked
49555,Rerepair fem hernia reduce
49557,Rerepair fem hernia blocked
49560,Rpr ventral hern init reduc
49561,Rpr ventral hern init block
49565,Rerepair ventrl hern reduce
49566,Rerepair ventrl hern block
49568,Hernia repair w/mesh
49570,Rpr epigastric hern reduce
49572,Rpr epigastric hern blocked
49580,Rpr umbil hern reduc < 5 yr
49582,Rpr umbil hern block < 5 yr
49585,Rpr umbil hern reduc > 5 yr
49587,Rpr umbil hern block > 5 yr
49590,Repair spigelian hernia
49600,Repair umbilical lesion
49605,Repair umbilical lesion
49606,Repair umbilical lesion
49610,Repair umbilical lesion
49611,Repair umbilical lesion
49650,Laparo hernia repair initial
49651,Laparo hernia repair recur
49659,Laparo proc hernia repair
49900,Repair of abdominal wall
49904,Omental flap extra-abdom
49905,Omental flap intra-abdom
49906,Free omental flap microvasc
49999,Abdomen surgery procedure
50010,Exploration of kidney
50020,Renal abscess open drain
50021,Renal abscess percut drain
50040,Drainage of kidney
50045,Exploration of kidney
50060,Removal of kidney stone
50065,Incision of kidney
50070,Incision of kidney
50075,Removal of kidney stone
50080,Removal of kidney stone
50081,Removal of kidney stone
50100,Revise kidney blood vessels
50120,Exploration of kidney
50125,Explore and drain kidney
50130,Removal of kidney stone
50135,Exploration of kidney
50200,Biopsy of kidney
50205,Biopsy of kidney
50220,Remove kidney open
50225,Removal kidney open complex
50230,Removal kidney open radical
50234,Removal of kidney & ureter
50236,Removal of kidney & ureter
50240,Partial removal of kidney
50280,Removal of kidney lesion
50290,Removal of kidney lesion
50300,Remove cadaver donor kidney
50320,Remove kidney living donor
50323,Prep cadaver renal allograft
50325,Prep donor renal graft
50327,Prep renal graft/venous
50328,Prep renal graft/arterial
50329,Prep renal graft/ureteral
50340,Removal of kidney
50360,Transplantation of kidney
50365,Transplantation of kidney
50370,Remove transplanted kidney
50380,Reimplantation of kidney
50390,Drainage of kidney lesion
50391,Instll rx agnt into rnal tub
50392,Insert kidney drain
50393,Insert ureteral tube
50394,Injection for kidney x-ray
50395,Create passage to kidney
50396,Measure kidney pressure
50398,Change kidney tube
50400,Revision of kidney/ureter
50405,Revision of kidney/ureter
50500,Repair of kidney wound
50520,Close kidney-skin fistula
50525,Repair renal-abdomen fistula
50526,Repair renal-abdomen fistula
50540,Revision of horseshoe kidney
50541,Laparo ablate renal cyst
50542,Laparo ablate renal mass
50543,Laparo partial nephrectomy
50544,Laparoscopy pyeloplasty
50545,Laparo radical nephrectomy
50546,Laparoscopic nephrectomy
50547,Laparo removal donor kidney
50548,Laparo remove w/ureter
50549,Laparoscope proc renal
50551,Kidney endoscopy
50553,Kidney endoscopy
50555,Kidney endoscopy & biopsy
50557,Kidney endoscopy & treatment
50561,Kidney endoscopy & treatment
50562,Renal scope w/tumor resect
50570,Kidney endoscopy
50572,Kidney endoscopy
50574,Kidney endoscopy & biopsy
50575,Kidney endoscopy
50576,Kidney endoscopy & treatment
50580,Kidney endoscopy & treatment
50590,Fragmenting of kidney stone
50600,Exploration of ureter
50605,Insert ureteral support
50610,Removal of ureter stone
50620,Removal of ureter stone
50630,Removal of ureter stone
50650,Removal of ureter
50660,Removal of ureter
50684,Injection for ureter x-ray
50686,Measure ureter pressure
50688,Change of ureter tube
50690,Injection for ureter x-ray
50700,Revision of ureter
50715,Release of ureter
50722,Release of ureter
50725,Release/revise ureter
50727,Revise ureter
50728,Revise ureter
50740,Fusion of ureter & kidney
50750,Fusion of ureter & kidney
50760,Fusion of ureters
50770,Splicing of ureters
50780,Reimplant ureter in bladder
50782,Reimplant ureter in bladder
50783,Reimplant ureter in bladder
50785,Reimplant ureter in bladder
50800,Implant ureter in bowel
50810,Fusion of ureter & bowel
50815,Urine shunt to intestine
50820,Construct bowel bladder
50825,Construct bowel bladder
50830,Revise urine flow
50840,Replace ureter by bowel
50845,Appendico-vesicostomy
50860,Transplant ureter to skin
50900,Repair of ureter
50920,Closure ureter/skin fistula
50930,Closure ureter/bowel fistula
50940,Release of ureter
50945,Laparoscopy ureterolithotomy
50947,Laparo new ureter/bladder
50948,Laparo new ureter/bladder
50949,Laparoscope proc ureter
50951,Endoscopy of ureter
50953,Endoscopy of ureter
50955,Ureter endoscopy & biopsy
50957,Ureter endoscopy & treatment
50961,Ureter endoscopy & treatment
50970,Ureter endoscopy
50972,Ureter endoscopy & catheter
50974,Ureter endoscopy & biopsy
50976,Ureter endoscopy & treatment
50980,Ureter endoscopy & treatment
51000,Drainage of bladder
51005,Drainage of bladder
51010,Drainage of bladder
51020,Incise & treat bladder
51030,Incise & treat bladder
51040,Incise & drain bladder
51045,Incise bladder/drain ureter
51050,Removal of bladder stone
51060,Removal of ureter stone
51065,Remove ureter calculus
51080,Drainage of bladder abscess
51500,Removal of bladder cyst
51520,Removal of bladder lesion
51525,Removal of bladder lesion
51530,Removal of bladder lesion
51535,Repair of ureter lesion
51550,Partial removal of bladder
51555,Partial removal of bladder
51565,Revise bladder & ureter(s)
51570,Removal of bladder
51575,Removal of bladder & nodes
51580,Remove bladder/revise tract
51585,Removal of bladder & nodes
51590,Remove bladder/revise tract
51595,Remove bladder/revise tract
51596,Remove bladder/create pouch
51597,Removal of pelvic structures
51600,Injection for bladder x-ray
51605,Preparation for bladder xray
51610,Injection for bladder x-ray
51700,Irrigation of bladder
51701,Insert bladder catheter
51702,Insert temp bladder cath
51703,Insert bladder cath complex
51705,Change of bladder tube
51710,Change of bladder tube
51715,Endoscopic injection/implant
51720,Treatment of bladder lesion
51725,Simple cystometrogram
51726,Complex cystometrogram
51736,Urine flow measurement
51741,Electro-uroflowmetry first
51772,Urethra pressure profile
51784,Anal/urinary muscle study
51785,Anal/urinary muscle study
51792,Urinary reflex study
51795,Urine voiding pressure study
51797,Intraabdominal pressure test
51798,Us urine capacity measure
51800,Revision of bladder/urethra
51820,Revision of urinary tract
51840,Attach bladder/urethra
51841,Attach bladder/urethra
51845,Repair bladder neck
51860,Repair of bladder wound
51865,Repair of bladder wound
51880,Repair of bladder opening
51900,Repair bladder/vagina lesion
51920,Close bladder-uterus fistula
51925,Hysterectomy/bladder repair
51940,Correction of bladder defect
51960,Revision of bladder & bowel
51980,Construct bladder opening
51990,Laparo urethral suspension
51992,Laparo sling operation
52000,Cystoscopy
52001,Cystoscopy removal of clots
52005,Cystoscopy & ureter catheter
52007,Cystoscopy and biopsy
52010,Cystoscopy & duct catheter
52204,Cystoscopy
52214,Cystoscopy and treatment
52224,Cystoscopy and treatment
52234,Cystoscopy and treatment
52235,Cystoscopy and treatment
52240,Cystoscopy and treatment
52250,Cystoscopy and radiotracer
52260,Cystoscopy and treatment
52265,Cystoscopy and treatment
52270,Cystoscopy & revise urethra
52275,Cystoscopy & revise urethra
52276,Cystoscopy and treatment
52277,Cystoscopy and treatment
52281,Cystoscopy and treatment
52282,Cystoscopy implant stent
52283,Cystoscopy and treatment
52285,Cystoscopy and treatment
52290,Cystoscopy and treatment
52300,Cystoscopy and treatment
52301,Cystoscopy and treatment
52305,Cystoscopy and treatment
52310,Cystoscopy and treatment
52315,Cystoscopy and treatment
52317,Remove bladder stone
52318,Remove bladder stone
52320,Cystoscopy and treatment
52325,Cystoscopy stone removal
52327,Cystoscopy inject material
52330,Cystoscopy and treatment
52332,Cystoscopy and treatment
52334,Create passage to kidney
52341,Cysto w/ureter stricture tx
52342,Cysto w/up stricture tx
52343,Cysto w/renal stricture tx
52344,Cysto/uretero stricture tx
52345,Cysto/uretero w/up stricture
52346,Cystouretero w/renal strict
52351,Cystouretero & or pyeloscope
52352,Cystouretero w/stone remove
52353,Cystouretero w/lithotripsy
52354,Cystouretero w/biopsy
52355,Cystouretero w/excise tumor
52400,Cystouretero w/congen repr
52402,Cystourethro cut ejacul duct
52450,Incision of prostate
52500,Revision of bladder neck
52510,Dilation prostatic urethra
52601,Prostatectomy (TURP)
52606,Control postop bleeding
52612,Prostatectomy first stage
52614,Prostatectomy second stage
52620,Remove residual prostate
52630,Remove prostate regrowth
52640,Relieve bladder contracture
52647,Laser surgery of prostate
52648,Laser surgery of prostate
52700,Drainage of prostate abscess
53000,Incision of urethra
53010,Incision of urethra
53020,Incision of urethra
53025,Incision of urethra
53040,Drainage of urethra abscess
53060,Drainage of urethra abscess
53080,Drainage of urinary leakage
53085,Drainage of urinary leakage
53200,Biopsy of urethra
53210,Removal of urethra
53215,Removal of urethra
53220,Treatment of urethra lesion
53230,Removal of urethra lesion
53235,Removal of urethra lesion
53240,Surgery for urethra pouch
53250,Removal of urethra gland
53260,Treatment of urethra lesion
53265,Treatment of urethra lesion
53270,Removal of urethra gland
53275,Repair of urethra defect
53400,Revise urethra stage 1
53405,Revise urethra stage 2
53410,Reconstruction of urethra
53415,Reconstruction of urethra
53420,Reconstruct urethra stage 1
53425,Reconstruct urethra stage 2
53430,Reconstruction of urethra
53431,Reconstruct urethra/bladder
53440,Male sling procedure
53442,Remove/revise male sling
53444,Insert tandem cuff
53445,Insert uro/ves nck sphincter
53446,Remove uro sphincter
53447,Remove/replace ur sphincter
53448,Remov/replc ur sphinctr comp
53449,Repair uro sphincter
53450,Revision of urethra
53460,Revision of urethra
53500,Urethrlys transvag w/ scope
53502,Repair of urethra injury
53505,Repair of urethra injury
53510,Repair of urethra injury
53515,Repair of urethra injury
53520,Repair of urethra defect
53600,Dilate urethra stricture
53601,Dilate urethra stricture
53605,Dilate urethra stricture
53620,Dilate urethra stricture
53621,Dilate urethra stricture
53660,Dilation of urethra
53661,Dilation of urethra
53665,Dilation of urethra
53850,Prostatic microwave thermotx
53852,Prostatic rf thermotx
53853,Prostatic water thermother
53899,Urology surgery procedure
54000,Slitting of prepuce
54001,Slitting of prepuce
54015,Drain penis lesion
54050,Destruction penis lesion(s)
54055,Destruction penis lesion(s)
54056,Cryosurgery penis lesion(s)
54057,Laser surg penis lesion(s)
54060,Excision of penis lesion(s)
54065,Destruction penis lesion(s)
54100,Biopsy of penis
54105,Biopsy of penis
54110,Treatment of penis lesion
54111,Treat penis lesion graft
54112,Treat penis lesion graft
54115,Treatment of penis lesion
54120,Partial removal of penis
54125,Removal of penis
54130,Remove penis & nodes
54135,Remove penis & nodes
54150,Circumcision
54152,Circumcision
54160,Circumcision
54161,Circumcision
54162,Lysis penil circumic lesion
54163,Repair of circumcision
54164,Frenulotomy of penis
54200,Treatment of penis lesion
54205,Treatment of penis lesion
54220,Treatment of penis lesion
54230,Prepare penis study
54231,Dynamic cavernosometry
54235,Penile injection
54240,Penis study
54250,Penis study
54300,Revision of penis
54304,Revision of penis
54308,Reconstruction of urethra
54312,Reconstruction of urethra
54316,Reconstruction of urethra
54318,Reconstruction of urethra
54322,Reconstruction of urethra
54324,Reconstruction of urethra
54326,Reconstruction of urethra
54328,Revise penis/urethra
54332,Revise penis/urethra
54336,Revise penis/urethra
54340,Secondary urethral surgery
54344,Secondary urethral surgery
54348,Secondary urethral surgery
54352,Reconstruct urethra/penis
54360,Penis plastic surgery
54380,Repair penis
54385,Repair penis
54390,Repair penis and bladder
54400,Insert semi-rigid prosthesis
54401,Insert self-contd prosthesis
54405,Insert multi-comp penis pros
54406,Remove muti-comp penis pros
54408,Repair multi-comp penis pros
54410,Remove/replace penis prosth
54411,Remov/replc penis pros comp
54415,Remove self-contd penis pros
54416,Remv/repl penis contain pros
54417,Remv/replc penis pros compl
54420,Revision of penis
54430,Revision of penis
54435,Revision of penis
54440,Repair of penis
54450,Preputial stretching
54500,Biopsy of testis
54505,Biopsy of testis
54512,Excise lesion testis
54520,Removal of testis
54522,Orchiectomy partial
54530,Removal of testis
54535,Extensive testis surgery
54550,Exploration for testis
54560,Exploration for testis
54600,Reduce testis torsion
54620,Suspension of testis
54640,Suspension of testis
54650,Orchiopexy (Fowler-Stephens)
54660,Revision of testis
54670,Repair testis injury
54680,Relocation of testis(es)
54690,Laparoscopy orchiectomy
54692,Laparoscopy orchiopexy
54699,Laparoscope proc testis
54700,Drainage of scrotum
54800,Biopsy of epididymis
54820,Exploration of epididymis
54830,Remove epididymis lesion
54840,Remove epididymis lesion
54860,Removal of epididymis
54861,Removal of epididymis
54900,Fusion of spermatic ducts
54901,Fusion of spermatic ducts
55000,Drainage of hydrocele
55040,Removal of hydrocele
55041,Removal of hydroceles
55060,Repair of hydrocele
55100,Drainage of scrotum abscess
55110,Explore scrotum
55120,Removal of scrotum lesion
55150,Removal of scrotum
55175,Revision of scrotum
55180,Revision of scrotum
55200,Incision of sperm duct
55250,Removal of sperm duct(s)
55300,Prepare sperm duct x-ray
55400,Repair of sperm duct
55450,Ligation of sperm duct
55500,Removal of hydrocele
55520,Removal of sperm cord lesion
55530,Revise spermatic cord veins
55535,Revise spermatic cord veins
55540,Revise hernia & sperm veins
55550,Laparo ligate spermatic vein
55559,Laparo proc spermatic cord
55600,Incise sperm duct pouch
55605,Incise sperm duct pouch
55650,Remove sperm duct pouch
55680,Remove sperm pouch lesion
55700,Biopsy of prostate
55705,Biopsy of prostate
55720,Drainage of prostate abscess
55725,Drainage of prostate abscess
55801,Removal of prostate
55810,Extensive prostate surgery
55812,Extensive prostate surgery
55815,Extensive prostate surgery
55821,Removal of prostate
55831,Removal of prostate
55840,Extensive prostate surgery
55842,Extensive prostate surgery
55845,Extensive prostate surgery
55859,Percut/needle insert pros
55860,Surgical exposure prostate
55862,Extensive prostate surgery
55865,Extensive prostate surgery
55866,Laparo radical prostatectomy
55870,Electroejaculation
55873,Cryoablate prostate
55899,Genital surgery procedure
55970,Sex transformation M to F
55980,Sex transformation F to M
56405,I & D of vulva/perineum
56420,Drainage of gland abscess
56440,Surgery for vulva lesion
56441,Lysis of labial lesion(s)
56501,Destroy vulva lesions sim
56515,Destroy vulva lesion/s compl
56605,Biopsy of vulva/perineum
56606,Biopsy of vulva/perineum
56620,Partial removal of vulva
56625,Complete removal of vulva
56630,Extensive vulva surgery
56631,Extensive vulva surgery
56632,Extensive vulva surgery
56633,Extensive vulva surgery
56634,Extensive vulva surgery
56637,Extensive vulva surgery
56640,Extensive vulva surgery
56700,Partial removal of hymen
56720,Incision of hymen
56740,Remove vagina gland lesion
56800,Repair of vagina
56805,Repair clitoris
56810,Repair of perineum
56820,Exam of vulva w/scope
56821,Exam/biopsy of vulva w/scope
57000,Exploration of vagina
57010,Drainage of pelvic abscess
57020,Drainage of pelvic fluid
57022,I & d vaginal hematoma pp
57023,I & d vag hematoma non-ob
57061,Destroy vag lesions simple
57065,Destroy vag lesions complex
57100,Biopsy of vagina
57105,Biopsy of vagina
57106,Remove vagina wall partial
57107,Remove vagina tissue part
57109,Vaginectomy partial w/nodes
57110,Remove vagina wall complete
57111,Remove vagina tissue compl
57112,Vaginectomy w/nodes compl
57120,Closure of vagina
57130,Remove vagina lesion
57135,Remove vagina lesion
57150,Treat vagina infection
57155,Insert uteri tandems/ovoids
57160,Insert pessary/other device
57170,Fitting of diaphragm/cap
57180,Treat vaginal bleeding
57200,Repair of vagina
57210,Repair vagina/perineum
57220,Revision of urethra
57230,Repair of urethral lesion
57240,Repair bladder & vagina
57250,Repair rectum & vagina
57260,Repair of vagina
57265,Extensive repair of vagina
57267,Insert mesh/pelvic flr addon
57268,Repair of bowel bulge
57270,Repair of bowel pouch
57280,Suspension of vagina
57282,Colpopexy extraperitoneal
57283,Colpopexy intraperitoneal
57284,Repair paravaginal defect
57287,Revise/remove sling repair
57288,Repair bladder defect
57289,Repair bladder & vagina
57291,Construction of vagina
57292,Construct vagina with graft
57300,Repair rectum-vagina fistula
57305,Repair rectum-vagina fistula
57307,Fistula repair & colostomy
57308,Fistula repair transperine
57310,Repair urethrovaginal lesion
57311,Repair urethrovaginal lesion
57320,Repair bladder-vagina lesion
57330,Repair bladder-vagina lesion
57335,Repair vagina
57400,Dilation of vagina
57410,Pelvic examination
57415,Remove vaginal foreign body
57420,Exam of vagina w/scope
57421,Exam/biopsy of vag w/scope
57425,Laparoscopy surg colpopexy
57452,Exam of cervix w/scope
57454,Bx/curett of cervix w/scope
57455,Biopsy of cervix w/scope
57456,Endocerv curettage w/scope
57460,Bx of cervix w/scope leep
57461,Conz of cervix w/scope leep
57500,Biopsy of cervix
57505,Endocervical curettage
57510,Cauterization of cervix
57511,Cryocautery of cervix
57513,Laser surgery of cervix
57520,Conization of cervix
57522,Conization of cervix
57530,Removal of cervix
57531,Removal of cervix radical
57540,Removal of residual cervix
57545,Remove cervix/repair pelvis
57550,Removal of residual cervix
57555,Remove cervix/repair vagina
57556,Remove cervix repair bowel
57700,Revision of cervix
57720,Revision of cervix
57800,Dilation of cervical canal
57820,D & c of residual cervix
58100,Biopsy of uterus lining
58120,Dilation and curettage
58140,Myomectomy abdom method
58145,Myomectomy vag method
58146,Myomectomy abdom complex
58150,Total hysterectomy
58152,Total hysterectomy
58180,Partial hysterectomy
58200,Extensive hysterectomy
58210,Extensive hysterectomy
58240,Removal of pelvis contents
58260,Vaginal hysterectomy
58262,Vag hyst including t/o
58263,Vag hyst w/t/o & vag repair
58267,Vag hyst w/urinary repair
58270,Vag hyst w/enterocele repair
58275,Hysterectomy/revise vagina
58280,Hysterectomy/revise vagina
58285,Extensive hysterectomy
58290,Vag hyst complex
58291,Vag hyst incl t/o complex
58292,Vag hyst t/o & repair compl
58293,Vag hyst w/uro repair compl
58294,Vag hyst w/enterocele compl
58300,Insert intrauterine device
58301,Remove intrauterine device
58321,Artificial insemination
58322,Artificial insemination
58323,Sperm washing
58340,Catheter for hysterography
58345,Reopen fallopian tube
58346,Insert heyman uteri capsule
58350,Reopen fallopian tube
58353,Endometr ablate thermal
58356,Endometrial cryoablation
58400,Suspension of uterus
58410,Suspension of uterus
58520,Repair of ruptured uterus
58540,Revision of uterus
58545,Laparoscopic myomectomy
58546,Laparo-myomectomy complex
58550,Laparo-asst vag hysterectomy
58552,Laparo-vag hyst incl t/o
58553,Laparo-vag hyst complex
58554,Laparo-vag hyst w/t/o compl
58555,Hysteroscopy dx sep proc
58558,Hysteroscopy biopsy
58559,Hysteroscopy lysis
58560,Hysteroscopy resect septum
58561,Hysteroscopy remove myoma
58562,Hysteroscopy remove fb
58563,Hysteroscopy ablation
58565,Hysteroscopy sterilization
58578,Laparo proc uterus
58579,Hysteroscope procedure
58600,Division of fallopian tube
58605,Division of fallopian tube
58611,Ligate oviduct(s) add-on
58615,Occlude fallopian tube(s)
58660,Laparoscopy lysis
58661,Laparoscopy remove adnexa
58662,Laparoscopy excise lesions
58670,Laparoscopy tubal cautery
58671,Laparoscopy tubal block
58672,Laparoscopy fimbrioplasty
58673,Laparoscopy salpingostomy
58679,Laparo proc oviduct-ovary
58700,Removal of fallopian tube
58720,Removal of ovary/tube(s)
58740,Revise fallopian tube(s)
58750,Repair oviduct
58752,Revise ovarian tube(s)
58760,Remove tubal obstruction
58770,Create new tubal opening
58800,Drainage of ovarian cyst(s)
58805,Drainage of ovarian cyst(s)
58820,Drain ovary abscess open
58822,Drain ovary abscess percut
58823,Drain pelvic abscess percut
58825,Transposition ovary(s)
58900,Biopsy of ovary(s)
58920,Partial removal of ovary(s)
58925,Removal of ovarian cyst(s)
58940,Removal of ovary(s)
58943,Removal of ovary(s)
58950,Resect ovarian malignancy
58951,Resect ovarian malignancy
58952,Resect ovarian malignancy
58953,Tah rad dissect for debulk
58954,Tah rad debulk/lymph remove
58956,Bso omentectomy w/tah
58960,Exploration of abdomen
58970,Retrieval of oocyte
58974,Transfer of embryo
58976,Transfer of embryo
58999,Genital surgery procedure
59000,Amniocentesis diagnostic
59001,Amniocentesis therapeutic
59012,Fetal cord punctureprenatal
59015,Chorion biopsy
59020,Fetal contract stress test
59025,Fetal non-stress test
59030,Fetal scalp blood sample
59050,Fetal monitor w/report
59051,Fetal monitor/interpret only
59070,Transabdom amnioinfus w/us
59072,Umbilical cord occlud w/us
59074,Fetal fluid drainage w/us
59076,Fetal shunt placement w/us
59100,Remove uterus lesion
59120,Treat ectopic pregnancy
59121,Treat ectopic pregnancy
59130,Treat ectopic pregnancy
59135,Treat ectopic pregnancy
59136,Treat ectopic pregnancy
59140,Treat ectopic pregnancy
59150,Treat ectopic pregnancy
59151,Treat ectopic pregnancy
59160,D & c after delivery
59200,Insert cervical dilator
59300,Episiotomy or vaginal repair
59320,Revision of cervix
59325,Revision of cervix
59350,Repair of uterus
59400,Obstetrical care
59409,Obstetrical care
59410,Obstetrical care
59412,Antepartum manipulation
59414,Deliver placenta
59425,Antepartum care only
59426,Antepartum care only
59430,Care after delivery
59510,Cesarean delivery
59514,Cesarean delivery only
59515,Cesarean delivery
59525,Remove uterus after cesarean
59610,Vbac delivery
59612,Vbac delivery only
59614,Vbac care after delivery
59618,Attempted vbac delivery
59620,Attempted vbac delivery only
59622,Attempted vbac after care
59812,Treatment of miscarriage
59820,Care of miscarriage
59821,Treatment of miscarriage
59830,Treat uterus infection
59840,Abortion
59841,Abortion
59850,Abortion
59851,Abortion
59852,Abortion
59855,Abortion
59856,Abortion
59857,Abortion
59866,Abortion (mpr)
59870,Evacuate mole of uterus
59871,Remove cerclage suture
59897,Fetal invas px w/us
59898,Laparo proc ob care/deliver
59899,Maternity care procedure
60000,Drain thyroid/tongue cyst
60001,Aspirate/inject thyriod cyst
60100,Biopsy of thyroid
60200,Remove thyroid lesion
60210,Partial thyroid excision
60212,Partial thyroid excision
60220,Partial removal of thyroid
60225,Partial removal of thyroid
60240,Removal of thyroid
60252,Removal of thyroid
60254,Extensive thyroid surgery
60260,Repeat thyroid surgery
60270,Removal of thyroid
60271,Removal of thyroid
60280,Remove thyroid duct lesion
60281,Remove thyroid duct lesion
60500,Explore parathyroid glands
60502,Re-explore parathyroids
60505,Explore parathyroid glands
60512,Autotransplant parathyroid
60520,Removal of thymus gland
60521,Removal of thymus gland
60522,Removal of thymus gland
60540,Explore adrenal gland
60545,Explore adrenal gland
60600,Remove carotid body lesion
60605,Remove carotid body lesion
60650,Laparoscopy adrenalectomy
60659,Laparo proc endocrine
60699,Endocrine surgery procedure
61000,Remove cranial cavity fluid
61001,Remove cranial cavity fluid
61020,Remove brain cavity fluid
61026,Injection into brain canal
61050,Remove brain canal fluid
61055,Injection into brain canal
61070,Brain canal shunt procedure
61105,Twist drill hole
61107,Drill skull for implantation
61108,Drill skull for drainage
61120,Burr hole for puncture
61140,Pierce skull for biopsy
61150,Pierce skull for drainage
61151,Pierce skull for drainage
61154,Pierce skull & remove clot
61156,Pierce skull for drainage
61210,Pierce skull implant device
61215,Insert brain-fluid device
61250,Pierce skull & explore
61253,Pierce skull & explore
61304,Open skull for exploration
61305,Open skull for exploration
61312,Open skull for drainage
61313,Open skull for drainage
61314,Open skull for drainage
61315,Open skull for drainage
61316,Implt cran bone flap to abdo
61320,Open skull for drainage
61321,Open skull for drainage
61322,Decompressive craniotomy
61323,Decompressive lobectomy
61330,Decompress eye socket
61332,Explore/biopsy eye socket
61333,Explore orbit/remove lesion
61334,Explore orbit/remove object
61340,Subtemporal decompression
61343,Incise skull (press relief)
61345,Relieve cranial pressure
61440,Incise skull for surgery
61450,Incise skull for surgery
61458,Incise skull for brain wound
61460,Incise skull for surgery
61470,Incise skull for surgery
61480,Incise skull for surgery
61490,Incise skull for surgery
61500,Removal of skull lesion
61501,Remove infected skull bone
61510,Removal of brain lesion
61512,Remove brain lining lesion
61514,Removal of brain abscess
61516,Removal of brain lesion
61517,Implt brain chemotx add-on
61518,Removal of brain lesion
61519,Remove brain lining lesion
61520,Removal of brain lesion
61521,Removal of brain lesion
61522,Removal of brain abscess
61524,Removal of brain lesion
61526,Removal of brain lesion
61530,Removal of brain lesion
61531,Implant brain electrodes
61533,Implant brain electrodes
61534,Removal of brain lesion
61535,Remove brain electrodes
61536,Removal of brain lesion
61537,Removal of brain tissue
61538,Removal of brain tissue
61539,Removal of brain tissue
61540,Removal of brain tissue
61541,Incision of brain tissue
61542,Removal of brain tissue
61543,Removal of brain tissue
61544,Remove & treat brain lesion
61545,Excision of brain tumor
61546,Removal of pituitary gland
61548,Removal of pituitary gland
61550,Release of skull seams
61552,Release of skull seams
61556,Incise skull/sutures
61557,Incise skull/sutures
61558,Excision of skull/sutures
61559,Excision of skull/sutures
61563,Excision of skull tumor
61564,Excision of skull tumor
61566,Removal of brain tissue
61567,Incision of brain tissue
61570,Remove foreign body brain
61571,Incise skull for brain wound
61575,Skull base/brainstem surgery
61576,Skull base/brainstem surgery
61580,Craniofacial approach skull
61581,Craniofacial approach skull
61582,Craniofacial approach skull
61583,Craniofacial approach skull
61584,Orbitocranial approach/skull
61585,Orbitocranial approach/skull
61586,Resect nasopharynx skull
61590,Infratemporal approach/skull
61591,Infratemporal approach/skull
61592,Orbitocranial approach/skull
61595,Transtemporal approach/skull
61596,Transcochlear approach/skull
61597,Transcondylar approach/skull
61598,Transpetrosal approach/skull
61600,Resect/excise cranial lesion
61601,Resect/excise cranial lesion
61605,Resect/excise cranial lesion
61606,Resect/excise cranial lesion
61607,Resect/excise cranial lesion
61608,Resect/excise cranial lesion
61609,Transect artery sinus
61610,Transect artery sinus
61611,Transect artery sinus
61612,Transect artery sinus
61613,Remove aneurysm sinus
61615,Resect/excise lesion skull
61616,Resect/excise lesion skull
61618,Repair dura
61619,Repair dura
61623,Endovasc tempory vessel occl
61624,Transcath occlusion cns
61626,Transcath occlusion non-cns
61680,Intracranial vessel surgery
61682,Intracranial vessel surgery
61684,Intracranial vessel surgery
61686,Intracranial vessel surgery
61690,Intracranial vessel surgery
61692,Intracranial vessel surgery
61697,Brain aneurysm repr complx
61698,Brain aneurysm repr complx
61700,Brain aneurysm repr simple
61702,Inner skull vessel surgery
61703,Clamp neck artery
61705,Revise circulation to head
61708,Revise circulation to head
61710,Revise circulation to head
61711,Fusion of skull arteries
61720,Incise skull/brain surgery
61735,Incise skull/brain surgery
61750,Incise skull/brain biopsy
61751,Brain biopsy w/ct/mr guide
61760,Implant brain electrodes
61770,Incise skull for treatment
61790,Treat trigeminal nerve
61791,Treat trigeminal tract
61793,Focus radiation beam
61795,Brain surgery using computer
61850,Implant neuroelectrodes
61860,Implant neuroelectrodes
61863,Implant neuroelectrode
61864,Implant neuroelectrde add?l
61867,Implant neuroelectrode
61868,Implant neuroelectrde add?l
61870,Implant neuroelectrodes
61875,Implant neuroelectrodes
61880,Revise/remove neuroelectrode
61885,Insrt/redo neurostim 1 array
61886,Implant neurostim arrays
61888,Revise/remove neuroreceiver
62000,Treat skull fracture
62005,Treat skull fracture
62010,Treatment of head injury
62100,Repair brain fluid leakage
62115,Reduction of skull defect
62116,Reduction of skull defect
62117,Reduction of skull defect
62120,Repair skull cavity lesion
62121,Incise skull repair
62140,Repair of skull defect
62141,Repair of skull defect
62142,Remove skull plate/flap
62143,Replace skull plate/flap
62145,Repair of skull & brain
62146,Repair of skull with graft
62147,Repair of skull with graft
62148,Retr bone flap to fix skull
62160,Neuroendoscopy add-on
62161,Dissect brain w/scope
62162,Remove colloid cyst w/scope
62163,Neuroendoscopy w/fb removal
62164,Remove brain tumor w/scope
62165,Remove pituit tumor w/scope
62180,Establish brain cavity shunt
62190,Establish brain cavity shunt
62192,Establish brain cavity shunt
62194,Replace/irrigate catheter
62200,Establish brain cavity shunt
62201,Brain cavity shunt w/scope
62220,Establish brain cavity shunt
62223,Establish brain cavity shunt
62225,Replace/irrigate catheter
62230,Replace/revise brain shunt
62252,Csf shunt reprogram
62256,Remove brain cavity shunt
62258,Replace brain cavity shunt
62263,Epidural lysis mult sessions
62264,Epidural lysis on single day
62268,Drain spinal cord cyst
62269,Needle biopsy spinal cord
62270,Spinal fluid tap diagnostic
62272,Drain cerebro spinal fluid
62273,Inject epidural patch
62280,Treat spinal cord lesion
62281,Treat spinal cord lesion
62282,Treat spinal canal lesion
62284,Injection for myelogram
62287,Percutaneous diskectomy
62290,Inject for spine disk x-ray
62291,Inject for spine disk x-ray
62292,Injection into disk lesion
62294,Injection into spinal artery
62310,Inject spine c/t
62311,Inject spine l/s (cd)
62318,Inject spine w/cath c/t
62319,Inject spine w/cath l/s (cd)
62350,Implant spinal canal cath
62351,Implant spinal canal cath
62355,Remove spinal canal catheter
62360,Insert spine infusion device
62361,Implant spine infusion pump
62362,Implant spine infusion pump
62365,Remove spine infusion device
62367,Analyze spine infusion pump
62368,Analyze spine infusion pump
63001,Removal of spinal lamina
63003,Removal of spinal lamina
63005,Removal of spinal lamina
63011,Removal of spinal lamina
63012,Removal of spinal lamina
63015,Removal of spinal lamina
63016,Removal of spinal lamina
63017,Removal of spinal lamina
63020,Neck spine disk surgery
63030,Low back disk surgery
63035,Spinal disk surgery add-on
63040,Laminotomy single cervical
63042,Laminotomy single lumbar
63043,Laminotomy add?l cervical
63044,Laminotomy add?l lumbar
63045,Removal of spinal lamina
63046,Removal of spinal lamina
63047,Removal of spinal lamina
63048,Remove spinal lamina add-on
63050,Cervical laminoplasty
63051,C-laminoplasty w/graft/plate
63055,Decompress spinal cord
63056,Decompress spinal cord
63057,Decompress spine cord add-on
63064,Decompress spinal cord
63066,Decompress spine cord add-on
63075,Neck spine disk surgery
63076,Neck spine disk surgery
63077,Spine disk surgery thorax
63078,Spine disk surgery thorax
63081,Removal of vertebral body
63082,Remove vertebral body add-on
63085,Removal of vertebral body
63086,Remove vertebral body add-on
63087,Removal of vertebral body
63088,Remove vertebral body add-on
63090,Removal of vertebral body
63091,Remove vertebral body add-on
63101,Removal of vertebral body
63102,Removal of vertebral body
63103,Remove vertebral body add-on
63170,Incise spinal cord tract(s)
63172,Drainage of spinal cyst
63173,Drainage of spinal cyst
63180,Revise spinal cord ligaments
63182,Revise spinal cord ligaments
63185,Incise spinal column/nerves
63190,Incise spinal column/nerves
63191,Incise spinal column/nerves
63194,Incise spinal column & cord
63195,Incise spinal column & cord
63196,Incise spinal column & cord
63197,Incise spinal column & cord
63198,Incise spinal column & cord
63199,Incise spinal column & cord
63200,Release of spinal cord
63250,Revise spinal cord vessels
63251,Revise spinal cord vessels
63252,Revise spinal cord vessels
63265,Excise intraspinal lesion
63266,Excise intraspinal lesion
63267,Excise intraspinal lesion
63268,Excise intraspinal lesion
63270,Excise intraspinal lesion
63271,Excise intraspinal lesion
63272,Excise intraspinal lesion
63273,Excise intraspinal lesion
63275,Biopsy/excise spinal tumor
63276,Biopsy/excise spinal tumor
63277,Biopsy/excise spinal tumor
63278,Biopsy/excise spinal tumor
63280,Biopsy/excise spinal tumor
63281,Biopsy/excise spinal tumor
63282,Biopsy/excise spinal tumor
63283,Biopsy/excise spinal tumor
63285,Biopsy/excise spinal tumor
63286,Biopsy/excise spinal tumor
63287,Biopsy/excise spinal tumor
63290,Biopsy/excise spinal tumor
63295,Repair of laminectomy defect
63300,Removal of vertebral body
63301,Removal of vertebral body
63302,Removal of vertebral body
63303,Removal of vertebral body
63304,Removal of vertebral body
63305,Removal of vertebral body
63306,Removal of vertebral body
63307,Removal of vertebral body
63308,Remove vertebral body add-on
63600,Remove spinal cord lesion
63610,Stimulation of spinal cord
63615,Remove lesion of spinal cord
63650,Implant neuroelectrodes
63655,Implant neuroelectrodes
63660,Revise/remove neuroelectrode
63685,Insrt/redo spine n generator
63688,Revise/remove neuroreceiver
63700,Repair of spinal herniation
63702,Repair of spinal herniation
63704,Repair of spinal herniation
63706,Repair of spinal herniation
63707,Repair spinal fluid leakage
63709,Repair spinal fluid leakage
63710,Graft repair of spine defect
63740,Install spinal shunt
63741,Install spinal shunt
63744,Revision of spinal shunt
63746,Removal of spinal shunt
64400,N block inj trigeminal
64402,N block inj facial
64405,N block inj occipital
64408,N block inj vagus
64410,N block inj phrenic
64412,N block inj spinal accessor
64413,N block inj cervical plexus
64415,N block inj brachial plexus
64416,N block cont infuse b plex
64417,N block inj axillary
64418,N block inj suprascapular
64420,N block inj intercost sng
64421,N block inj intercost mlt
64425,N block inj ilio-ing/hypogi
64430,N block inj pudendal
64435,N block inj paracervical
64445,N block inj sciatic sng
64446,N blk inj sciatic cont inf
64447,N block inj fem single
64448,N block inj fem cont inf
64449,N block inj lumbar plexus
64450,N block other peripheral
64470,Inj paravertebral c/t
64472,Inj paravertebral c/t add-on
64475,Inj paravertebral l/s
64476,Inj paravertebral l/s add-on
64479,Inj foramen epidural c/t
64480,Inj foramen epidural add-on
64483,Inj foramen epidural l/s
64484,Inj foramen epidural add-on
64505,N block spenopalatine gangl
64508,N block carotid sinus s/p
64510,N block stellate ganglion
64517,N block inj hypogas plxs
64520,N block lumbar/thoracic
64530,N block inj celiac pelus
64550,Apply neurostimulator
64553,Implant neuroelectrodes
64555,Implant neuroelectrodes
64560,Implant neuroelectrodes
64561,Implant neuroelectrodes
64565,Implant neuroelectrodes
64573,Implant neuroelectrodes
64575,Implant neuroelectrodes
64577,Implant neuroelectrodes
64580,Implant neuroelectrodes
64581,Implant neuroelectrodes
64585,Revise/remove neuroelectrode
64590,Insrt/redo perph n generator
64595,Revise/remove neuroreceiver
64600,Injection treatment of nerve
64605,Injection treatment of nerve
64610,Injection treatment of nerve
64612,Destroy nerve face muscle
64613,Destroy nerve spine muscle
64614,Destroy nerve extrem musc
64620,Injection treatment of nerve
64622,Destr paravertebrl nerve l/s
64623,Destr paravertebral n add-on
64626,Destr paravertebrl nerve c/t
64627,Destr paravertebral n add-on
64630,Injection treatment of nerve
64640,Injection treatment of nerve
64680,Injection treatment of nerve
64681,Injection treatment of nerve
64702,Revise finger/toe nerve
64704,Revise hand/foot nerve
64708,Revise arm/leg nerve
64712,Revision of sciatic nerve
64713,Revision of arm nerve(s)
64714,Revise low back nerve(s)
64716,Revision of cranial nerve
64718,Revise ulnar nerve at elbow
64719,Revise ulnar nerve at wrist
64721,Carpal tunnel surgery
64722,Relieve pressure on nerve(s)
64726,Release foot/toe nerve
64727,Internal nerve revision
64732,Incision of brow nerve
64734,Incision of cheek nerve
64736,Incision of chin nerve
64738,Incision of jaw nerve
64740,Incision of tongue nerve
64742,Incision of facial nerve
64744,Incise nerve back of head
64746,Incise diaphragm nerve
64752,Incision of vagus nerve
64755,Incision of stomach nerves
64760,Incision of vagus nerve
64761,Incision of pelvis nerve
64763,Incise hip/thigh nerve
64766,Incise hip/thigh nerve
64771,Sever cranial nerve
64772,Incision of spinal nerve
64774,Remove skin nerve lesion
64776,Remove digit nerve lesion
64778,Digit nerve surgery add-on
64782,Remove limb nerve lesion
64783,Limb nerve surgery add-on
64784,Remove nerve lesion
64786,Remove sciatic nerve lesion
64787,Implant nerve end
64788,Remove skin nerve lesion
64790,Removal of nerve lesion
64792,Removal of nerve lesion
64795,Biopsy of nerve
64802,Remove sympathetic nerves
64804,Remove sympathetic nerves
64809,Remove sympathetic nerves
64818,Remove sympathetic nerves
64820,Remove sympathetic nerves
64821,Remove sympathetic nerves
64822,Remove sympathetic nerves
64823,Remove sympathetic nerves
64831,Repair of digit nerve
64832,Repair nerve add-on
64834,Repair of hand or foot nerve
64835,Repair of hand or foot nerve
64836,Repair of hand or foot nerve
64837,Repair nerve add-on
64840,Repair of leg nerve
64856,Repair/transpose nerve
64857,Repair arm/leg nerve
64858,Repair sciatic nerve
64859,Nerve surgery
64861,Repair of arm nerves
64862,Repair of low back nerves
64864,Repair of facial nerve
64865,Repair of facial nerve
64866,Fusion of facial/other nerve
64868,Fusion of facial/other nerve
64870,Fusion of facial/other nerve
64872,Subsequent repair of nerve
64874,Repair & revise nerve add-on
64876,Repair nerve/shorten bone
64885,Nerve graft head or neck
64886,Nerve graft head or neck
64890,Nerve graft hand or foot
64891,Nerve graft hand or foot
64892,Nerve graft arm or leg
64893,Nerve graft arm or leg
64895,Nerve graft hand or foot
64896,Nerve graft hand or foot
64897,Nerve graft arm or leg
64898,Nerve graft arm or leg
64901,Nerve graft add-on
64902,Nerve graft add-on
64905,Nerve pedicle transfer
64907,Nerve pedicle transfer
64999,Nervous system surgery
65091,Revise eye
65093,Revise eye with implant
65101,Removal of eye
65103,Remove eye/insert implant
65105,Remove eye/attach implant
65110,Removal of eye
65112,Remove eye/revise socket
65114,Remove eye/revise socket
65125,Revise ocular implant
65130,Insert ocular implant
65135,Insert ocular implant
65140,Attach ocular implant
65150,Revise ocular implant
65155,Reinsert ocular implant
65175,Removal of ocular implant
65205,Remove foreign body from eye
65210,Remove foreign body from eye
65220,Remove foreign body from eye
65222,Remove foreign body from eye
65235,Remove foreign body from eye
65260,Remove foreign body from eye
65265,Remove foreign body from eye
65270,Repair of eye wound
65272,Repair of eye wound
65273,Repair of eye wound
65275,Repair of eye wound
65280,Repair of eye wound
65285,Repair of eye wound
65286,Repair of eye wound
65290,Repair of eye socket wound
65400,Removal of eye lesion
65410,Biopsy of cornea
65420,Removal of eye lesion
65426,Removal of eye lesion
65430,Corneal smear
65435,Curette/treat cornea
65436,Curette/treat cornea
65450,Treatment of corneal lesion
65600,Revision of cornea
65710,Corneal transplant
65730,Corneal transplant
65750,Corneal transplant
65755,Corneal transplant
65760,Revision of cornea
65765,Revision of cornea
65767,Corneal tissue transplant
65770,Revise cornea with implant
65771,Radial keratotomy
65772,Correction of astigmatism
65775,Correction of astigmatism
65780,Ocular reconst transplant
65781,Ocular reconst transplant
65782,Ocular reconst transplant
65800,Drainage of eye
65805,Drainage of eye
65810,Drainage of eye
65815,Drainage of eye
65820,Relieve inner eye pressure
65850,Incision of eye
65855,Laser surgery of eye
65860,Incise inner eye adhesions
65865,Incise inner eye adhesions
65870,Incise inner eye adhesions
65875,Incise inner eye adhesions
65880,Incise inner eye adhesions
65900,Remove eye lesion
65920,Remove implant of eye
65930,Remove blood clot from eye
66020,Injection treatment of eye
66030,Injection treatment of eye
66130,Remove eye lesion
66150,Glaucoma surgery
66155,Glaucoma surgery
66160,Glaucoma surgery
66165,Glaucoma surgery
66170,Glaucoma surgery
66172,Incision of eye
66180,Implant eye shunt
66185,Revise eye shunt
66220,Repair eye lesion
66225,Repair/graft eye lesion
66250,Follow-up surgery of eye
66500,Incision of iris
66505,Incision of iris
66600,Remove iris and lesion
66605,Removal of iris
66625,Removal of iris
66630,Removal of iris
66635,Removal of iris
66680,Repair iris & ciliary body
66682,Repair iris & ciliary body
66700,Destruction ciliary body
66710,Ciliary transsleral therapy
66711,Ciliary endoscopic ablation
66720,Destruction ciliary body
66740,Destruction ciliary body
66761,Revision of iris
66762,Revision of iris
66770,Removal of inner eye lesion
66820,Incision secondary cataract
66821,After cataract laser surgery
66825,Reposition intraocular lens
66830,Removal of lens lesion
66840,Removal of lens material
66850,Removal of lens material
66852,Removal of lens material
66920,Extraction of lens
66930,Extraction of lens
66940,Extraction of lens
66982,Cataract surgery complex
66983,Cataract surg w/iol 1 stage
66984,Cataract surg w/iol 1 stage
66985,Insert lens prosthesis
66986,Exchange lens prosthesis
66990,Ophthalmic endoscope add-on
66999,Eye surgery procedure
67005,Partial removal of eye fluid
67010,Partial removal of eye fluid
67015,Release of eye fluid
67025,Replace eye fluid
67027,Implant eye drug system
67028,Injection eye drug
67030,Incise inner eye strands
67031,Laser surgery eye strands
67036,Removal of inner eye fluid
67038,Strip retinal membrane
67039,Laser treatment of retina
67040,Laser treatment of retina
67101,Repair detached retina
67105,Repair detached retina
67107,Repair detached retina
67108,Repair detached retina
67110,Repair detached retina
67112,Rerepair detached retina
67115,Release encircling material
67120,Remove eye implant material
67121,Remove eye implant material
67141,Treatment of retina
67145,Treatment of retina
67208,Treatment of retinal lesion
67210,Treatment of retinal lesion
67218,Treatment of retinal lesion
67220,Treatment of choroid lesion
67221,Ocular photodynamic ther
67225,Eye photodynamic ther add-on
67227,Treatment of retinal lesion
67228,Treatment of retinal lesion
67250,Reinforce eye wall
67255,Reinforce/graft eye wall
67299,Eye surgery procedure
67311,Revise eye muscle
67312,Revise two eye muscles
67314,Revise eye muscle
67316,Revise two eye muscles
67318,Revise eye muscle(s)
67320,Revise eye muscle(s) add-on
67331,Eye surgery follow-up add-on
67332,Rerevise eye muscles add-on
67334,Revise eye muscle w/suture
67335,Eye suture during surgery
67340,Revise eye muscle add-on
67343,Release eye tissue
67345,Destroy nerve of eye muscle
67350,Biopsy eye muscle
67399,Eye muscle surgery procedure
67400,Explore/biopsy eye socket
67405,Explore/drain eye socket
67412,Explore/treat eye socket
67413,Explore/treat eye socket
67414,Explr/decompress eye socket
67415,Aspiration orbital contents
67420,Explore/treat eye socket
67430,Explore/treat eye socket
67440,Explore/drain eye socket
67445,Explr/decompress eye socket
67450,Explore/biopsy eye socket
67500,Inject/treat eye socket
67505,Inject/treat eye socket
67515,Inject/treat eye socket
67550,Insert eye socket implant
67560,Revise eye socket implant
67570,Decompress optic nerve
67599,Orbit surgery procedure
67700,Drainage of eyelid abscess
67710,Incision of eyelid
67715,Incision of eyelid fold
67800,Remove eyelid lesion
67801,Remove eyelid lesions
67805,Remove eyelid lesions
67808,Remove eyelid lesion(s)
67810,Biopsy of eyelid
67820,Revise eyelashes
67825,Revise eyelashes
67830,Revise eyelashes
67835,Revise eyelashes
67840,Remove eyelid lesion
67850,Treat eyelid lesion
67875,Closure of eyelid by suture
67880,Revision of eyelid
67882,Revision of eyelid
67900,Repair brow defect
67901,Repair eyelid defect
67902,Repair eyelid defect
67903,Repair eyelid defect
67904,Repair eyelid defect
67906,Repair eyelid defect
67908,Repair eyelid defect
67909,Revise eyelid defect
67911,Revise eyelid defect
67912,Correction eyelid w/implant
67914,Repair eyelid defect
67915,Repair eyelid defect
67916,Repair eyelid defect
67917,Repair eyelid defect
67921,Repair eyelid defect
67922,Repair eyelid defect
67923,Repair eyelid defect
67924,Repair eyelid defect
67930,Repair eyelid wound
67935,Repair eyelid wound
67938,Remove eyelid foreign body
67950,Revision of eyelid
67961,Revision of eyelid
67966,Revision of eyelid
67971,Reconstruction of eyelid
67973,Reconstruction of eyelid
67974,Reconstruction of eyelid
67975,Reconstruction of eyelid
67999,Revision of eyelid
68020,Incise/drain eyelid lining
68040,Treatment of eyelid lesions
68100,Biopsy of eyelid lining
68110,Remove eyelid lining lesion
68115,Remove eyelid lining lesion
68130,Remove eyelid lining lesion
68135,Remove eyelid lining lesion
68200,Treat eyelid by injection
68320,Revise/graft eyelid lining
68325,Revise/graft eyelid lining
68326,Revise/graft eyelid lining
68328,Revise/graft eyelid lining
68330,Revise eyelid lining
68335,Revise/graft eyelid lining
68340,Separate eyelid adhesions
68360,Revise eyelid lining
68362,Revise eyelid lining
68371,Harvest eye tissue alograft
68399,Eyelid lining surgery
68400,Incise/drain tear gland
68420,Incise/drain tear sac
68440,Incise tear duct opening
68500,Removal of tear gland
68505,Partial removal tear gland
68510,Biopsy of tear gland
68520,Removal of tear sac
68525,Biopsy of tear sac
68530,Clearance of tear duct
68540,Remove tear gland lesion
68550,Remove tear gland lesion
68700,Repair tear ducts
68705,Revise tear duct opening
68720,Create tear sac drain
68745,Create tear duct drain
68750,Create tear duct drain
68760,Close tear duct opening
68761,Close tear duct opening
68770,Close tear system fistula
68801,Dilate tear duct opening
68810,Probe nasolacrimal duct
68811,Probe nasolacrimal duct
68815,Probe nasolacrimal duct
68840,Explore/irrigate tear ducts
68850,Injection for tear sac x-ray
68899,Tear duct system surgery
69000,Drain external ear lesion
69005,Drain external ear lesion
69020,Drain outer ear canal lesion
69090,Pierce earlobes
69100,Biopsy of external ear
69105,Biopsy of external ear canal
69110,Remove external ear partial
69120,Removal of external ear
69140,Remove ear canal lesion(s)
69145,Remove ear canal lesion(s)
69150,Extensive ear canal surgery
69155,Extensive ear/neck surgery
69200,Clear outer ear canal
69205,Clear outer ear canal
69210,Remove impacted ear wax
69220,Clean out mastoid cavity
69222,Clean out mastoid cavity
69300,Revise external ear
69310,Rebuild outer ear canal
69320,Rebuild outer ear canal
69399,Outer ear surgery procedure
69400,Inflate middle ear canal
69401,Inflate middle ear canal
69405,Catheterize middle ear canal
69410,Inset middle ear (baffle)
69420,Incision of eardrum
69421,Incision of eardrum
69424,Remove ventilating tube
69433,Create eardrum opening
69436,Create eardrum opening
69440,Exploration of middle ear
69450,Eardrum revision
69501,Mastoidectomy
69502,Mastoidectomy
69505,Remove mastoid structures
69511,Extensive mastoid surgery
69530,Extensive mastoid surgery
69535,Remove part of temporal bone
69540,Remove ear lesion
69550,Remove ear lesion
69552,Remove ear lesion
69554,Remove ear lesion
69601,Mastoid surgery revision
69602,Mastoid surgery revision
69603,Mastoid surgery revision
69604,Mastoid surgery revision
69605,Mastoid surgery revision
69610,Repair of eardrum
69620,Repair of eardrum
69631,Repair eardrum structures
69632,Rebuild eardrum structures
69633,Rebuild eardrum structures
69635,Repair eardrum structures
69636,Rebuild eardrum structures
69637,Rebuild eardrum structures
69641,Revise middle ear & mastoid
69642,Revise middle ear & mastoid
69643,Revise middle ear & mastoid
69644,Revise middle ear & mastoid
69645,Revise middle ear & mastoid
69646,Revise middle ear & mastoid
69650,Release middle ear bone
69660,Revise middle ear bone
69661,Revise middle ear bone
69662,Revise middle ear bone
69666,Repair middle ear structures
69667,Repair middle ear structures
69670,Remove mastoid air cells
69676,Remove middle ear nerve
69700,Close mastoid fistula
69710,Implant/replace hearing aid
69711,Remove/repair hearing aid
69714,Implant temple bone w/stimul
69715,Temple bne implnt w/stimulat
69717,Temple bone implant revision
69718,Revise temple bone implant
69720,Release facial nerve
69725,Release facial nerve
69740,Repair facial nerve
69745,Repair facial nerve
69799,Middle ear surgery procedure
69801,Incise inner ear
69802,Incise inner ear
69805,Explore inner ear
69806,Explore inner ear
69820,Establish inner ear window
69840,Revise inner ear window
69905,Remove inner ear
69910,Remove inner ear & mastoid
69915,Incise inner ear nerve
69930,Implant cochlear device
69949,Inner ear surgery procedure
69950,Incise inner ear nerve
69955,Release facial nerve
69960,Release inner ear canal
69970,Remove inner ear lesion
69979,Temporal bone surgery
69990,Microsurgery add-on
70010,Contrast x-ray of brain
70015,Contrast x-ray of brain
70030,X-ray eye for foreign body
70100,X-ray exam of jaw
70110,X-ray exam of jaw
70120,X-ray exam of mastoids
70130,X-ray exam of mastoids
70134,X-ray exam of middle ear
70140,X-ray exam of facial bones
70150,X-ray exam of facial bones
70160,X-ray exam of nasal bones
70170,X-ray exam of tear duct
70190,X-ray exam of eye sockets
70200,X-ray exam of eye sockets
70210,X-ray exam of sinuses
70220,X-ray exam of sinuses
70240,X-ray exam pituitary saddle
70250,X-ray exam of skull
70260,X-ray exam of skull
70300,X-ray exam of teeth
70310,X-ray exam of teeth
70320,Full mouth x-ray of teeth
70328,X-ray exam of jaw joint
70330,X-ray exam of jaw joints
70332,X-ray exam of jaw joint
70336,Magnetic image jaw joint
70350,X-ray head for orthodontia
70355,Panoramic x-ray of jaws
70360,X-ray exam of neck
70370,Throat x-ray & fluoroscopy
70371,Speech evaluation complex
70373,Contrast x-ray of larynx
70380,X-ray exam of salivary gland
70390,X-ray exam of salivary duct
70450,Ct head/brain w/o dye
70460,Ct head/brain w/dye
70470,Ct head/brain w/o & w/dye
70480,Ct orbit/ear/fossa w/o dye
70481,Ct orbit/ear/fossa w/dye
70482,Ct orbit/ear/fossa w/o&w/dye
70486,Ct maxillofacial w/o dye
70487,Ct maxillofacial w/dye
70488,Ct maxillofacial w/o & w/dye
70490,Ct soft tissue neck w/o dye
70491,Ct soft tissue neck w/dye
70492,Ct sft tsue nck w/o & w/dye
70496,Ct angiography head
70498,Ct angiography neck
70540,Mri orbit/face/neck w/o dye
70542,Mri orbit/face/neck w/dye
70543,Mri orbt/fac/nck w/o & w/dye
70544,Mr angiography head w/o dye
70545,Mr angiography head w/dye
70546,Mr angiograph head w/o&w/dye
70547,Mr angiography neck w/o dye
70548,Mr angiography neck w/dye
70549,Mr angiograph neck w/o&w/dye
70551,Mri brain w/o dye
70552,Mri brain w/dye
70553,Mri brain w/o & w/dye
70557,Mri brain w/o dye
70558,Mri brain w/dye
70559,Mri brain w/o & w/dye
71010,Chest x-ray
71015,Chest x-ray
71020,Chest x-ray
71021,Chest x-ray
71022,Chest x-ray
71023,Chest x-ray and fluoroscopy
71030,Chest x-ray
71034,Chest x-ray and fluoroscopy
71035,Chest x-ray
71040,Contrast x-ray of bronchi
71060,Contrast x-ray of bronchi
71090,X-ray & pacemaker insertion
71100,X-ray exam of ribs
71101,X-ray exam of ribs/chest
71110,X-ray exam of ribs
71111,X-ray exam of ribs/chest
71120,X-ray exam of breastbone
71130,X-ray exam of breastbone
71250,Ct thorax w/o dye
71260,Ct thorax w/dye
71270,Ct thorax w/o & w/dye
71275,Ct angiography chest
71550,Mri chest w/o dye
71551,Mri chest w/dye
71552,Mri chest w/o & w/dye
71555,Mri angio chest w or w/o dye
72010,X-ray exam of spine
72020,X-ray exam of spine
72040,X-ray exam of neck spine
72050,X-ray exam of neck spine
72052,X-ray exam of neck spine
72069,X-ray exam of trunk spine
72070,X-ray exam of thoracic spine
72072,X-ray exam of thoracic spine
72074,X-ray exam of thoracic spine
72080,X-ray exam of trunk spine
72090,X-ray exam of trunk spine
72100,X-ray exam of lower spine
72110,X-ray exam of lower spine
72114,X-ray exam of lower spine
72120,X-ray exam of lower spine
72125,Ct neck spine w/o dye
72126,Ct neck spine w/dye
72127,Ct neck spine w/o & w/dye
72128,Ct chest spine w/o dye
72129,Ct chest spine w/dye
72130,Ct chest spine w/o & w/dye
72131,Ct lumbar spine w/o dye
72132,Ct lumbar spine w/dye
72133,Ct lumbar spine w/o & w/dye
72141,Mri neck spine w/o dye
72142,Mri neck spine w/dye
72146,Mri chest spine w/o dye
72147,Mri chest spine w/dye
72148,Mri lumbar spine w/o dye
72149,Mri lumbar spine w/dye
72156,Mri neck spine w/o & w/dye
72157,Mri chest spine w/o & w/dye
72158,Mri lumbar spine w/o & w/dye
72159,Mr angio spine w/o&w/dye
72170,X-ray exam of pelvis
72190,X-ray exam of pelvis
72191,Ct angiograph pelv w/o&w/dye
72192,Ct pelvis w/o dye
72193,Ct pelvis w/dye
72194,Ct pelvis w/o & w/dye
72195,Mri pelvis w/o dye
72196,Mri pelvis w/dye
72197,Mri pelvis w/o & w/dye
72198,Mr angio pelvis w/o & w/dye
72200,X-ray exam sacroiliac joints
72202,X-ray exam sacroiliac joints
72220,X-ray exam of tailbone
72240,Contrast x-ray of neck spine
72255,Contrast x-ray thorax spine
72265,Contrast x-ray lower spine
72270,Contrast x-ray spine
72275,Epidurography
72285,X-ray c/t spine disk
72295,X-ray of lower spine disk
73000,X-ray exam of collar bone
73010,X-ray exam of shoulder blade
73020,X-ray exam of shoulder
73030,X-ray exam of shoulder
73040,Contrast x-ray of shoulder
73050,X-ray exam of shoulders
73060,X-ray exam of humerus
73070,X-ray exam of elbow
73080,X-ray exam of elbow
73085,Contrast x-ray of elbow
73090,X-ray exam of forearm
73092,X-ray exam of arm infant
73100,X-ray exam of wrist
73110,X-ray exam of wrist
73115,Contrast x-ray of wrist
73120,X-ray exam of hand
73130,X-ray exam of hand
73140,X-ray exam of finger(s)
73200,Ct upper extremity w/o dye
73201,Ct upper extremity w/dye
73202,Ct uppr extremity w/o&w/dye
73206,Ct angio upr extrm w/o&w/dye
73218,Mri upper extremity w/o dye
73219,Mri upper extremity w/dye
73220,Mri uppr extremity w/o&w/dye
73221,Mri joint upr extrem w/o dye
73222,Mri joint upr extrem w/dye
73223,Mri joint upr extr w/o&w/dye
73225,Mr angio upr extr w/o&w/dye
73500,X-ray exam of hip
73510,X-ray exam of hip
73520,X-ray exam of hips
73525,Contrast x-ray of hip
73530,X-ray exam of hip
73540,X-ray exam of pelvis & hips
73542,X-ray exam sacroiliac joint
73550,X-ray exam of thigh
73560,X-ray exam of knee 1 or 2
73562,X-ray exam of knee 3
73564,X-ray exam knee 4 or more
73565,X-ray exam of knees
73580,Contrast x-ray of knee joint
73590,X-ray exam of lower leg
73592,X-ray exam of leg infant
73600,X-ray exam of ankle
73610,X-ray exam of ankle
73615,Contrast x-ray of ankle
73620,X-ray exam of foot
73630,X-ray exam of foot
73650,X-ray exam of heel
73660,X-ray exam of toe(s)
73700,Ct lower extremity w/o dye
73701,Ct lower extremity w/dye
73702,Ct lwr extremity w/o&w/dye
73706,Ct angio lwr extr w/o&w/dye
73718,Mri lower extremity w/o dye
73719,Mri lower extremity w/dye
73720,Mri lwr extremity w/o&w/dye
73721,Mri jnt of lwr extre w/o dye
73722,Mri joint of lwr extr w/dye
73723,Mri joint lwr extr w/o&w/dye
73725,Mr ang lwr ext w or w/o dye
74000,X-ray exam of abdomen
74010,X-ray exam of abdomen
74020,X-ray exam of abdomen
74022,X-ray exam series abdomen
74150,Ct abdomen w/o dye
74160,Ct abdomen w/dye
74170,Ct abdomen w/o & w/dye
74175,Ct angio abdom w/o & w/dye
74181,Mri abdomen w/o dye
74182,Mri abdomen w/dye
74183,Mri abdomen w/o & w/dye
74185,Mri angio abdom w orw/o dye
74190,X-ray exam of peritoneum
74210,Contrst x-ray exam of throat
74220,Contrast x-ray esophagus
74230,Cine/vid x-ray throat/esoph
74235,Remove esophagus obstruction
74240,X-ray exam upper gi tract
74241,X-ray exam upper gi tract
74245,X-ray exam upper gi tract
74246,Contrst x-ray uppr gi tract
74247,Contrst x-ray uppr gi tract
74249,Contrst x-ray uppr gi tract
74250,X-ray exam of small bowel
74251,X-ray exam of small bowel
74260,X-ray exam of small bowel
74270,Contrast x-ray exam of colon
74280,Contrast x-ray exam of colon
74283,Contrast x-ray exam of colon
74290,Contrast x-ray gallbladder
74291,Contrast x-rays gallbladder
74300,X-ray bile ducts/pancreas
74301,X-rays at surgery add-on
74305,X-ray bile ducts/pancreas
74320,Contrast x-ray of bile ducts
74327,X-ray bile stone removal
74328,X-ray bile duct endoscopy
74329,X-ray for pancreas endoscopy
74330,X-ray bile/panc endoscopy
74340,X-ray guide for GI tube
74350,X-ray guide stomach tube
74355,X-ray guide intestinal tube
74360,X-ray guide GI dilation
74363,X-ray bile duct dilation
74400,Contrst x-ray urinary tract
74410,Contrst x-ray urinary tract
74415,Contrst x-ray urinary tract
74420,Contrst x-ray urinary tract
74425,Contrst x-ray urinary tract
74430,Contrast x-ray bladder
74440,X-ray male genital tract
74445,X-ray exam of penis
74450,X-ray urethra/bladder
74455,X-ray urethra/bladder
74470,X-ray exam of kidney lesion
74475,X-ray control cath insert
74480,X-ray control cath insert
74485,X-ray guide GU dilation
74710,X-ray measurement of pelvis
74740,X-ray female genital tract
74742,X-ray fallopian tube
74775,X-ray exam of perineum
75552,Heart mri for morph w/o dye
75553,Heart mri for morph w/dye
75554,Cardiac MRI/function
75555,Cardiac MRI/limited study
75556,Cardiac MRI/flow mapping
75600,Contrast x-ray exam of aorta
75605,Contrast x-ray exam of aorta
75625,Contrast x-ray exam of aorta
75630,X-ray aorta leg arteries
75635,Ct angio abdominal arteries
75650,Artery x-rays head & neck
75658,Artery x-rays arm
75660,Artery x-rays head & neck
75662,Artery x-rays head & neck
75665,Artery x-rays head & neck
75671,Artery x-rays head & neck
75676,Artery x-rays neck
75680,Artery x-rays neck
75685,Artery x-rays spine
75705,Artery x-rays spine
75710,Artery x-rays arm/leg
75716,Artery x-rays arms/legs
75722,Artery x-rays kidney
75724,Artery x-rays kidneys
75726,Artery x-rays abdomen
75731,Artery x-rays adrenal gland
75733,Artery x-rays adrenals
75736,Artery x-rays pelvis
75741,Artery x-rays lung
75743,Artery x-rays lungs
75746,Artery x-rays lung
75756,Artery x-rays chest
75774,Artery x-ray each vessel
75790,Visualize A-V shunt
75801,Lymph vessel x-ray arm/leg
75803,Lymph vessel x-rayarms/legs
75805,Lymph vessel x-ray trunk
75807,Lymph vessel x-ray trunk
75809,Nonvascular shunt x-ray
75810,Vein x-ray spleen/liver
75820,Vein x-ray arm/leg
75822,Vein x-ray arms/legs
75825,Vein x-ray trunk
75827,Vein x-ray chest
75831,Vein x-ray kidney
75833,Vein x-ray kidneys
75840,Vein x-ray adrenal gland
75842,Vein x-ray adrenal glands
75860,Vein x-ray neck
75870,Vein x-ray skull
75872,Vein x-ray skull
75880,Vein x-ray eye socket
75885,Vein x-ray liver
75887,Vein x-ray liver
75889,Vein x-ray liver
75891,Vein x-ray liver
75893,Venous sampling by catheter
75894,X-rays transcath therapy
75896,X-rays transcath therapy
75898,Follow-up angiography
75900,Arterial catheter exchange
75901,Remove cva device obstruct
75902,Remove cva lumen obstruct
75940,X-ray placement vein filter
75945,Intravascular us
75946,Intravascular us add-on
75952,Endovasc repair abdom aorta
75953,Abdom aneurysm endovas rpr
75954,Iliac aneurysm endovas rpr
75960,Transcath iv stent rs&i
75961,Retrieval broken catheter
75962,Repair arterial blockage
75964,Repair artery blockage each
75966,Repair arterial blockage
75968,Repair artery blockage each
75970,Vascular biopsy
75978,Repair venous blockage
75980,Contrast xray exam bile duct
75982,Contrast xray exam bile duct
75984,Xray control catheter change
75989,Abscess drainage under x-ray
75992,Atherectomy x-ray exam
75993,Atherectomy x-ray exam
75994,Atherectomy x-ray exam
75995,Atherectomy x-ray exam
75996,Atherectomy x-ray exam
75998,Fluoroguide for vein device
76000,Fluoroscope examination
76001,Fluoroscope exam extensive
76003,Needle localization by x-ray
76005,Fluoroguide for spine inject
76006,X-ray stress view
76010,X-ray nose to rectum
76012,Percut vertebroplasty fluor
76013,Percut vertebroplasty ct
76020,X-rays for bone age
76040,X-rays bone evaluation
76061,X-rays bone survey
76062,X-rays bone survey
76065,X-rays bone evaluation
76066,Joint survey single view
76070,Ct bone density axial
76071,Ct bone density peripheral
76075,Dxa bone density axial
76076,Dxa bone density/peripheral
76077,Dxa bone density/v-fracture
76078,Radiographic absorptiometry
76080,X-ray exam of fistula
76082,Computer mammogram add-on
76083,Computer mammogram add-on
76086,X-ray of mammary duct
76088,X-ray of mammary ducts
76090,Mammogram one breast
76091,Mammogram both breasts
76092,Mammogram screening
76093,Magnetic image breast
76094,Magnetic image both breasts
76095,Stereotactic breast biopsy
76096,X-ray of needle wire breast
76098,X-ray exam breast specimen
76100,X-ray exam of body section
76101,Complex body section x-ray
76102,Complex body section x-rays
76120,Cine/video x-rays
76125,Cine/video x-rays add-on
76140,X-ray consultation
76150,X-ray exam dry process
76350,Special x-ray contrast study
76355,Ct scan for localization
76360,Ct scan for needle biopsy
76362,Ct guide for tissue ablation
76370,Ct scan for therapy guide
76375,3d/holograph reconstr add-on
76380,CAT scan follow-up study
76390,Mr spectroscopy
76393,Mr guidance for needle place
76394,Mri for tissue ablation
76400,Magnetic image bone marrow
76496,Fluoroscopic procedure
76497,Ct procedure
76498,Mri procedure
76499,Radiographic procedure
76506,Echo exam of head
76510,Ophth us b & quant a
76511,Ophth us quant a only
76512,Ophth us b w/non-quant a
76513,Echo exam of eye water bath
76514,Echo exam of eye thickness
76516,Echo exam of eye
76519,Echo exam of eye
76529,Echo exam of eye
76536,Us exam of head and neck
76604,Us exam chest b-scan
76645,Us exam breast(s)
76700,Us exam abdom complete
76705,Echo exam of abdomen
76770,Us exam abdo back wall comp
76775,Us exam abdo back wall lim
76778,Us exam kidney transplant
76800,Us exam spinal canal
76801,Ob us < 14 wks single fetus
76802,Ob us < 14 wks add?l fetus
76805,Ob us >/= 14 wks sngl fetus
76810,Ob us >/= 14 wks addl fetus
76811,Ob us detailed sngl fetus
76812,Ob us detailed addl fetus
76815,Ob us limited fetus(s)
76816,Ob us follow-up per fetus
76817,Transvaginal us obstetric
76818,Fetal biophys profile w/nst
76819,Fetal biophys profil w/o nst
76820,Umbilical artery echo
76821,Middle cerebral artery echo
76825,Echo exam of fetal heart
76826,Echo exam of fetal heart
76827,Echo exam of fetal heart
76828,Echo exam of fetal heart
76830,Transvaginal us non-ob
76831,Echo exam uterus
76856,Us exam pelvic complete
76857,Us exam pelvic limited
76870,Us exam scrotum
76872,Us transrectal
76873,Echograp trans r pros study
76880,Us exam extremity
76885,Us exam infant hips dynamic
76886,Us exam infant hips static
76930,Echo guide cardiocentesis
76932,Echo guide for heart biopsy
76936,Echo guide for artery repair
76937,Us guide vascular access
76940,Us guide tissue ablation
76941,Echo guide for transfusion
76942,Echo guide for biopsy
76945,Echo guide villus sampling
76946,Echo guide for amniocentesis
76948,Echo guide ova aspiration
76950,Echo guidance radiotherapy
76965,Echo guidance radiotherapy
76970,Ultrasound exam follow-up
76975,GI endoscopic ultrasound
76977,Us bone density measure
76986,Ultrasound guide intraoper
76999,Echo examination procedure
77261,Radiation therapy planning
77262,Radiation therapy planning
77263,Radiation therapy planning
77280,Set radiation therapy field
77285,Set radiation therapy field
77290,Set radiation therapy field
77295,Set radiation therapy field
77299,Radiation therapy planning
77300,Radiation therapy dose plan
77301,Radiotherapy dose plan imrt
77305,Teletx isodose plan simple
77310,Teletx isodose plan intermed
77315,Teletx isodose plan complex
77321,Special teletx port plan
77326,Brachytx isodose calc simp
77327,Brachytx isodose calc interm
77328,Brachytx isodose plan compl
77331,Special radiation dosimetry
77332,Radiation treatment aid(s)
77333,Radiation treatment aid(s)
77334,Radiation treatment aid(s)
77336,Radiation physics consult
77370,Radiation physics consult
77399,External radiation dosimetry
77401,Radiation treatment delivery
77402,Radiation treatment delivery
77403,Radiation treatment delivery
77404,Radiation treatment delivery
77406,Radiation treatment delivery
77407,Radiation treatment delivery
77408,Radiation treatment delivery
77409,Radiation treatment delivery
77411,Radiation treatment delivery
77412,Radiation treatment delivery
77413,Radiation treatment delivery
77414,Radiation treatment delivery
77416,Radiation treatment delivery
77417,Radiology port film(s)
77418,Radiation tx delivery imrt
77427,Radiation tx management x5
77431,Radiation therapy management
77432,Stereotactic radiation trmt
77470,Special radiation treatment
77499,Radiation therapy management
77520,Proton trmt simple w/o comp
77522,Proton trmt simple w/comp
77523,Proton trmt intermediate
77525,Proton treatment complex
77600,Hyperthermia treatment
77605,Hyperthermia treatment
77610,Hyperthermia treatment
77615,Hyperthermia treatment
77620,Hyperthermia treatment
77750,Infuse radioactive materials
77761,Apply intrcav radiat simple
77762,Apply intrcav radiat interm
77763,Apply intrcav radiat compl
77776,Apply interstit radiat simpl
77777,Apply interstit radiat inter
77778,Apply interstit radiat compl
77781,High intensity brachytherapy
77782,High intensity brachytherapy
77783,High intensity brachytherapy
77784,High intensity brachytherapy
77789,Apply surface radiation
77790,Radiation handling
77799,Radium/radioisotope therapy
78000,Thyroid single uptake
78001,Thyroid multiple uptakes
78003,Thyroid suppress/stimul
78006,Thyroid imaging with uptake
78007,Thyroid image mult uptakes
78010,Thyroid imaging
78011,Thyroid imaging with flow
78015,Thyroid met imaging
78016,Thyroid met imaging/studies
78018,Thyroid met imaging body
78020,Thyroid met uptake
78070,Parathyroid nuclear imaging
78075,Adrenal nuclear imaging
78099,Endocrine nuclear procedure
78102,Bone marrow imaging ltd
78103,Bone marrow imaging mult
78104,Bone marrow imaging body
78110,Plasma volume single
78111,Plasma volume multiple
78120,Red cell mass single
78121,Red cell mass multiple
78122,Blood volume
78130,Red cell survival study
78135,Red cell survival kinetics
78140,Red cell sequestration
78160,Plasma iron turnover
78162,Radioiron absorption exam
78170,Red cell iron utilization
78172,Total body iron estimation
78185,Spleen imaging
78190,Platelet survival kinetics
78191,Platelet survival
78195,Lymph system imaging
78199,Blood/lymph nuclear exam
78201,Liver imaging
78202,Liver imaging with flow
78205,Liver imaging (3D)
78206,Liver image (3d) with flow
78215,Liver and spleen imaging
78216,Liver & spleen image/flow
78220,Liver function study
78223,Hepatobiliary imaging
78230,Salivary gland imaging
78231,Serial salivary imaging
78232,Salivary gland function exam
78258,Esophageal motility study
78261,Gastric mucosa imaging
78262,Gastroesophageal reflux exam
78264,Gastric emptying study
78267,Breath tst attain/anal c-14
78268,Breath test analysis c-14
78270,Vit B-12 absorption exam
78271,Vit b-12 absrp exam int fac
78272,Vit B-12 absorp combined
78278,Acute GI blood loss imaging
78282,GI protein loss exam
78290,Meckel?s divert exam
78291,Leveen/shunt patency exam
78299,GI nuclear procedure
78300,Bone imaging limited area
78305,Bone imaging multiple areas
78306,Bone imaging whole body
78315,Bone imaging 3 phase
78320,Bone imaging (3D)
78350,Bone mineral single photon
78351,Bone mineral dual photon
78399,Musculoskeletal nuclear exam
78414,Non-imaging heart function
78428,Cardiac shunt imaging
78445,Vascular flow imaging
78455,Venous thrombosis study
78456,Acute venous thrombus image
78457,Venous thrombosis imaging
78458,Ven thrombosis images bilat
78459,Heart muscle imaging (PET)
78460,Heart muscle blood single
78461,Heart muscle blood multiple
78464,Heart image (3d) single
78465,Heart image (3d) multiple
78466,Heart infarct image
78468,Heart infarct image (ef)
78469,Heart infarct image (3D)
78472,Gated heart planar single
78473,Gated heart multiple
78478,Heart wall motion add-on
78480,Heart function add-on
78481,Heart first pass single
78483,Heart first pass multiple
78491,Heart image (pet) single
78492,Heart image (pet) multiple
78494,Heart image spect
78496,Heart first pass add-on
78499,Cardiovascular nuclear exam
78580,Lung perfusion imaging
78584,Lung V/Q image single breath
78585,Lung V/Q imaging
78586,Aerosol lung image single
78587,Aerosol lung image multiple
78588,Perfusion lung image
78591,Vent image 1 breath 1 proj
78593,Vent image 1 proj gas
78594,Vent image mult proj gas
78596,Lung differential function
78599,Respiratory nuclear exam
78600,Brain imaging ltd static
78601,Brain imaging ltd w/flow
78605,Brain imaging complete
78606,Brain imaging compl w/flow
78607,Brain imaging (3D)
78608,Brain imaging (PET)
78609,Brain imaging (PET)
78610,Brain flow imaging only
78615,Cerebral vascular flow image
78630,Cerebrospinal fluid scan
78635,CSF ventriculography
78645,CSF shunt evaluation
78647,Cerebrospinal fluid scan
78650,CSF leakage imaging
78660,Nuclear exam of tear flow
78699,Nervous system nuclear exam
78700,Kidney imaging static
78701,Kidney imaging with flow
78704,Imaging renogram
78707,Kidney flow/function image
78708,Kidney flow/function image
78709,Kidney flow/function image
78710,Kidney imaging (3D)
78715,Renal vascular flow exam
78725,Kidney function study
78730,Urinary bladder retention
78740,Ureteral reflux study
78760,Testicular imaging
78761,Testicular imaging/flow
78799,Genitourinary nuclear exam
78800,Tumor imaging limited area
78801,Tumor imaging mult areas
78802,Tumor imaging whole body
78803,Tumor imaging (3D)
78804,Tumor imaging whole body
78805,Abscess imaging ltd area
78806,Abscess imaging whole body
78807,Nuclear localization/abscess
78811,Tumor imaging (pet) limited
78812,Tumor image (pet)/skul-thigh
78813,Tumor image (pet) full body
78814,Tumor image pet/ct limited
78815,Tumorimage pet/ct skul-thigh
78816,Tumor image pet/ct full body
78890,Nuclear medicine data proc
78891,Nuclear med data proc
78999,Nuclear diagnostic exam
79005,Nuclear rx oral admin
79101,Nuclear rx iv admin
79200,Nuclear rx intracav admin
79300,Nuclr rx interstit colloid
79403,Hematopoietic nuclear tx
79440,Nuclear rx intra-articular
79445,Nuclear rx intra-arterial
79999,Nuclear medicine therapy
80048,Basic metabolic panel
80050,General health panel
80051,Electrolyte panel
80053,Comprehen metabolic panel
80055,Obstetric panel
80061,Lipid panel
80069,Renal function panel
80074,Acute hepatitis panel
80076,Hepatic function panel
80100,Drug screen qualitate/multi
80101,Drug screen single
80102,Drug confirmation
80103,Drug analysis tissue prep
80150,Assay of amikacin
80152,Assay of amitriptyline
80154,Assay of benzodiazepines
80156,Assay carbamazepine total
80157,Assay carbamazepine free
80158,Assay of cyclosporine
80160,Assay of desipramine
80162,Assay of digoxin
80164,Assay dipropylacetic acid
80166,Assay of doxepin
80168,Assay of ethosuximide
80170,Assay of gentamicin
80172,Assay of gold
80173,Assay of haloperidol
80174,Assay of imipramine
80176,Assay of lidocaine
80178,Assay of lithium
80182,Assay of nortriptyline
80184,Assay of phenobarbital
80185,Assay of phenytoin total
80186,Assay of phenytoin free
80188,Assay of primidone
80190,Assay of procainamide
80192,Assay of procainamide
80194,Assay of quinidine
80196,Assay of salicylate
80197,Assay of tacrolimus
80198,Assay of theophylline
80200,Assay of tobramycin
80201,Assay of topiramate
80202,Assay of vancomycin
80299,Quantitative assay drug
80400,Acth stimulation panel
80402,Acth stimulation panel
80406,Acth stimulation panel
80408,Aldosterone suppression eval
80410,Calcitonin stimul panel
80412,CRH stimulation panel
80414,Testosterone response
80415,Estradiol response panel
80416,Renin stimulation panel
80417,Renin stimulation panel
80418,Pituitary evaluation panel
80420,Dexamethasone panel
80422,Glucagon tolerance panel
80424,Glucagon tolerance panel
80426,Gonadotropin hormone panel
80428,Growth hormone panel
80430,Growth hormone panel
80432,Insulin suppression panel
80434,Insulin tolerance panel
80435,Insulin tolerance panel
80436,Metyrapone panel
80438,TRH stimulation panel
80439,TRH stimulation panel
80440,TRH stimulation panel
80500,Lab pathology consultation
80502,Lab pathology consultation
81000,Urinalysis nonauto w/scope
81001,Urinalysis auto w/scope
81002,Urinalysis nonauto w/o scope
81003,Urinalysis auto w/o scope
81005,Urinalysis
81007,Urine screen for bacteria
81015,Microscopic exam of urine
81020,Urinalysis glass test
81025,Urine pregnancy test
81050,Urinalysis volume measure
81099,Urinalysis test procedure
82000,Assay of blood acetaldehyde
82003,Assay of acetaminophen
82009,Test for acetone/ketones
82010,Acetone assay
82013,Acetylcholinesterase assay
82016,Acylcarnitines qual
82017,Acylcarnitines quant
82024,Assay of acth
82030,Assay of adp & amp
82040,Assay of serum albumin
82042,Assay of urine albumin
82043,Microalbumin quantitative
82044,Microalbumin semiquant
82045,Albumin ischemia modified
82055,Assay of ethanol
82075,Assay of breath ethanol
82085,Assay of aldolase
82088,Assay of aldosterone
82101,Assay of urine alkaloids
82103,Alpha-1-antitrypsin total
82104,Alpha-1-antitrypsin pheno
82105,Alpha-fetoprotein serum
82106,Alpha-fetoprotein amniotic
82108,Assay of aluminum
82120,Amines vaginal fluid qual
82127,Amino acid single qual
82128,Amino acids mult qual
82131,Amino acids single quant
82135,Assay aminolevulinic acid
82136,Amino acids quant 2-5
82139,Amino acids quan 6 or more
82140,Assay of ammonia
82143,Amniotic fluid scan
82145,Assay of amphetamines
82150,Assay of amylase
82154,Androstanediol glucuronide
82157,Assay of androstenedione
82160,Assay of androsterone
82163,Assay of angiotensin II
82164,Angiotensin I enzyme test
82172,Assay of apolipoprotein
82175,Assay of arsenic
82180,Assay of ascorbic acid
82190,Atomic absorption
82205,Assay of barbiturates
82232,Assay of beta-2 protein
82239,Bile acids total
82240,Bile acids cholylglycine
82247,Bilirubin total
82248,Bilirubin direct
82252,Fecal bilirubin test
82261,Assay of biotinidase
82270,Test for blood feces
82273,Test for blood other source
82274,Assay test for blood fecal
82286,Assay of bradykinin
82300,Assay of cadmium
82306,Assay of vitamin D
82307,Assay of vitamin D
82308,Assay of calcitonin
82310,Assay of calcium
82330,Assay of calcium
82331,Calcium infusion test
82340,Assay of calcium in urine
82355,Calculus analysis qual
82360,Calculus assay quant
82365,Calculus spectroscopy
82370,X-ray assay calculus
82373,Assay c-d transfer measure
82374,Assay blood carbon dioxide
82375,Assay blood carbon monoxide
82376,Test for carbon monoxide
82378,Carcinoembryonic antigen
82379,Assay of carnitine
82380,Assay of carotene
82382,Assay urine catecholamines
82383,Assay blood catecholamines
82384,Assay three catecholamines
82387,Assay of cathepsin-d
82390,Assay of ceruloplasmin
82397,Chemiluminescent assay
82415,Assay of chloramphenicol
82435,Assay of blood chloride
82436,Assay of urine chloride
82438,Assay other fluid chlorides
82441,Test for chlorohydrocarbons
82465,Assay bld/serum cholesterol
82480,Assay serum cholinesterase
82482,Assay rbc cholinesterase
82485,Assay chondroitin sulfate
82486,Gas/liquid chromatography
82487,Paper chromatography
82488,Paper chromatography
82489,Thin layer chromatography
82491,Chromotography quant sing
82492,Chromotography quant mult
82495,Assay of chromium
82507,Assay of citrate
82520,Assay of cocaine
82523,Collagen crosslinks
82525,Assay of copper
82528,Assay of corticosterone
82530,Cortisol free
82533,Total cortisol
82540,Assay of creatine
82541,Column chromotography qual
82542,Column chromotography quant
82543,Column chromotograph/isotope
82544,Column chromotograph/isotope
82550,Assay of ck (cpk)
82552,Assay of cpk in blood
82553,Creatine MB fraction
82554,Creatine isoforms
82565,Assay of creatinine
82570,Assay of urine creatinine
82575,Creatinine clearance test
82585,Assay of cryofibrinogen
82595,Assay of cryoglobulin
82600,Assay of cyanide
82607,Vitamin B-12
82608,B-12 binding capacity
82615,Test for urine cystines
82626,Dehydroepiandrosterone
82627,Dehydroepiandrosterone
82633,Desoxycorticosterone
82634,Deoxycortisol
82638,Assay of dibucaine number
82646,Assay of dihydrocodeinone
82649,Assay of dihydromorphinone
82651,Assay of dihydrotestosterone
82652,Assay of dihydroxyvitamin d
82654,Assay of dimethadione
82656,Pancreatic elastase fecal
82657,Enzyme cell activity
82658,Enzyme cell activity ra
82664,Electrophoretic test
82666,Assay of epiandrosterone
82668,Assay of erythropoietin
82670,Assay of estradiol
82671,Assay of estrogens
82672,Assay of estrogen
82677,Assay of estriol
82679,Assay of estrone
82690,Assay of ethchlorvynol
82693,Assay of ethylene glycol
82696,Assay of etiocholanolone
82705,Fats/lipids feces qual
82710,Fats/lipids feces quant
82715,Assay of fecal fat
82725,Assay of blood fatty acids
82726,Long chain fatty acids
82728,Assay of ferritin
82731,Assay of fetal fibronectin
82735,Assay of fluoride
82742,Assay of flurazepam
82746,Blood folic acid serum
82747,Assay of folic acid rbc
82757,Assay of semen fructose
82759,Assay of rbc galactokinase
82760,Assay of galactose
82775,Assay galactose transferase
82776,Galactose transferase test
82784,Assay of gammaglobulin igm
82785,Assay of gammaglobulin ige
82787,Igg 1 2 3 or 4 each
82800,Blood pH
82803,Blood gases: pH pO2 & pCO2
82805,Blood gases W/02 saturation
82810,Blood gases O2 sat only
82820,Hemoglobin-oxygen affinity
82926,Assay of gastric acid
82928,Assay of gastric acid
82938,Gastrin test
82941,Assay of gastrin
82943,Assay of glucagon
82945,Glucose other fluid
82946,Glucagon tolerance test
82947,Assay glucose blood quant
82948,Reagent strip/blood glucose
82950,Glucose test
82951,Glucose tolerance test (GTT)
82952,GTT-added samples
82953,Glucose-tolbutamide test
82955,Assay of g6pd enzyme
82960,Test for G6PD enzyme
82962,Glucose blood test
82963,Assay of glucosidase
82965,Assay of gdh enzyme
82975,Assay of glutamine
82977,Assay of GGT
82978,Assay of glutathione
82979,Assay rbc glutathione
82980,Assay of glutethimide
82985,Glycated protein
83001,Gonadotropin (FSH)
83002,Gonadotropin (LH)
83003,Assay growth hormone (hgh)
83008,Assay of guanosine
83009,H pylori (c-13) blood
83010,Assay of haptoglobin quant
83012,Assay of haptoglobins
83013,H pylori (c-13) breath
83014,H pylori drug admin
83015,Heavy metal screen
83018,Quantitative screen metals
83020,Hemoglobin electrophoresis
83021,Hemoglobin chromotography
83026,Hemoglobin copper sulfate
83030,Fetal hemoglobin chemical
83033,Fetal hemoglobin assay qual
83036,Glycated hemoglobin test
83045,Blood methemoglobin test
83050,Blood methemoglobin assay
83051,Assay of plasma hemoglobin
83055,Blood sulfhemoglobin test
83060,Blood sulfhemoglobin assay
83065,Assay of hemoglobin heat
83068,Hemoglobin stability screen
83069,Assay of urine hemoglobin
83070,Assay of hemosiderin qual
83071,Assay of hemosiderin quant
83080,Assay of b hexosaminidase
83088,Assay of histamine
83090,Assay of homocystine
83150,Assay of for hva
83491,Assay of corticosteroids
83497,Assay of 5-hiaa
83498,Assay of progesterone
83499,Assay of progesterone
83500,Assay free hydroxyproline
83505,Assay total hydroxyproline
83516,Immunoassay nonantibody
83518,Immunoassay dipstick
83519,Immunoassay nonantibody
83520,Immunoassay RIA
83525,Assay of insulin
83527,Assay of insulin
83528,Assay of intrinsic factor
83540,Assay of iron
83550,Iron binding test
83570,Assay of idh enzyme
83582,Assay of ketogenic steroids
83586,Assay 17- ketosteroids
83593,Fractionation ketosteroids
83605,Assay of lactic acid
83615,Lactate (LD) (LDH) enzyme
83625,Assay of ldh enzymes
83630,Lactoferrin fecal (qual)
83632,Placental lactogen
83633,Test urine for lactose
83634,Assay of urine for lactose
83655,Assay of lead
83661,L/s ratio fetal lung
83662,Foam stability fetal lung
83663,Fluoro polarize fetal lung
83664,Lamellar bdy fetal lung
83670,Assay of lap enzyme
83690,Assay of lipase
83715,Assay of blood lipoproteins
83716,Assay of blood lipoproteins
83718,Assay of lipoprotein
83719,Assay of blood lipoprotein
83721,Assay of blood lipoprotein
83727,Assay of lrh hormone
83735,Assay of magnesium
83775,Assay of md enzyme
83785,Assay of manganese
83788,Mass spectrometry qual
83789,Mass spectrometry quant
83805,Assay of meprobamate
83825,Assay of mercury
83835,Assay of metanephrines
83840,Assay of methadone
83857,Assay of methemalbumin
83858,Assay of methsuximide
83864,Mucopolysaccharides
83866,Mucopolysaccharides screen
83872,Assay synovial fluid mucin
83873,Assay of csf protein
83874,Assay of myoglobin
83880,Natriuretic peptide
83883,Assay nephelometry not spec
83885,Assay of nickel
83887,Assay of nicotine
83890,Molecule isolate
83891,Molecule isolate nucleic
83892,Molecular diagnostics
83893,Molecule dot/slot/blot
83894,Molecule gel electrophor
83896,Molecular diagnostics
83897,Molecule nucleic transfer
83898,Molecule nucleic ampli
83901,Molecule nucleic ampli
83902,Molecular diagnostics
83903,Molecule mutation scan
83904,Molecule mutation identify
83905,Molecule mutation identify
83906,Molecule mutation identify
83912,Genetic examination
83915,Assay of nucleotidase
83916,Oligoclonal bands
83918,Organic acids total quant
83919,Organic acids qual each
83921,Organic acid single quant
83925,Assay of opiates
83930,Assay of blood osmolality
83935,Assay of urine osmolality
83937,Assay of osteocalcin
83945,Assay of oxalate
83950,Oncoprotein her-2/neu
83970,Assay of parathormone
83986,Assay of body fluid acidity
83992,Assay for phencyclidine
84022,Assay of phenothiazine
84030,Assay of blood pku
84035,Assay of phenylketones
84060,Assay acid phosphatase
84061,Phosphatase forensic exam
84066,Assay prostate phosphatase
84075,Assay alkaline phosphatase
84078,Assay alkaline phosphatase
84080,Assay alkaline phosphatases
84081,Amniotic fluid enzyme test
84085,Assay of rbc pg6d enzyme
84087,Assay phosphohexose enzymes
84100,Assay of phosphorus
84105,Assay of urine phosphorus
84106,Test for porphobilinogen
84110,Assay of porphobilinogen
84119,Test urine for porphyrins
84120,Assay of urine porphyrins
84126,Assay of feces porphyrins
84127,Assay of feces porphyrins
84132,Assay of serum potassium
84133,Assay of urine potassium
84134,Assay of prealbumin
84135,Assay of pregnanediol
84138,Assay of pregnanetriol
84140,Assay of pregnenolone
84143,Assay of 17-hydroxypregneno
84144,Assay of progesterone
84146,Assay of prolactin
84150,Assay of prostaglandin
84152,Assay of psa complexed
84153,Assay of psa total
84154,Assay of psa free
84155,Assay of protein serum
84156,Assay of protein urine
84157,Assay of protein other
84160,Assay of protein any source
84163,Pappa serum
84165,Protein e-phoresis serum
84166,Protein e-phoresis/urine/csf
84181,Western blot test
84182,Protein western blot test
84202,Assay RBC protoporphyrin
84203,Test RBC protoporphyrin
84206,Assay of proinsulin
84207,Assay of vitamin b-6
84210,Assay of pyruvate
84220,Assay of pyruvate kinase
84228,Assay of quinine
84233,Assay of estrogen
84234,Assay of progesterone
84235,Assay of endocrine hormone
84238,Assay nonendocrine receptor
84244,Assay of renin
84252,Assay of vitamin b-2
84255,Assay of selenium
84260,Assay of serotonin
84270,Assay of sex hormone globul
84275,Assay of sialic acid
84285,Assay of silica
84295,Assay of serum sodium
84300,Assay of urine sodium
84302,Assay of sweat sodium
84305,Assay of somatomedin
84307,Assay of somatostatin
84311,Spectrophotometry
84315,Body fluid specific gravity
84375,Chromatogram assay sugars
84376,Sugars single qual
84377,Sugars multiple qual
84378,Sugars single quant
84379,Sugars multiple quant
84392,Assay of urine sulfate
84402,Assay of testosterone
84403,Assay of total testosterone
84425,Assay of vitamin b-1
84430,Assay of thiocyanate
84432,Assay of thyroglobulin
84436,Assay of total thyroxine
84437,Assay of neonatal thyroxine
84439,Assay of free thyroxine
84442,Assay of thyroid activity
84443,Assay thyroid stim hormone
84445,Assay of tsi
84446,Assay of vitamin e
84449,Assay of transcortin
84450,Transferase (AST) (SGOT)
84460,Alanine amino (ALT) (SGPT)
84466,Assay of transferrin
84478,Assay of triglycerides
84479,Assay of thyroid (t3 or t4)
84480,Assay triiodothyronine (t3)
84481,Free assay (FT-3)
84482,T3 reverse
84484,Assay of troponin quant
84485,Assay duodenal fluid trypsin
84488,Test feces for trypsin
84490,Assay of feces for trypsin
84510,Assay of tyrosine
84512,Assay of troponin qual
84520,Assay of urea nitrogen
84525,Urea nitrogen semi-quant
84540,Assay of urine/urea-n
84545,Urea-N clearance test
84550,Assay of blood/uric acid
84560,Assay of urine/uric acid
84577,Assay of feces/urobilinogen
84578,Test urine urobilinogen
84580,Assay of urine urobilinogen
84583,Assay of urine urobilinogen
84585,Assay of urine vma
84586,Assay of vip
84588,Assay of vasopressin
84590,Assay of vitamin a
84591,Assay of nos vitamin
84597,Assay of vitamin k
84600,Assay of volatiles
84620,Xylose tolerance test
84630,Assay of zinc
84681,Assay of c-peptide
84702,Chorionic gonadotropin test
84703,Chorionic gonadotropin assay
84830,Ovulation tests
84999,Clinical chemistry test
85002,Bleeding time test
85004,Automated diff wbc count
85007,Bl smear w/diff wbc count
85008,Bl smear w/o diff wbc count
85009,Manual diff wbc count b-coat
85013,Spun microhematocrit
85014,Hematocrit
85018,Hemoglobin
85025,Complete cbc w/auto diff wbc
85027,Complete cbc automated
85032,Manual cell count each
85041,Automated rbc count
85044,Manual reticulocyte count
85045,Automated reticulocyte count
85046,Reticyte/hgb concentrate
85048,Automated leukocyte count
85049,Automated platelet count
85055,Reticulated platelet assay
85060,Blood smear interpretation
85097,Bone marrow interpretation
85130,Chromogenic substrate assay
85170,Blood clot retraction
85175,Blood clot lysis time
85210,Blood clot factor II test
85220,Blood clot factor V test
85230,Blood clot factor VII test
85240,Blood clot factor VIII test
85244,Blood clot factor VIII test
85245,Blood clot factor VIII test
85246,Blood clot factor VIII test
85247,Blood clot factor VIII test
85250,Blood clot factor IX test
85260,Blood clot factor X test
85270,Blood clot factor XI test
85280,Blood clot factor XII test
85290,Blood clot factor XIII test
85291,Blood clot factor XIII test
85292,Blood clot factor assay
85293,Blood clot factor assay
85300,Antithrombin III test
85301,Antithrombin III test
85302,Blood clot inhibitor antigen
85303,Blood clot inhibitor test
85305,Blood clot inhibitor assay
85306,Blood clot inhibitor test
85307,Assay activated protein c
85335,Factor inhibitor test
85337,Thrombomodulin
85345,Coagulation time
85347,Coagulation time
85348,Coagulation time
85360,Euglobulin lysis
85362,Fibrin degradation products
85366,Fibrinogen test
85370,Fibrinogen test
85378,Fibrin degrade semiquant
85379,Fibrin degradation quant
85380,Fibrin degradation vte
85384,Fibrinogen
85385,Fibrinogen
85390,Fibrinolysins screen
85396,Clotting assay whole blood
85400,Fibrinolytic plasmin
85410,Fibrinolytic antiplasmin
85415,Fibrinolytic plasminogen
85420,Fibrinolytic plasminogen
85421,Fibrinolytic plasminogen
85441,Heinz bodies direct
85445,Heinz bodies induced
85460,Hemoglobin fetal
85461,Hemoglobin fetal
85475,Hemolysin
85520,Heparin assay
85525,Heparin neutralization
85530,Heparin-protamine tolerance
85536,Iron stain peripheral blood
85540,Wbc alkaline phosphatase
85547,RBC mechanical fragility
85549,Muramidase
85555,RBC osmotic fragility
85557,RBC osmotic fragility
85576,Blood platelet aggregation
85597,Platelet neutralization
85610,Prothrombin time
85611,Prothrombin test
85612,Viper venom prothrombin time
85613,Russell viper venom diluted
85635,Reptilase test
85651,Rbc sed rate nonautomated
85652,Rbc sed rate automated
85660,RBC sickle cell test
85670,Thrombin time plasma
85675,Thrombin time titer
85705,Thromboplastin inhibition
85730,Thromboplastin time partial
85732,Thromboplastin time partial
85810,Blood viscosity examination
85999,Hematology procedure
86000,Agglutinins febrile
86001,Allergen specific igg
86003,Allergen specific IgE
86005,Allergen specific IgE
86021,WBC antibody identification
86022,Platelet antibodies
86023,Immunoglobulin assay
86038,Antinuclear antibodies
86039,Antinuclear antibodies (ANA)
86060,Antistreptolysin o titer
86063,Antistreptolysin o screen
86064,B cells total count
86077,Physician blood bank service
86078,Physician blood bank service
86079,Physician blood bank service
86140,C-reactive protein
86141,C-reactive protein hs
86146,Glycoprotein antibody
86147,Cardiolipin antibody
86148,Phospholipid antibody
86155,Chemotaxis assay
86156,Cold agglutinin screen
86157,Cold agglutinin titer
86160,Complement antigen
86161,Complement/function activity
86162,Complement total (CH50)
86171,Complement fixation each
86185,Counterimmunoelectrophoresis
86215,Deoxyribonuclease antibody
86225,DNA antibody
86226,DNA antibody single strand
86235,Nuclear antigen antibody
86243,Fc receptor
86255,Fluorescent antibody screen
86256,Fluorescent antibody titer
86277,Growth hormone antibody
86280,Hemagglutination inhibition
86294,Immunoassay tumor qual
86300,Immunoassay tumor ca 15-3
86301,Immunoassay tumor ca 19-9
86304,Immunoassay tumor ca 125
86308,Heterophile antibodies
86309,Heterophile antibodies
86310,Heterophile antibodies
86316,Immunoassay tumor other
86317,Immunoassayinfectious agent
86318,Immunoassayinfectious agent
86320,Serum immunoelectrophoresis
86325,Other immunoelectrophoresis
86327,Immunoelectrophoresis assay
86329,Immunodiffusion
86331,Immunodiffusion ouchterlony
86332,Immune complex assay
86334,Immunofix e-phoresis serum
86335,Immunfix e-phorsis/urine/csf
86336,Inhibin A
86337,Insulin antibodies
86340,Intrinsic factor antibody
86341,Islet cell antibody
86343,Leukocyte histamine release
86344,Leukocyte phagocytosis
86353,Lymphocyte transformation
86359,T cells total count
86360,T cell absolute count/ratio
86361,T cell absolute count
86376,Microsomal antibody
86378,Migration inhibitory factor
86379,Nk cells total count
86382,Neutralization test viral
86384,Nitroblue tetrazolium dye
86403,Particle agglutination test
86406,Particle agglutination test
86430,Rheumatoid factor test
86431,Rheumatoid factor quant
86485,Skin test candida
86490,Coccidioidomycosis skin test
86510,Histoplasmosis skin test
86580,TB intradermal test
86585,TB tine test
86586,Skin test unlisted
86587,Stem cells total count
86590,Streptokinase antibody
86592,Blood serology qualitative
86593,Blood serology quantitative
86602,Antinomyces antibody
86603,Adenovirus antibody
86606,Aspergillus antibody
86609,Bacterium antibody
86611,Bartonella antibody
86612,Blastomyces antibody
86615,Bordetella antibody
86617,Lyme disease antibody
86618,Lyme disease antibody
86619,Borrelia antibody
86622,Brucella antibody
86625,Campylobacter antibody
86628,Candida antibody
86631,Chlamydia antibody
86632,Chlamydia igm antibody
86635,Coccidioides antibody
86638,Q fever antibody
86641,Cryptococcus antibody
86644,CMV antibody
86645,CMV antibody IgM
86648,Diphtheria antibody
86651,Encephalitis antibody
86652,Encephalitis antibody
86653,Encephalitis antibody
86654,Encephalitis antibody
86658,Enterovirus antibody
86663,Epstein-barr antibody
86664,Epstein-barr antibody
86665,Epstein-barr antibody
86666,Ehrlichia antibody
86668,Francisella tularensis
86671,Fungus antibody
86674,Giardia lamblia antibody
86677,Helicobacter pylori
86682,Helminth antibody
86684,Hemophilus influenza
86687,Htlv-i antibody
86688,Htlv-ii antibody
86689,HTLV/HIV confirmatory test
86692,Hepatitis delta agent
86694,Herpes simplex test
86695,Herpes simplex test
86696,Herpes simplex type 2
86698,Histoplasma
86701,HIV-1
86702,HIV-2
86703,HIV-1/HIV-2 single assay
86704,Hep b core antibody total
86705,Hep b core antibody igm
86706,Hep b surface antibody
86707,Hep be antibody
86708,Hep a antibody total
86709,Hep a antibody igm
86710,Influenza virus antibody
86713,Legionella antibody
86717,Leishmania antibody
86720,Leptospira antibody
86723,Listeria monocytogenes ab
86727,Lymph choriomeningitis ab
86729,Lympho venereum antibody
86732,Mucormycosis antibody
86735,Mumps antibody
86738,Mycoplasma antibody
86741,Neisseria meningitidis
86744,Nocardia antibody
86747,Parvovirus antibody
86750,Malaria antibody
86753,Protozoa antibody nos
86756,Respiratory virus antibody
86757,Rickettsia antibody
86759,Rotavirus antibody
86762,Rubella antibody
86765,Rubeola antibody
86768,Salmonella antibody
86771,Shigella antibody
86774,Tetanus antibody
86777,Toxoplasma antibody
86778,Toxoplasma antibody igm
86781,Treponema pallidum confirm
86784,Trichinella antibody
86787,Varicella-zoster antibody
86790,Virus antibody nos
86793,Yersinia antibody
86800,Thyroglobulin antibody
86803,Hepatitis c ab test
86804,Hep c ab test confirm
86805,Lymphocytotoxicity assay
86806,Lymphocytotoxicity assay
86807,Cytotoxic antibody screening
86808,Cytotoxic antibody screening
86812,HLA typing A B or C
86813,HLA typing A B or C
86816,HLA typing DR/DQ
86817,HLA typing DR/DQ
86821,Lymphocyte culture mixed
86822,Lymphocyte culture primed
86849,Immunology procedure
86850,RBC antibody screen
86860,RBC antibody elution
86870,RBC antibody identification
86880,Coombs test direct
86885,Coombs test indirect qual
86886,Coombs test indirect titer
86890,Autologous blood process
86891,Autologous blood op salvage
86900,Blood typing ABO
86901,Blood typing Rh (D)
86903,Blood typing antigen screen
86904,Blood typing patient serum
86905,Blood typing RBC antigens
86906,Blood typing Rh phenotype
86910,Blood typing paternity test
86911,Blood typing antigen system
86920,Compatibility test
86921,Compatibility test
86922,Compatibility test
86927,Plasma fresh frozen
86930,Frozen blood prep
86931,Frozen blood thaw
86932,Frozen blood freeze/thaw
86940,Hemolysins/agglutinins auto
86941,Hemolysins/agglutinins
86945,Blood product/irradiation
86950,Leukacyte transfusion
86965,Pooling blood platelets
86970,RBC pretreatment
86971,RBC pretreatment
86972,RBC pretreatment
86975,RBC pretreatment serum
86976,RBC pretreatment serum
86977,RBC pretreatment serum
86978,RBC pretreatment serum
86985,Split blood or products
86999,Transfusion procedure
87001,Small animal inoculation
87003,Small animal inoculation
87015,Specimen concentration
87040,Blood culture for bacteria
87045,Feces culture bacteria
87046,Stool cultr bacteria each
87070,Culture bacteria other
87071,Culture bacteri aerobic othr
87073,Culture bacteria anaerobic
87075,Cultr bacteria except blood
87076,Culture anaerobe ident each
87077,Culture aerobic identify
87081,Culture screen only
87084,Culture of specimen by kit
87086,Urine culture/colony count
87088,Urine bacteria culture
87101,Skin fungi culture
87102,Fungus isolation culture
87103,Blood fungus culture
87106,Fungi identification yeast
87107,Fungi identification mold
87109,Mycoplasma
87110,Chlamydia culture
87116,Mycobacteria culture
87118,Mycobacteric identification
87140,Culture type immunofluoresc
87143,Culture typing glc/hplc
87147,Culture type immunologic
87149,Culture type nucleic acid
87152,Culture type pulse field gel
87158,Culture typing added method
87164,Dark field examination
87166,Dark field examination
87168,Macroscopic exam arthropod
87169,Macroscopic exam parasite
87172,Pinworm exam
87176,Tissue homogenization cultr
87177,Ova and parasites smears
87181,Microbe susceptible diffuse
87184,Microbe susceptible disk
87185,Microbe susceptible enzyme
87186,Microbe susceptible mic
87187,Microbe susceptible mlc
87188,Microbe suscept macrobroth
87190,Microbe suscept mycobacteri
87197,Bactericidal level serum
87205,Smear gram stain
87206,Smear fluorescent/acid stai
87207,Smear special stain
87210,Smear wet mount saline/ink
87220,Tissue exam for fungi
87230,Assay toxin or antitoxin
87250,Virus inoculate eggs/animal
87252,Virus inoculation tissue
87253,Virus inoculate tissue addl
87254,Virus inoculation shell via
87255,Genet virus isolate hsv
87260,Adenovirus ag if
87265,Pertussis ag if
87267,Enterovirus antibody dfa
87269,Giardia ag if
87270,Chlamydia trachomatis ag if
87271,Cryptosporidum/gardia ag if
87272,Cryptosporidium ag if
87273,Herpes simplex 2 ag if
87274,Herpes simplex 1 ag if
87275,Influenza b ag if
87276,Influenza a ag if
87277,Legionella micdadei ag if
87278,Legion pneumophilia ag if
87279,Parainfluenza ag if
87280,Respiratory syncytial ag if
87281,Pneumocystis carinii ag if
87283,Rubeola ag if
87285,Treponema pallidum ag if
87290,Varicella zoster ag if
87299,Antibody detection nos if
87300,Ag detection polyval if
87301,Adenovirus ag eia
87320,Chylmd trach ag eia
87324,Clostridium ag eia
87327,Cryptococcus neoform ag eia
87328,Cryptosporidium ag eia
87329,Giardia ag eia
87332,Cytomegalovirus ag eia
87335,E coli 0157 ag eia
87336,Entamoeb hist dispr ag eia
87337,Entamoeb hist group ag eia
87338,Hpylori stool eia
87339,H pylori ag eia
87340,Hepatitis b surface ag eia
87341,Hepatitis b surface ag eia
87350,Hepatitis be ag eia
87380,Hepatitis delta ag eia
87385,Histoplasma capsul ag eia
87390,Hiv-1 ag eia
87391,Hiv-2 ag eia
87400,Influenza a/b ag eia
87420,Resp syncytial ag eia
87425,Rotavirus ag eia
87427,Shiga-like toxin ag eia
87430,Strep a ag eia
87449,Ag detect nos eia mult
87450,Ag detect nos eia single
87451,Ag detect polyval eia mult
87470,Bartonella dna dir probe
87471,Bartonella dna amp probe
87472,Bartonella dna quant
87475,Lyme dis dna dir probe
87476,Lyme dis dna amp probe
87477,Lyme dis dna quant
87480,Candida dna dir probe
87481,Candida dna amp probe
87482,Candida dna quant
87485,Chylmd pneum dna dir probe
87486,Chylmd pneum dna amp probe
87487,Chylmd pneum dna quant
87490,Chylmd trach dna dir probe
87491,Chylmd trach dna amp probe
87492,Chylmd trach dna quant
87495,Cytomeg dna dir probe
87496,Cytomeg dna amp probe
87497,Cytomeg dna quant
87510,Gardner vag dna dir probe
87511,Gardner vag dna amp probe
87512,Gardner vag dna quant
87515,Hepatitis b dna dir probe
87516,Hepatitis b dna amp probe
87517,Hepatitis b dna quant
87520,Hepatitis c rna dir probe
87521,Hepatitis c rna amp probe
87522,Hepatitis c rna quant
87525,Hepatitis g dna dir probe
87526,Hepatitis g dna amp probe
87527,Hepatitis g dna quant
87528,Hsv dna dir probe
87529,Hsv dna amp probe
87530,Hsv dna quant
87531,Hhv-6 dna dir probe
87532,Hhv-6 dna amp probe
87533,Hhv-6 dna quant
87534,Hiv-1 dna dir probe
87535,Hiv-1 dna amp probe
87536,Hiv-1 dna quant
87537,Hiv-2 dna dir probe
87538,Hiv-2 dna amp probe
87539,Hiv-2 dna quant
87540,Legion pneumo dna dir prob
87541,Legion pneumo dna amp prob
87542,Legion pneumo dna quant
87550,Mycobacteria dna dir probe
87551,Mycobacteria dna amp probe
87552,Mycobacteria dna quant
87555,M.tuberculo dna dir probe
87556,M.tuberculo dna amp probe
87557,M.tuberculo dna quant
87560,M.avium-intra dna dir prob
87561,M.avium-intra dna amp prob
87562,M.avium-intra dna quant
87580,M.pneumon dna dir probe
87581,M.pneumon dna amp probe
87582,M.pneumon dna quant
87590,N.gonorrhoeae dna dir prob
87591,N.gonorrhoeae dna amp prob
87592,N.gonorrhoeae dna quant
87620,Hpv dna dir probe
87621,Hpv dna amp probe
87622,Hpv dna quant
87650,Strep a dna dir probe
87651,Strep a dna amp probe
87652,Strep a dna quant
87660,Trichomonas vagin dir probe
87797,Detect agent nos dna dir
87798,Detect agent nos dna amp
87799,Detect agent nos dna quant
87800,Detect agnt mult dna direc
87801,Detect agnt mult dna ampli
87802,Strep b assay w/optic
87803,Clostridium toxin a w/optic
87804,Influenza assay w/optic
87807,Rsv assay w/optic
87810,Chylmd trach assay w/optic
87850,N. gonorrhoeae assay w/optic
87880,Strep a assay w/optic
87899,Agent nos assay w/optic
87901,Genotype dna hiv reverse t
87902,Genotype dna hepatitis C
87903,Phenotype dna hiv w/culture
87904,Phenotype dna hiv w/clt add
87999,Microbiology procedure
88000,Autopsy (necropsy) gross
88005,Autopsy (necropsy) gross
88007,Autopsy (necropsy) gross
88012,Autopsy (necropsy) gross
88014,Autopsy (necropsy) gross
88016,Autopsy (necropsy) gross
88020,Autopsy (necropsy) complete
88025,Autopsy (necropsy) complete
88027,Autopsy (necropsy) complete
88028,Autopsy (necropsy) complete
88029,Autopsy (necropsy) complete
88036,Limited autopsy
88037,Limited autopsy
88040,Forensic autopsy (necropsy)
88045,Coroner?s autopsy (necropsy)
88099,Necropsy (autopsy) procedure
88104,Cytopathology fluids
88106,Cytopathology fluids
88107,Cytopathology fluids
88108,Cytopath concentrate tech
88112,Cytopath cell enhance tech
88125,Forensic cytopathology
88130,Sex chromatin identification
88140,Sex chromatin identification
88141,Cytopath c/v interpret
88142,Cytopath c/v thin layer
88143,Cytopath c/v thin layer redo
88147,Cytopath c/v automated
88148,Cytopath c/v auto rescreen
88150,Cytopath c/v manual
88152,Cytopath c/v auto redo
88153,Cytopath c/v redo
88154,Cytopath c/v select
88155,Cytopath c/v index add-on
88160,Cytopath smear other source
88161,Cytopath smear other source
88162,Cytopath smear other source
88164,Cytopath tbs c/v manual
88165,Cytopath tbs c/v redo
88166,Cytopath tbs c/v auto redo
88167,Cytopath tbs c/v select
88172,Cytopathology eval of fna
88173,Cytopath eval fna report
88174,Cytopath c/v auto in fluid
88175,Cytopath c/v auto fluid redo
88182,Cell marker study
88184,Flowcytometry/ tc 1 marker
88185,Flowcytometry/tc add-on
88187,Flowcytometry/read 2-8
88188,Flowcytometry/read 9-15
88189,Flowcytometry/read 16 & >
88199,Cytopathology procedure
88230,Tissue culture lymphocyte
88233,Tissue culture skin/biopsy
88235,Tissue culture placenta
88237,Tissue culture bone marrow
88239,Tissue culture tumor
88240,Cell cryopreserve/storage
88241,Frozen cell preparation
88245,Chromosome analysis 20-25
88248,Chromosome analysis 50-100
88249,Chromosome analysis 100
88261,Chromosome analysis 5
88262,Chromosome analysis 15-20
88263,Chromosome analysis 45
88264,Chromosome analysis 20-25
88267,Chromosome analys placenta
88269,Chromosome analys amniotic
88271,Cytogenetics dna probe
88272,Cytogenetics 3-5
88273,Cytogenetics 10-30
88274,Cytogenetics 25-99
88275,Cytogenetics 100-300
88280,Chromosome karyotype study
88283,Chromosome banding study
88285,Chromosome count additional
88289,Chromosome study additional
88291,Cyto/molecular report
88299,Cytogenetic study
88300,Surgical path gross
88302,Tissue exam by pathologist
88304,Tissue exam by pathologist
88305,Tissue exam by pathologist
88307,Tissue exam by pathologist
88309,Tissue exam by pathologist
88311,Decalcify tissue
88312,Special stains
88313,Special stains
88314,Histochemical stain
88318,Chemical histochemistry
88319,Enzyme histochemistry
88321,Microslide consultation
88323,Microslide consultation
88325,Comprehensive review of data
88329,Path consult introp
88331,Path consult intraop 1 bloc
88332,Path consult intraop add?l
88342,Immunohistochemistry
88346,Immunofluorescent study
88347,Immunofluorescent study
88348,Electron microscopy
88349,Scanning electron microscopy
88355,Analysis skeletal muscle
88356,Analysis nerve
88358,Analysis tumor
88360,Tumor immunohistochem/manual
88361,Tumor immunohistochem/comput
88362,Nerve teasing preparations
88365,Insitu hybridization (fish)
88367,Insitu hybridization auto
88368,Insitu hybridization manual
88371,Protein western blot tissue
88372,Protein analysis w/probe
88380,Microdissection
88399,Surgical pathology procedure
88400,Bilirubin total transcut
89050,Body fluid cell count
89051,Body fluid cell count
89055,Leukocyte assessment fecal
89060,Examsynovial fluid crystals
89100,Sample intestinal contents
89105,Sample intestinal contents
89125,Specimen fat stain
89130,Sample stomach contents
89132,Sample stomach contents
89135,Sample stomach contents
89136,Sample stomach contents
89140,Sample stomach contents
89141,Sample stomach contents
89160,Exam feces for meat fibers
89190,Nasal smear for eosinophils
89220,Sputum specimen collection
89225,Starch granules feces
89230,Collect sweat for test
89235,Water load test
89240,Pathology lab procedure
89250,Cultr oocyte/embryo <4 days
89251,Cultr oocyte/embryo <4 days
89253,Embryo hatching
89254,Oocyte identification
89255,Prepare embryo for transfer
89257,Sperm identification
89258,Cryopreservation; embryo(s)
89259,Cryopreservation sperm
89260,Sperm isolation simple
89261,Sperm isolation complex
89264,Identify sperm tissue
89268,Insemination of oocytes
89272,Extended culture of oocytes
89280,Assist oocyte fertilization
89281,Assist oocyte fertilization
89290,Biopsy oocyte polar body
89291,Biopsy oocyte polar body
89300,Semen analysis w/huhner
89310,Semen analysis w/count
89320,Semen analysis complete
89321,Semen analysis & motility
89325,Sperm antibody test
89329,Sperm evaluation test
89330,Evaluation cervical mucus
89335,Cryopreserve testicular tiss
89342,Storage/year; embryo(s)
89343,Storage/year; sperm/semen
89344,Storage/year; reprod tissue
89346,Storage/year; oocyte(s)
89352,Thawing cryopresrved; embryo
89353,Thawing cryopresrved; sperm
89354,Thaw cryoprsvrd; reprod tiss
89356,Thawing cryopresrved; oocyte
90281,Human ig im
90283,Human ig iv
90287,Botulinum antitoxin
90288,Botulism ig iv
90291,Cmv ig iv
90296,Diphtheria antitoxin
90371,Hep b ig im
90375,Rabies ig im/sc
90376,Rabies ig heat treated
90378,Rsv ig im 50mg
90379,Rsv ig iv
90384,Rh ig full-dose im
90385,Rh ig minidose im
90386,Rh ig iv
90389,Tetanus ig im
90393,Vaccina ig im
90396,Varicella-zoster ig im
90399,Immune globulin
90465,Immune admin 1 inj < 8 yrs
90466,Immune admin addl inj < 8 y
90467,Immune admin o or n < 8 yrs
90468,Immune admin o/n addl < 8 y
90471,Immunization admin
90472,Immunization admin each add
90473,Immune admin oral/nasal
90474,Immune admin oral/nasal addl
90476,Adenovirus vaccine type 4
90477,Adenovirus vaccine type 7
90581,Anthrax vaccine sc
90585,Bcg vaccine percut
90586,Bcg vaccine intravesical
90632,Hep a vaccine adult im
90633,Hep a vacc ped/adol 2 dose
90634,Hep a vacc ped/adol 3 dose
90636,Hep a/hep b vacc adult im
90645,Hib vaccine hboc im
90646,Hib vaccine prp-d im
90647,Hib vaccine prp-omp im
90648,Hib vaccine prp-t im
90655,Flu vaccine no preserv 6-35m
90656,Flu vaccine no preserv 3 & >
90657,Flu vaccine 3 yrs im
90658,Flu vaccine 3 yrs & > im
90660,Flu vaccine nasal
90665,Lyme disease vaccine im
90669,Pneumococcal vacc ped <5
90675,Rabies vaccine im
90676,Rabies vaccine id
90680,Rotovirus vaccine oral
90690,Typhoid vaccine oral
90691,Typhoid vaccine im
90692,Typhoid vaccine h-p sc/id
90693,Typhoid vaccine akd sc
90698,Dtap-hib-ip vaccine im
90700,Dtap vaccine < 7 yrs im
90701,Dtp vaccine im
90702,Dt vaccine < 7 im
90703,Tetanus vaccine im
90704,Mumps vaccine sc
90705,Measles vaccine sc
90706,Rubella vaccine sc
90707,Mmr vaccine sc
90708,Measles-rubella vaccine sc
90710,Mmrv vaccine sc
90712,Oral poliovirus vaccine
90713,Poliovirus ipv sc
90715,Tdap vaccine >7 im
90716,Chicken pox vaccine sc
90717,Yellow fever vaccine sc
90718,Td vaccine > 7 im
90719,Diphtheria vaccine im
90720,Dtp/hib vaccine im
90721,Dtap/hib vaccine im
90723,Dtap-hep b-ipv vaccine im
90725,Cholera vaccine injectable
90727,Plague vaccine im
90732,Pneumococcal vaccine
90733,Meningococcal vaccine sc
90734,Meningococcal vaccine im
90735,Encephalitis vaccine sc
90740,Hepb vacc ill pat 3 dose im
90743,Hep b vacc adol 2 dose im
90744,Hepb vacc ped/adol 3 dose im
90746,Hep b vaccine adult im
90747,Hepb vacc ill pat 4 dose im
90748,Hep b/hib vaccine im
90749,Vaccine toxoid
90780,IV infusion therapy 1 hour
90781,IV infusion additional hour
90782,Injection sc/im
90783,Injection ia
90784,Injection iv
90788,Injection of antibiotic
90799,Ther/prophylactic/dx inject
90801,Psy dx interview
90802,Intac psy dx interview
90804,Psytx office 20-30 min
90805,Psytx off 20-30 min w/e&m
90806,Psytx off 45-50 min
90807,Psytx off 45-50 min w/e&m
90808,Psytx office 75-80 min
90809,Psytx off 75-80 w/e&m
90810,Intac psytx off 20-30 min
90811,Intac psytx 20-30 w/e&m
90812,Intac psytx off 45-50 min
90813,Intac psytx 45-50 min w/e&m
90814,Intac psytx off 75-80 min
90815,Intac psytx 75-80 w/e&m
90816,Psytx hosp 20-30 min
90817,Psytx hosp 20-30 min w/e&m
90818,Psytx hosp 45-50 min
90819,Psytx hosp 45-50 min w/e&m
90821,Psytx hosp 75-80 min
90822,Psytx hosp 75-80 min w/e&m
90823,Intac psytx hosp 20-30 min
90824,Intac psytx hsp 20-30 w/e&m
90826,Intac psytx hosp 45-50 min
90827,Intac psytx hsp 45-50 w/e&m
90828,Intac psytx hosp 75-80 min
90829,Intac psytx hsp 75-80 w/e&m
90845,Psychoanalysis
90846,Family psytx w/o patient
90847,Family psytx w/patient
90849,Multiple family group psytx
90853,Group psychotherapy
90857,Intac group psytx
90862,Medication management
90865,Narcosynthesis
90870,Electroconvulsive therapy
90871,Electroconvulsive therapy
90875,Psychophysiological therapy
90876,Psychophysiological therapy
90880,Hypnotherapy
90882,Environmental manipulation
90885,Psy evaluation of records
90887,Consultation with family
90889,Preparation of report
90899,Psychiatric service/therapy
90901,Biofeedback train any meth
90911,Biofeedback peri/uro/rectal
90918,ESRD related services month
90919,ESRD related services month
90920,ESRD related services month
90921,ESRD related services month
90922,ESRD related services day
90923,Esrd related services day
90924,Esrd related services day
90925,Esrd related services day
90935,Hemodialysis one evaluation
90937,Hemodialysis repeated eval
90939,Hemodialysis study transcut
90940,Hemodialysis access study
90945,Dialysis one evaluation
90947,Dialysis repeated eval
90989,Dialysis training complete
90993,Dialysis training incompl
90997,Hemoperfusion
90999,Dialysis procedure
91000,Esophageal intubation
91010,Esophagus motility study
91011,Esophagus motility study
91012,Esophagus motility study
91020,Gastric motility
91030,Acid perfusion of esophagus
91034,Gastroesophageal reflux test
91035,G-esoph reflx tst w/electrod
91037,Esoph imped function test
91038,Esoph imped funct test > 1h
91040,Esoph balloon distension tst
91052,Gastric analysis test
91055,Gastric intubation for smear
91060,Gastric saline load test
91065,Breath hydrogen test
91100,Pass intestine bleeding tube
91105,Gastric intubation treatment
91110,Gi tract capsule endoscopy
91120,Rectal sensation test
91122,Anal pressure record
91123,Irrigate fecal impaction
91132,Electrogastrography
91133,Electrogastrography w/test
91299,Gastroenterology procedure
92002,Eye exam new patient
92004,Eye exam new patient
92012,Eye exam established pat
92014,Eye exam & treatment
92015,Refraction
92018,New eye exam & treatment
92019,Eye exam & treatment
92020,Special eye evaluation
92060,Special eye evaluation
92065,Orthoptic/pleoptic training
92070,Fitting of contact lens
92081,Visual field examination(s)
92082,Visual field examination(s)
92083,Visual field examination(s)
92100,Serial tonometry exam(s)
92120,Tonography & eye evaluation
92130,Water provocation tonography
92135,Opthalmic dx imaging
92136,Ophthalmic biometry
92140,Glaucoma provocative tests
92225,Special eye exam initial
92226,Special eye exam subsequent
92230,Eye exam with photos
92235,Eye exam with photos
92240,Icg angiography
92250,Eye exam with photos
92260,Ophthalmoscopy/dynamometry
92265,Eye muscle evaluation
92270,Electro-oculography
92275,Electroretinography
92283,Color vision examination
92284,Dark adaptation eye exam
92285,Eye photography
92286,Internal eye photography
92287,Internal eye photography
92310,Contact lens fitting
92311,Contact lens fitting
92312,Contact lens fitting
92313,Contact lens fitting
92314,Prescription of contact lens
92315,Prescription of contact lens
92316,Prescription of contact lens
92317,Prescription of contact lens
92325,Modification of contact lens
92326,Replacement of contact lens
92330,Fitting of artificial eye
92335,Fitting of artificial eye
92340,Fitting of spectacles
92341,Fitting of spectacles
92342,Fitting of spectacles
92352,Special spectacles fitting
92353,Special spectacles fitting
92354,Special spectacles fitting
92355,Special spectacles fitting
92358,Eye prosthesis service
92370,Repair & adjust spectacles
92371,Repair & adjust spectacles
92390,Supply of spectacles
92391,Supply of contact lenses
92392,Supply of low vision aids
92393,Supply of artificial eye
92395,Supply of spectacles
92396,Supply of contact lenses
92499,Eye service or procedure
92502,Ear and throat examination
92504,Ear microscopy examination
92506,Speech/hearing evaluation
92507,Speech/hearing therapy
92508,Speech/hearing therapy
92510,Rehab for ear implant
92511,Nasopharyngoscopy
92512,Nasal function studies
92516,Facial nerve function test
92520,Laryngeal function studies
92526,Oral function therapy
92531,Spontaneous nystagmus study
92532,Positional nystagmus test
92533,Caloric vestibular test
92534,Optokinetic nystagmus test
92541,Spontaneous nystagmus test
92542,Positional nystagmus test
92543,Caloric vestibular test
92544,Optokinetic nystagmus test
92545,Oscillating tracking test
92546,Sinusoidal rotational test
92547,Supplemental electrical test
92548,Posturography
92551,Pure tone hearing test air
92552,Pure tone audiometry air
92553,Audiometry air & bone
92555,Speech threshold audiometry
92556,Speech audiometry complete
92557,Comprehensive hearing test
92559,Group audiometric testing
92560,Bekesy audiometry screen
92561,Bekesy audiometry diagnosis
92562,Loudness balance test
92563,Tone decay hearing test
92564,Sisi hearing test
92565,Stenger test pure tone
92567,Tympanometry
92568,Acoustic reflex testing
92569,Acoustic reflex decay test
92571,Filtered speech hearing test
92572,Staggered spondaic word test
92573,Lombard test
92575,Sensorineural acuity test
92576,Synthetic sentence test
92577,Stenger test speech
92579,Visual audiometry (vra)
92582,Conditioning play audiometry
92583,Select picture audiometry
92584,Electrocochleography
92585,Auditor evoke potent compre
92586,Auditor evoke potent limit
92587,Evoked auditory test
92588,Evoked auditory test
92590,Hearing aid exam one ear
92591,Hearing aid exam both ears
92592,Hearing aid check one ear
92593,Hearing aid check both ears
92594,Electro hearng aid test one
92595,Electro hearng aid tst both
92596,Ear protector evaluation
92597,Oral speech device eval
92601,Cochlear implt f/up exam < 7
92602,Reprogram cochlear implt < 7
92603,Cochlear implt f/up exam 7 >
92604,Reprogram cochlear implt 7 >
92605,Eval for nonspeech device rx
92606,Non-speech device service
92607,Ex for speech device rx 1hr
92608,Ex for speech device rx addl
92609,Use of speech device service
92610,Evaluate swallowing function
92611,Motion fluoroscopy/swallow
92612,Endoscopy swallow tst (fees)
92613,Endoscopy swallow tst (fees)
92614,Laryngoscopic sensory test
92615,Eval laryngoscopy sense tst
92616,Fees w/laryngeal sense test
92617,Interprt fees/laryngeal test
92620,Auditory function 60 min
92621,Auditory function + 15 min
92625,Tinnitus assessment
92700,Ent procedure/service
92950,Heart/lung resuscitation cpr
92953,Temporary external pacing
92960,Cardioversion electric ext
92961,Cardioversion electric int
92970,Cardioassist internal
92971,Cardioassist external
92973,Percut coronary thrombectomy
92974,Cath place cardio brachytx
92975,Dissolve clot heart vessel
92977,Dissolve clot heart vessel
92978,Intravasc us heart add-on
92979,Intravasc us heart add-on
92980,Insert intracoronary stent
92981,Insert intracoronary stent
92982,Coronary artery dilation
92984,Coronary artery dilation
92986,Revision of aortic valve
92987,Revision of mitral valve
92990,Revision of pulmonary valve
92992,Revision of heart chamber
92993,Revision of heart chamber
92995,Coronary atherectomy
92996,Coronary atherectomy add-on
92997,Pul art balloon repr percut
92998,Pul art balloon repr percut
93000,Electrocardiogram complete
93005,Electrocardiogram tracing
93010,Electrocardiogram report
93012,Transmission of ecg
93014,Report on transmitted ecg
93015,Cardiovascular stress test
93016,Cardiovascular stress test
93017,Cardiovascular stress test
93018,Cardiovascular stress test
93024,Cardiac drug stress test
93025,Microvolt t-wave assess
93040,Rhythm ECG with report
93041,Rhythm ECG tracing
93042,Rhythm ECG report
93224,ECG monitor/report 24 hrs
93225,ECG monitor/record 24 hrs
93226,ECG monitor/report 24 hrs
93227,ECG monitor/review 24 hrs
93230,ECG monitor/report 24 hrs
93231,Ecg monitor/record 24 hrs
93232,ECG monitor/report 24 hrs
93233,ECG monitor/review 24 hrs
93235,ECG monitor/report 24 hrs
93236,ECG monitor/report 24 hrs
93237,ECG monitor/review 24 hrs
93268,ECG record/review
93270,ECG recording
93271,Ecg/monitoring and analysis
93272,Ecg/review interpret only
93278,ECG/signal-averaged
93303,Echo transthoracic
93304,Echo transthoracic
93307,Echo exam of heart
93308,Echo exam of heart
93312,Echo transesophageal
93313,Echo transesophageal
93314,Echo transesophageal
93315,Echo transesophageal
93316,Echo transesophageal
93317,Echo transesophageal
93318,Echo transesophageal intraop
93320,Doppler echo exam heart
93321,Doppler echo exam heart
93325,Doppler color flow add-on
93350,Echo transthoracic
93501,Right heart catheterization
93503,Insert/place heart catheter
93505,Biopsy of heart lining
93508,Cath placement angiography
93510,Left heart catheterization
93511,Left heart catheterization
93514,Left heart catheterization
93524,Left heart catheterization
93526,Rt & Lt heart catheters
93527,Rt & Lt heart catheters
93528,Rt & Lt heart catheters
93529,Rt lt heart catheterization
93530,Rt heart cath congenital
93531,R & l heart cath congenital
93532,R & l heart cath congenital
93533,R & l heart cath congenital
93539,Injection cardiac cath
93540,Injection cardiac cath
93541,Injection for lung angiogram
93542,Injection for heart x-rays
93543,Injection for heart x-rays
93544,Injection for aortography
93545,Inject for coronary x-rays
93555,Imaging cardiac cath
93556,Imaging cardiac cath
93561,Cardiac output measurement
93562,Cardiac output measurement
93571,Heart flow reserve measure
93572,Heart flow reserve measure
93580,Transcath closure of asd
93581,Transcath closure of vsd
93600,Bundle of His recording
93602,Intra-atrial recording
93603,Right ventricular recording
93609,Map tachycardia add-on
93610,Intra-atrial pacing
93612,Intraventricular pacing
93613,Electrophys map 3d add-on
93615,Esophageal recording
93616,Esophageal recording
93618,Heart rhythm pacing
93619,Electrophysiology evaluation
93620,Electrophysiology evaluation
93621,Electrophysiology evaluation
93622,Electrophysiology evaluation
93623,Stimulation pacing heart
93624,Electrophysiologic study
93631,Heart pacing mapping
93640,Evaluation heart device
93641,Electrophysiology evaluation
93642,Electrophysiology evaluation
93650,Ablate heart dysrhythm focus
93651,Ablate heart dysrhythm focus
93652,Ablate heart dysrhythm focus
93660,Tilt table evaluation
93662,Intracardiac ecg (ice)
93668,Peripheral vascular rehab
93701,Bioimpedance thoracic
93720,Total body plethysmography
93721,Plethysmography tracing
93722,Plethysmography report
93724,Analyze pacemaker system
93727,Analyze ilr system
93731,Analyze pacemaker system
93732,Analyze pacemaker system
93733,Telephone analy pacemaker
93734,Analyze pacemaker system
93735,Analyze pacemaker system
93736,Telephonic analy pacemaker
93740,Temperature gradient studies
93741,Analyze ht pace device sngl
93742,Analyze ht pace device sngl
93743,Analyze ht pace device dual
93744,Analyze ht pace device dual
93745,Set-up cardiovert-defibrill
93760,Cephalic thermogram
93762,Peripheral thermogram
93770,Measure venous pressure
93784,Ambulatory BP monitoring
93786,Ambulatory BP recording
93788,Ambulatory BP analysis
93790,Review/report BP recording
93797,Cardiac rehab
93798,Cardiac rehab/monitor
93799,Cardiovascular procedure
93875,Extracranial study
93880,Extracranial study
93882,Extracranial study
93886,Intracranial study
93888,Intracranial study
93890,Tcd vasoreactivity study
93892,Tcd emboli detect w/o inj
93893,Tcd emboli detect w/inj
93922,Extremity study
93923,Extremity study
93924,Extremity study
93925,Lower extremity study
93926,Lower extremity study
93930,Upper extremity study
93931,Upper extremity study
93965,Extremity study
93970,Extremity study
93971,Extremity study
93975,Vascular study
93976,Vascular study
93978,Vascular study
93979,Vascular study
93980,Penile vascular study
93981,Penile vascular study
93990,Doppler flow testing
94010,Breathing capacity test
94014,Patient recorded spirometry
94015,Patient recorded spirometry
94016,Review patient spirometry
94060,Evaluation of wheezing
94070,Evaluation of wheezing
94150,Vital capacity test
94200,Lung function test (MBC/MVV)
94240,Residual lung capacity
94250,Expired gas collection
94260,Thoracic gas volume
94350,Lung nitrogen washout curve
94360,Measure airflow resistance
94370,Breath airway closing volume
94375,Respiratory flow volume loop
94400,CO2 breathing response curve
94450,Hypoxia response curve
94452,Hast w/report
94453,Hast w/oxygen titrate
94620,Pulmonary stress test/simple
94621,Pulm stress test/complex
94640,Airway inhalation treatment
94642,Aerosol inhalation treatment
94656,Initial ventilator mgmt
94657,Continued ventilator mgmt
94660,Pos airway pressure CPAP
94662,Neg press ventilation cnp
94664,Evaluate pt use of inhaler
94667,Chest wall manipulation
94668,Chest wall manipulation
94680,Exhaled air analysis o2
94681,Exhaled air analysis o2/co2
94690,Exhaled air analysis
94720,Monoxide diffusing capacity
94725,Membrane diffusion capacity
94750,Pulmonary compliance study
94760,Measure blood oxygen level
94761,Measure blood oxygen level
94762,Measure blood oxygen level
94770,Exhaled carbon dioxide test
94772,Breath recording infant
94799,Pulmonary service/procedure
95004,Percut allergy skin tests
95010,Percut allergy titrate test
95015,Id allergy titrate-drug/bug
95024,Id allergy test drug/bug
95027,Id allergy titrate-airborne
95028,Id allergy test-delayed type
95044,Allergy patch tests
95052,Photo patch test
95056,Photosensitivity tests
95060,Eye allergy tests
95065,Nose allergy test
95070,Bronchial allergy tests
95071,Bronchial allergy tests
95075,Ingestion challenge test
95078,Provocative testing
95115,Immunotherapy one injection
95117,Immunotherapy injections
95120,Immunotherapy one injection
95125,Immunotherapy many antigens
95130,Immunotherapy insect venom
95131,Immunotherapy insect venoms
95132,Immunotherapy insect venoms
95133,Immunotherapy insect venoms
95134,Immunotherapy insect venoms
95144,Antigen therapy services
95145,Antigen therapy services
95146,Antigen therapy services
95147,Antigen therapy services
95148,Antigen therapy services
95149,Antigen therapy services
95165,Antigen therapy services
95170,Antigen therapy services
95180,Rapid desensitization
95199,Allergy immunology services
95250,Glucose monitoring cont
95805,Multiple sleep latency test
95806,Sleep study unattended
95807,Sleep study attended
95808,Polysomnography 1-3
95810,Polysomnography 4 or more
95811,Polysomnography w/cpap
95812,Eeg 41-60 minutes
95813,Eeg over 1 hour
95816,Eeg awake and drowsy
95819,Eeg awake and asleep
95822,Eeg coma or sleep only
95824,Eeg cerebral death only
95827,Eeg all night recording
95829,Surgery electrocorticogram
95830,Insert electrodes for EEG
95831,Limb muscle testing manual
95832,Hand muscle testing manual
95833,Body muscle testing manual
95834,Body muscle testing manual
95851,Range of motion measurements
95852,Range of motion measurements
95857,Tensilon test
95858,Tensilon test & myogram
95860,Muscle test one limb
95861,Muscle test 2 limbs
95863,Muscle test 3 limbs
95864,Muscle test 4 limbs
95867,Muscle test cran nerv unilat
95868,Muscle test cran nerve bilat
95869,Muscle test thor paraspinal
95870,Muscle test nonparaspinal
95872,Muscle test one fiber
95875,Limb exercise test
95900,Motor nerve conduction test
95903,Motor nerve conduction test
95904,Sense nerve conduction test
95920,Intraop nerve test add-on
95921,Autonomic nerv function test
95922,Autonomic nerv function test
95923,Autonomic nerv function test
95925,Somatosensory testing
95926,Somatosensory testing
95927,Somatosensory testing
95928,C motor evoked uppr limbs
95929,C motor evoked lwr limbs
95930,Visual evoked potential test
95933,Blink reflex test
95934,H-reflex test
95936,H-reflex test
95937,Neuromuscular junction test
95950,Ambulatory eeg monitoring
95951,EEG monitoring/videorecord
95953,EEG monitoring/computer
95954,EEG monitoring/giving drugs
95955,EEG during surgery
95956,Eeg monitoring cable/radio
95957,EEG digital analysis
95958,EEG monitoring/function test
95961,Electrode stimulation brain
95962,Electrode stim brain add-on
95965,Meg spontaneous
95966,Meg evoked single
95967,Meg evoked each add?l
95970,Analyze neurostim no prog
95971,Analyze neurostim simple
95972,Analyze neurostim complex
95973,Analyze neurostim complex
95974,Cranial neurostim complex
95975,Cranial neurostim complex
95978,Analyze neurostim brain/1h
95979,Analyz neurostim brain addon
95990,Spin/brain pump refil & main
95991,Spin/brain pump refil & main
95999,Neurological procedure
96000,Motion analysis video/3d
96001,Motion test w/ft press meas
96002,Dynamic surface emg
96003,Dynamic fine wire emg
96004,Phys review of motion tests
96100,Psychological testing
96105,Assessment of aphasia
96110,Developmental test lim
96111,Developmental test extend
96115,Neurobehavior status exam
96117,Neuropsych test battery
96150,Assess hlth/behave init
96151,Assess hlth/behave subseq
96152,Intervene hlth/behave indiv
96153,Intervene hlth/behave group
96154,Interv hlth/behav fam w/pt
96155,Interv hlth/behav fam no pt
96400,Chemotherapy sc/im
96405,Intralesional chemo admin
96406,Intralesional chemo admin
96408,Chemotherapy push technique
96410,Chemotherapyinfusion method
96412,Chemo infuse method add-on
96414,Chemo infuse method add-on
96420,Chemotherapy push technique
96422,Chemotherapyinfusion method
96423,Chemo infuse method add-on
96425,Chemotherapyinfusion method
96440,Chemotherapy intracavitary
96445,Chemotherapy intracavitary
96450,Chemotherapy into CNS
96520,Port pump refill & main
96530,Syst pump refill & main
96542,Chemotherapy injection
96545,Provide chemotherapy agent
96549,Chemotherapy unspecified
96567,Photodynamic tx skin
96570,Photodynamic tx 30 min
96571,Photodynamic tx addl 15 min
96900,Ultraviolet light therapy
96902,Trichogram
96910,Photochemotherapy with UV-B
96912,Photochemotherapy with UV-A
96913,Photochemotherapy UV-A or B
96920,Laser tx skin < 250 sq cm
96921,Laser tx skin 250-500 sq cm
96922,Laser tx skin > 500 sq cm
96999,Dermatological procedure
97001,Pt evaluation
97002,Pt re-evaluation
97003,Ot evaluation
97004,Ot re-evaluation
97005,Athletic train eval
97006,Athletic train reeval
97010,Hot or cold packs therapy
97012,Mechanical traction therapy
97014,Electric stimulation therapy
97016,Vasopneumatic device therapy
97018,Paraffin bath therapy
97020,Microwave therapy
97022,Whirlpool therapy
97024,Diathermy treatment
97026,Infrared therapy
97028,Ultraviolet therapy
97032,Electrical stimulation
97033,Electric current therapy
97034,Contrast bath therapy
97035,Ultrasound therapy
97036,Hydrotherapy
97039,Physical therapy treatment
97110,Therapeutic exercises
97112,Neuromuscular reeducation
97113,Aquatic therapy/exercises
97116,Gait training therapy
97124,Massage therapy
97139,Physical medicine procedure
97140,Manual therapy
97150,Group therapeutic procedures
97504,Orthotic training
97520,Prosthetic training
97530,Therapeutic activities
97532,Cognitive skills development
97533,Sensory integration
97535,Self care mngment training
97537,Community/work reintegration
97542,Wheelchair mngment training
97545,Work hardening
97546,Work hardening add-on
97597,Active wound care/20 cm or <
97598,Active wound care > 20 cm
97602,Wound(s) care non-selective
97605,Neg press wound tx < 50 cm
97606,Neg press wound tx > 50 cm
97703,Prosthetic checkout
97750,Physical performance test
97755,Assistive technology assess
97799,Physical medicine procedure
97802,Medical nutrition indiv in
97803,Med nutrition indiv subseq
97804,Medical nutrition group
97810,Acupunct w/o stimul 15 min
97811,Acupunct w/o stimul addl 15m
97813,Acupunct w/stimul 15 min
97814,Acupunct w/stimul addl 15m
98925,Osteopathic manipulation
98926,Osteopathic manipulation
98927,Osteopathic manipulation
98928,Osteopathic manipulation
98929,Osteopathic manipulation
98940,Chiropractic manipulation
98941,Chiropractic manipulation
98942,Chiropractic manipulation
98943,Chiropractic manipulation
99000,Specimen handling
99001,Specimen handling
99002,Device handling
99024,Postop follow-up visit
99026,In-hospital on call service
99027,Out-of-hosp on call service
99050,Medical services after hrs
99052,Medical services at night
99054,Medical servcs unusual hrs
99056,Non-office medical services
99058,Office emergency care
99070,Special supplies
99071,Patient education materials
99075,Medical testimony
99078,Group health education
99080,Special reports or forms
99082,Unusual physician travel
99090,Computer data analysis
99091,Collect/review data from pt
99100,Special anesthesia service
99116,Anesthesia with hypothermia
99135,Special anesthesia procedure
99140,Emergency anesthesia
99141,Sedation iv/im or inhalant
99142,Sedation oral/rectal/nasal
99170,Anogenital exam child
99172,Ocular function screen
99173,Visual acuity screen
99175,Induction of vomiting
99183,Hyperbaric oxygen therapy
99185,Regional hypothermia
99186,Total body hypothermia
99190,Special pump services
99191,Special pump services
99192,Special pump services
99195,Phlebotomy
99199,Special service/proc/report
99201,Office/outpatient visit new
99202,Office/outpatient visit new
99203,Office/outpatient visit new
99204,Office/outpatient visit new
99205,Office/outpatient visit new
99211,Office/outpatient visit est
99212,Office/outpatient visit est
99213,Office/outpatient visit est
99214,Office/outpatient visit est
99215,Office/outpatient visit est
99217,Observation care discharge
99218,Observation care
99219,Observation care
99220,Observation care
99221,Initial hospital care
99222,Initial hospital care
99223,Initial hospital care
99231,Subsequent hospital care
99232,Subsequent hospital care
99233,Subsequent hospital care
99234,Observ/hosp same date
99235,Observ/hosp same date
99236,Observ/hosp same date
99238,Hospital discharge day
99239,Hospital discharge day
99241,Office consultation
99242,Office consultation
99243,Office consultation
99244,Office consultation
99245,Office consultation
99251,Initial inpatient consult
99252,Initial inpatient consult
99253,Initial inpatient consult
99254,Initial inpatient consult
99255,Initial inpatient consult
99261,Follow-up inpatient consult
99262,Follow-up inpatient consult
99263,Follow-up inpatient consult
99271,Confirmatory consultation
99272,Confirmatory consultation
99273,Confirmatory consultation
99274,Confirmatory consultation
99275,Confirmatory consultation
99281,Emergency dept visit
99282,Emergency dept visit
99283,Emergency dept visit
99284,Emergency dept visit
99285,Emergency dept visit
99288,Direct advanced life support
99289,Ped crit care transport
99290,Ped crit care transport addl
99291,Critical care first hour
99292,Critical care add?l 30 min
99293,Ped critical care initial
99294,Ped critical care subseq
99295,Neonate crit care initial
99296,Neonate critical care subseq
99298,Ic for lbw infant < 1500 gm
99299,Ic lbw infant 1500-2500 gm
99301,Nursing facility care
99302,Nursing facility care
99303,Nursing facility care
99311,Nursing fac care subseq
99312,Nursing fac care subseq
99313,Nursing fac care subseq
99315,Nursing fac discharge day
99316,Nursing fac discharge day
99321,Rest home visit new patient
99322,Rest home visit new patient
99323,Rest home visit new patient
99331,Rest home visit est pat
99332,Rest home visit est pat
99333,Rest home visit est pat
99341,Home visit new patient
99342,Home visit new patient
99343,Home visit new patient
99344,Home visit new patient
99345,Home visit new patient
99347,Home visit est patient
99348,Home visit est patient
99349,Home visit est patient
99350,Home visit est patient
99354,Prolonged service office
99355,Prolonged service office
99356,Prolonged service inpatient
99357,Prolonged service inpatient
99358,Prolonged serv w/o contact
99359,Prolonged serv w/o contact
99360,Physician standby services
99361,Physician/team conference
99362,Physician/team conference
99371,Physician phone consultation
99372,Physician phone consultation
99373,Physician phone consultation
99374,Home health care supervision
99375,Home health care supervision
99377,Hospice care supervision
99378,Hospice care supervision
99379,Nursing fac care supervision
99380,Nursing fac care supervision
99381,Prev visit new infant
99382,Prev visit new age 1-4
99383,Prev visit new age 5-11
99384,Prev visit new age 12-17
99385,Prev visit new age 18-39
99386,Prev visit new age 40-64
99387,Prev visit new 65 & over
99391,Prev visit est infant
99392,Prev visit est age 1-4
99393,Prev visit est age 5-11
99394,Prev visit est age 12-17
99395,Prev visit est age 18-39
99396,Prev visit est age 40-64
99397,Prev visit est 65 & over
99401,Preventive counseling indiv
99402,Preventive counseling indiv
99403,Preventive counseling indiv
99404,Preventive counseling indiv
99411,Preventive counseling group
99412,Preventive counseling group
99420,Health risk assessment test
99429,Unlisted preventive service
99431,Initial care normal newborn
99432,Newborn care not in hosp
99433,Normal newborn care/hospital
99435,Newborn discharge day hosp
99436,Attendance birth
99440,Newborn resuscitation
99450,Life/disability evaluation
99455,Disability examination
99456,Disability examination
99499,Unlisted e&m service
99500,Home visit prenatal
99501,Home visit postnatal
99502,Home visit nb care
99503,Home visit resp therapy
99504,Home visit mech ventilator
99505,Home visit stoma care
99506,Home visit im injection
99507,Home visit cath maintain
99509,Home visit day life activity
99510,Home visit sing/m/fam couns
99511,Home visit fecal/enema mgmt
99512,Home visit for hemodialysis
99600,Home visit nos
99601,Home infusion/visit 2 hrs
99602,Home infusion each addtl hr
CODE,LONG DESCRIPTION (VALID ICD-10 FY2024)
A000,Cholera due to Vibrio cholerae 01 biovar cholerae
A001,Cholera due to Vibrio cholerae 01 biovar eltor
A009,Cholera unspecified
A0100,Typhoid fever unspecified
A0101,Typhoid meningitis
A0102,Typhoid fever with heart involvement
A0103,Typhoid pneumonia
A0104,Typhoid arthritis
A0105,Typhoid osteomyelitis
A0109,Typhoid fever with other complications
A011,Paratyphoid fever A
A012,Paratyphoid fever B
A013,Paratyphoid fever C
A014,Paratyphoid fever unspecified
A020,Salmonella enteritis
A021,Salmonella sepsis
A0220,Localized salmonella infection unspecified
A0221,Salmonella meningitis
A0222,Salmonella pneumonia
A0223,Salmonella arthritis
A0224,Salmonella osteomyelitis
A0225,Salmonella pyelonephritis
A0229,Salmonella with other localized infection
A028,Other specified salmonella infections
A029,Salmonella infection unspecified
A030,Shigellosis due to Shigella dysenteriae
A031,Shigellosis due to Shigella flexneri
A032,Shigellosis due to Shigella boydii
A033,Shigellosis due to Shigella sonnei
A038,Other shigellosis
A039,Shigellosis unspecified
A040,Enteropathogenic Escherichia coli infection
A041,Enterotoxigenic Escherichia coli infection
A042,Enteroinvasive Escherichia coli infection
A043,Enterohemorrhagic Escherichia coli infection
A044,Other intestinal Escherichia coli infections
A045,Campylobacter enteritis
A046,Enteritis due to Yersinia enterocolitica
A047,Enterocolitis due to Clostridium difficile
A0471,Enterocolitis due to Clostridium difficile recurrent
A0472,Enterocolitis due to Clostridium difficile not specified as recurrent
A048,Other specified bacterial intestinal infections
A049,Bacterial intestinal infection unspecified
A050,Foodborne staphylococcal intoxication
A051,Botulism food poisoning
A052,Foodborne Clostridium perfringens [Clostridium welchii] intoxication
A053,Foodborne Vibrio parahaemolyticus intoxication
A054,Foodborne Bacillus cereus intoxication
A055,Foodborne Vibrio vulnificus intoxication
A058,Other specified bacterial foodborne intoxications
A059,Bacterial foodborne intoxication unspecified
A060,Acute amebic dysentery
A061,Chronic intestinal amebiasis
A062,Amebic nondysenteric colitis
A063,Ameboma of intestine
A064,Amebic liver abscess
A065,Amebic lung abscess
A066,Amebic brain abscess
A067,Cutaneous amebiasis
A0681,Amebic cystitis
A0682,Other amebic genitourinary infections
A0689,Other amebic infections
A069,Amebiasis unspecified
A070,Balantidiasis
A071,Giardiasis [lambliasis]
A072,Cryptosporidiosis
A073,Isosporiasis
A074,Cyclosporiasis
A078,Other specified protozoal intestinal diseases
A079,Protozoal intestinal disease unspecified
A080,Rotaviral enteritis
A0811,Acute gastroenteropathy due to Norwalk agent
A0819,Acute gastroenteropathy due to other small round viruses
A082,Adenoviral enteritis
A0831,Calicivirus enteritis
A0832,Astrovirus enteritis
A0839,Other viral enteritis
A084,Viral intestinal infection unspecified
A088,Other specified intestinal infections
A09,Infectious gastroenteritis and colitis unspecified
A150,Tuberculosis of lung
A154,Tuberculosis of intrathoracic lymph nodes
A155,Tuberculosis of larynx trachea and bronchus
A156,Tuberculous pleurisy
A157,Primary respiratory tuberculosis
A158,Other respiratory tuberculosis
A159,Respiratory tuberculosis unspecified
A170,Tuberculous meningitis
A171,Meningeal tuberculoma
A1781,Tuberculoma of brain and spinal cord
A1782,Tuberculous meningoencephalitis
A1783,Tuberculous neuritis
A1789,Other tuberculosis of nervous system
A179,Tuberculosis of nervous system unspecified
A1801,Tuberculosis of spine
A1802,Tuberculous arthritis of other joints
A1803,Tuberculosis of other bones
A1809,Other musculoskeletal tuberculosis
A1810,Tuberculosis of genitourinary system unspecified
A1811,Tuberculosis of kidney and ureter
A1812,Tuberculosis of bladder
A1813,Tuberculosis of other urinary organs
A1814,Tuberculosis of prostate
A1815,Tuberculosis of other male genital organs
A1816,Tuberculosis of cervix
A1817,Tuberculous female pelvic inflammatory disease
A1818,Tuberculosis of other female genital organs
A182,Tuberculous peripheral lymphadenopathy
A1831,Tuberculous peritonitis
A1832,Tuberculous enteritis
A1839,Retroperitoneal tuberculosis
A184,Tuberculosis of skin and subcutaneous tissue
A1850,Tuberculosis of eye unspecified
A1851,Tuberculous episcleritis
A1852,Tuberculous keratitis
A1853,Tuberculous chorioretinitis
A1854,Tuberculous iridocyclitis
A1859,Other tuberculosis of eye
A186,Tuberculosis of (inner) (middle) ear
A187,Tuberculosis of adrenal glands
A1881,Tuberculosis of thyroid gland
A1882,Tuberculosis of other endocrine glands
A1883,Tuberculosis of digestive tract organs not elsewhere classified
A1884,Tuberculosis of heart
A1885,Tuberculosis of spleen
A1889,Tuberculosis of other sites
A190,Acute miliary tuberculosis of a single specified site
A191,Acute miliary tuberculosis of multiple sites
A192,Acute miliary tuberculosis unspecified
A198,Other miliary tuberculosis
A199,Miliary tuberculosis unspecified
A200,Bubonic plague
A201,Cellulocutaneous plague
A202,Pneumonic plague
A203,Plague meningitis
A207,Septicemic plague
A208,Other forms of plague
A209,Plague unspecified
A210,Ulceroglandular tularemia
A211,Oculoglandular tularemia
A212,Pulmonary tularemia
A213,Gastrointestinal tularemia
A217,Generalized tularemia
A218,Other forms of tularemia
A219,Tularemia unspecified
A220,Cutaneous anthrax
A221,Pulmonary anthrax
A222,Gastrointestinal anthrax
A227,Anthrax sepsis
A228,Other forms of anthrax
A229,Anthrax unspecified
A230,Brucellosis due to Brucella melitensis
A231,Brucellosis due to Brucella abortus
A232,Brucellosis due to Brucella suis
A233,Brucellosis due to Brucella canis
A238,Other brucellosis
A239,Brucellosis unspecified
A240,Glanders
A241,Acute and fulminating melioidosis
A242,Subacute and chronic melioidosis
A243,Other melioidosis
A249,Melioidosis unspecified
A250,Spirillosis
A251,Streptobacillosis
A259,Rat-bite fever unspecified
A260,Cutaneous erysipeloid
A267,Erysipelothrix sepsis
A268,Other forms of erysipeloid
A269,Erysipeloid unspecified
A270,Leptospirosis icterohemorrhagica
A2781,Aseptic meningitis in leptospirosis
A2789,Other forms of leptospirosis
A279,Leptospirosis unspecified
A280,Pasteurellosis
A281,Cat-scratch disease
A282,Extraintestinal yersiniosis
A288,Other specified zoonotic bacterial diseases not elsewhere classified
A289,Zoonotic bacterial disease unspecified
A300,Indeterminate leprosy
A301,Tuberculoid leprosy
A302,Borderline tuberculoid leprosy
A303,Borderline leprosy
A304,Borderline lepromatous leprosy
A305,Lepromatous leprosy
A308,Other forms of leprosy
A309,Leprosy unspecified
A310,Pulmonary mycobacterial infection
A311,Cutaneous mycobacterial infection
A312,Disseminated mycobacterium avium-intracellulare complex (DMAC)
A318,Other mycobacterial infections
A319,Mycobacterial infection unspecified
A320,Cutaneous listeriosis
A3211,Listerial meningitis
A3212,Listerial meningoencephalitis
A327,Listerial sepsis
A3281,Oculoglandular listeriosis
A3282,Listerial endocarditis
A3289,Other forms of listeriosis
A329,Listeriosis unspecified
A33,Tetanus neonatorum
A34,Obstetrical tetanus
A35,Other tetanus
A360,Pharyngeal diphtheria
A361,Nasopharyngeal diphtheria
A362,Laryngeal diphtheria
A363,Cutaneous diphtheria
A3681,Diphtheritic cardiomyopathy
A3682,Diphtheritic radiculomyelitis
A3683,Diphtheritic polyneuritis
A3684,Diphtheritic tubulo-interstitial nephropathy
A3685,Diphtheritic cystitis
A3686,Diphtheritic conjunctivitis
A3689,Other diphtheritic complications
A369,Diphtheria unspecified
A3700,Whooping cough due to Bordetella pertussis without pneumonia
A3701,Whooping cough due to Bordetella pertussis with pneumonia
A3710,Whooping cough due to Bordetella parapertussis without pneumonia
A3711,Whooping cough due to Bordetella parapertussis with pneumonia
A3780,Whooping cough due to other Bordetella species without pneumonia
A3781,Whooping cough due to other Bordetella species with pneumonia
A3790,Whooping cough unspecified species without pneumonia
A3791,Whooping cough unspecified species with pneumonia
A380,Scarlet fever with otitis media
A381,Scarlet fever with myocarditis
A388,Scarlet fever with other complications
A389,Scarlet fever uncomplicated
A390,Meningococcal meningitis
A391,Waterhouse-Friderichsen syndrome
A392,Acute meningococcemia
A393,Chronic meningococcemia
A394,Meningococcemia unspecified
A3950,Meningococcal carditis unspecified
A3951,Meningococcal endocarditis
A3952,Meningococcal myocarditis
A3953,Meningococcal pericarditis
A3981,Meningococcal encephalitis
A3982,Meningococcal retrobulbar neuritis
A3983,Meningococcal arthritis
A3984,Postmeningococcal arthritis
A3989,Other meningococcal infections
A399,Meningococcal infection unspecified
A400,Sepsis due to streptococcus group A
A401,Sepsis due to streptococcus group B
A403,Sepsis due to Streptococcus pneumoniae
A408,Other streptococcal sepsis
A409,Streptococcal sepsis unspecified
A4101,Sepsis due to Methicillin susceptible Staphylococcus aureus
A4102,Sepsis due to Methicillin resistant Staphylococcus aureus
A411,Sepsis due to other specified staphylococcus
A412,Sepsis due to unspecified staphylococcus
A413,Sepsis due to Hemophilus influenzae
A414,Sepsis due to anaerobes
A4150,Gram-negative sepsis unspecified
A4151,Sepsis due to Escherichia coli [E. coli]
A4152,Sepsis due to Pseudomonas
A4153,Sepsis due to Serratia
A4154,Sepsis due to Acinetobacter baumannii
A4159,Other Gram-negative sepsis
A4181,Sepsis due to Enterococcus
A4189,Other specified sepsis
A419,Sepsis unspecified organism
A420,Pulmonary actinomycosis
A421,Abdominal actinomycosis
A422,Cervicofacial actinomycosis
A427,Actinomycotic sepsis
A4281,Actinomycotic meningitis
A4282,Actinomycotic encephalitis
A4289,Other forms of actinomycosis
A429,Actinomycosis unspecified
A430,Pulmonary nocardiosis
A431,Cutaneous nocardiosis
A438,Other forms of nocardiosis
A439,Nocardiosis unspecified
A440,Systemic bartonellosis
A441,Cutaneous and mucocutaneous bartonellosis
A448,Other forms of bartonellosis
A449,Bartonellosis unspecified
A46,Erysipelas
A480,Gas gangrene
A481,Legionnaires' disease
A482,Nonpneumonic Legionnaires' disease [Pontiac fever]
A483,Toxic shock syndrome
A484,Brazilian purpuric fever
A4851,Infant botulism
A4852,Wound botulism
A488,Other specified bacterial diseases
A4901,Methicillin susceptible Staphylococcus aureus infection unspecified site
A4902,Methicillin resistant Staphylococcus aureus infection unspecified site
A491,Streptococcal infection unspecified site
A492,Hemophilus influenzae infection unspecified site
A493,Mycoplasma infection unspecified site
A498,Other bacterial infections of unspecified site
A499,Bacterial infection unspecified
A5001,Early congenital syphilitic oculopathy
A5002,Early congenital syphilitic osteochondropathy
A5003,Early congenital syphilitic pharyngitis
A5004,Early congenital syphilitic pneumonia
A5005,Early congenital syphilitic rhinitis
A5006,Early cutaneous congenital syphilis
A5007,Early mucocutaneous congenital syphilis
A5008,Early visceral congenital syphilis
A5009,Other early congenital syphilis symptomatic
A501,Early congenital syphilis latent
A502,Early congenital syphilis unspecified
A5030,Late congenital syphilitic oculopathy unspecified
A5031,Late congenital syphilitic interstitial keratitis
A5032,Late congenital syphilitic chorioretinitis
A5039,Other late congenital syphilitic oculopathy
A5040,Late congenital neurosyphilis unspecified
A5041,Late congenital syphilitic meningitis
A5042,Late congenital syphilitic encephalitis
A5043,Late congenital syphilitic polyneuropathy
A5044,Late congenital syphilitic optic nerve atrophy
A5045,Juvenile general paresis
A5049,Other late congenital neurosyphilis
A5051,Clutton's joints
A5052,Hutchinson's teeth
A5053,Hutchinson's triad
A5054,Late congenital cardiovascular syphilis
A5055,Late congenital syphilitic arthropathy
A5056,Late congenital syphilitic osteochondropathy
A5057,Syphilitic saddle nose
A5059,Other late congenital syphilis symptomatic
A506,Late congenital syphilis latent
A507,Late congenital syphilis unspecified
A509,Congenital syphilis unspecified
A510,Primary genital syphilis
A511,Primary anal syphilis
A512,Primary syphilis of other sites
A5131,Condyloma latum
A5132,Syphilitic alopecia
A5139,Other secondary syphilis of skin
A5141,Secondary syphilitic meningitis
A5142,Secondary syphilitic female pelvic disease
A5143,Secondary syphilitic oculopathy
A5144,Secondary syphilitic nephritis
A5145,Secondary syphilitic hepatitis
A5146,Secondary syphilitic osteopathy
A5149,Other secondary syphilitic conditions
A515,Early syphilis latent
A519,Early syphilis unspecified
A5200,Cardiovascular syphilis unspecified
A5201,Syphilitic aneurysm of aorta
A5202,Syphilitic aortitis
A5203,Syphilitic endocarditis
A5204,Syphilitic cerebral arteritis
A5205,Other cerebrovascular syphilis
A5206,Other syphilitic heart involvement
A5209,Other cardiovascular syphilis
A5210,Symptomatic neurosyphilis unspecified
A5211,Tabes dorsalis
A5212,Other cerebrospinal syphilis
A5213,Late syphilitic meningitis
A5214,Late syphilitic encephalitis
A5215,Late syphilitic neuropathy
A5216,Charcot's arthropathy (tabetic)
A5217,General paresis
A5219,Other symptomatic neurosyphilis
A522,Asymptomatic neurosyphilis
A523,Neurosyphilis unspecified
A5271,Late syphilitic oculopathy
A5272,Syphilis of lung and bronchus
A5273,Symptomatic late syphilis of other respiratory organs
A5274,Syphilis of liver and other viscera
A5275,Syphilis of kidney and ureter
A5276,Other genitourinary symptomatic late syphilis
A5277,Syphilis of bone and joint
A5278,Syphilis of other musculoskeletal tissue
A5279,Other symptomatic late syphilis
A528,Late syphilis latent
A529,Late syphilis unspecified
A530,Latent syphilis unspecified as early or late
A539,Syphilis unspecified
A5400,Gonococcal infection of lower genitourinary tract unspecified
A5401,Gonococcal cystitis and urethritis unspecified
A5402,Gonococcal vulvovaginitis unspecified
A5403,Gonococcal cervicitis unspecified
A5409,Other gonococcal infection of lower genitourinary tract
A541,Gonococcal infection of lower genitourinary tract with periurethral and accessory gland abscess
A5421,Gonococcal infection of kidney and ureter
A5422,Gonococcal prostatitis
A5423,Gonococcal infection of other male genital organs
A5424,Gonococcal female pelvic inflammatory disease
A5429,Other gonococcal genitourinary infections
A5430,Gonococcal infection of eye unspecified
A5431,Gonococcal conjunctivitis
A5432,Gonococcal iridocyclitis
A5433,Gonococcal keratitis
A5439,Other gonococcal eye infection
A5440,Gonococcal infection of musculoskeletal system unspecified
A5441,Gonococcal spondylopathy
A5442,Gonococcal arthritis
A5443,Gonococcal osteomyelitis
A5449,Gonococcal infection of other musculoskeletal tissue
A545,Gonococcal pharyngitis
A546,Gonococcal infection of anus and rectum
A5481,Gonococcal meningitis
A5482,Gonococcal brain abscess
A5483,Gonococcal heart infection
A5484,Gonococcal pneumonia
A5485,Gonococcal peritonitis
A5486,Gonococcal sepsis
A5489,Other gonococcal infections
A549,Gonococcal infection unspecified
A55,Chlamydial lymphogranuloma (venereum)
A5600,Chlamydial infection of lower genitourinary tract unspecified
A5601,Chlamydial cystitis and urethritis
A5602,Chlamydial vulvovaginitis
A5609,Other chlamydial infection of lower genitourinary tract
A5611,Chlamydial female pelvic inflammatory disease
A5619,Other chlamydial genitourinary infection
A562,Chlamydial infection of genitourinary tract unspecified
A563,Chlamydial infection of anus and rectum
A564,Chlamydial infection of pharynx
A568,Sexually transmitted chlamydial infection of other sites
A57,Chancroid
A58,Granuloma inguinale
A5900,Urogenital trichomoniasis unspecified
A5901,Trichomonal vulvovaginitis
A5902,Trichomonal prostatitis
A5903,Trichomonal cystitis and urethritis
A5909,Other urogenital trichomoniasis
A598,Trichomoniasis of other sites
A599,Trichomoniasis unspecified
A6000,Herpesviral infection of urogenital system unspecified
A6001,Herpesviral infection of penis
A6002,Herpesviral infection of other male genital organs
A6003,Herpesviral cervicitis
A6004,Herpesviral vulvovaginitis
A6009,Herpesviral infection of other urogenital tract
A601,Herpesviral infection of perianal skin and rectum
A609,Anogenital herpesviral infection unspecified
A630,Anogenital (venereal) warts
A638,Other specified predominantly sexually transmitted diseases
A64,Unspecified sexually transmitted disease
A65,Nonvenereal syphilis
A660,Initial lesions of yaws
A661,Multiple papillomata and wet crab yaws
A662,Other early skin lesions of yaws
A663,Hyperkeratosis of yaws
A664,Gummata and ulcers of yaws
A665,Gangosa
A666,Bone and joint lesions of yaws
A667,Other manifestations of yaws
A668,Latent yaws
A669,Yaws unspecified
A670,Primary lesions of pinta
A671,Intermediate lesions of pinta
A672,Late lesions of pinta
A673,Mixed lesions of pinta
A679,Pinta unspecified
A680,Louse-borne relapsing fever
A681,Tick-borne relapsing fever
A689,Relapsing fever unspecified
A690,Necrotizing ulcerative stomatitis
A691,Other Vincent's infections
A6920,Lyme disease unspecified
A6921,Meningitis due to Lyme disease
A6922,Other neurologic disorders in Lyme disease
A6923,Arthritis due to Lyme disease
A6929,Other conditions associated with Lyme disease
A698,Other specified spirochetal infections
A699,Spirochetal infection unspecified
A70,Chlamydia psittaci infections
A710,Initial stage of trachoma
A711,Active stage of trachoma
A719,Trachoma unspecified
A740,Chlamydial conjunctivitis
A7481,Chlamydial peritonitis
A7489,Other chlamydial diseases
A749,Chlamydial infection unspecified
A750,Epidemic louse-borne typhus fever due to Rickettsia prowazekii
A751,Recrudescent typhus [Brill's disease]
A752,Typhus fever due to Rickettsia typhi
A753,Typhus fever due to Rickettsia tsutsugamushi
A759,Typhus fever unspecified
A770,Spotted fever due to Rickettsia rickettsii
A771,Spotted fever due to Rickettsia conorii
A772,Spotted fever due to Rickettsia siberica
A773,Spotted fever due to Rickettsia australis
A7740,Ehrlichiosis unspecified
A7741,Ehrlichiosis chafeensis [E. chafeensis]
A7749,Other ehrlichiosis
A778,Other spotted fevers
A779,Spotted fever unspecified
A78,Q fever
A790,Trench fever
A791,Rickettsialpox due to Rickettsia akari
A7981,Rickettsiosis due to Ehrlichia sennetsu
A7982,Anaplasmosis [A. phagocytophilum]
A7989,Other specified rickettsioses
A799,Rickettsiosis unspecified
A800,Acute paralytic poliomyelitis vaccine-associated
A801,Acute paralytic poliomyelitis wild virus imported
A802,Acute paralytic poliomyelitis wild virus indigenous
A8030,Acute paralytic poliomyelitis unspecified
A8039,Other acute paralytic poliomyelitis
A804,Acute nonparalytic poliomyelitis
A809,Acute poliomyelitis unspecified
A8100,Creutzfeldt-Jakob disease unspecified
A8101,Variant Creutzfeldt-Jakob disease
A8109,Other Creutzfeldt-Jakob disease
A811,Subacute sclerosing panencephalitis
A812,Progressive multifocal leukoencephalopathy
A8181,Kuru
A8182,Gerstmann-Straussler-Scheinker syndrome
A8183,Fatal familial insomnia
A8189,Other atypical virus infections of central nervous system
A819,Atypical virus infection of central nervous system unspecified
A820,Sylvatic rabies
A821,Urban rabies
A829,Rabies unspecified
A830,Japanese encephalitis
A831,Western equine encephalitis
A832,Eastern equine encephalitis
A833,St Louis encephalitis
A834,Australian encephalitis
A835,California encephalitis
A836,Rocio virus disease
A838,Other mosquito-borne viral encephalitis
A839,Mosquito-borne viral encephalitis unspecified
A840,Far Eastern tick-borne encephalitis [Russian spring-summer encephalitis]
A841,Central European tick-borne encephalitis
A848,Other tick-borne viral encephalitis
A8481,Powassan virus disease
A8489,Other tick-borne viral encephalitis
A849,Tick-borne viral encephalitis unspecified
A850,Enteroviral encephalitis
A851,Adenoviral encephalitis
A852,Arthropod-borne viral encephalitis unspecified
A858,Other specified viral encephalitis
A86,Unspecified viral encephalitis
A870,Enteroviral meningitis
A871,Adenoviral meningitis
A872,Lymphocytic choriomeningitis
A878,Other viral meningitis
A879,Viral meningitis unspecified
A880,Enteroviral exanthematous fever [Boston exanthem]
A881,Epidemic vertigo
A888,Other specified viral infections of central nervous system
A89,Unspecified viral infection of central nervous system
A90,Dengue fever [classical dengue]
A91,Dengue hemorrhagic fever
A920,Chikungunya virus disease
A921,O'nyong-nyong fever
A922,Venezuelan equine fever
A9230,West Nile virus infection unspecified
A9231,West Nile virus infection with encephalitis
A9232,West Nile virus infection with other neurologic manifestation
A9239,West Nile virus infection with other complications
A924,Rift Valley fever
A925,Zika virus disease
A928,Other specified mosquito-borne viral fevers
A929,Mosquito-borne viral fever unspecified
A930,Oropouche virus disease
A931,Sandfly fever
A932,Colorado tick fever
A938,Other specified arthropod-borne viral fevers
A94,Unspecified arthropod-borne viral fever
A950,Sylvatic yellow fever
A951,Urban yellow fever
A959,Yellow fever unspecified
A960,Junin hemorrhagic fever
A961,Machupo hemorrhagic fever
A962,Lassa fever
A968,Other arenaviral hemorrhagic fevers
A969,Arenaviral hemorrhagic fever unspecified
A980,Crimean-Congo hemorrhagic fever
A981,Omsk hemorrhagic fever
A982,Kyasanur Forest disease
A983,Marburg virus disease
A984,Ebola virus disease
A985,Hemorrhagic fever with renal syndrome
A988,Other specified viral hemorrhagic fevers
A99,Unspecified viral hemorrhagic fever
B000,Eczema herpeticum
B001,Herpesviral vesicular dermatitis
B002,Herpesviral gingivostomatitis and pharyngotonsillitis
B003,Herpesviral meningitis
B004,Herpesviral encephalitis
B0050,Herpesviral ocular disease unspecified
B0051,Herpesviral iridocyclitis
B0052,Herpesviral keratitis
B0053,Herpesviral conjunctivitis
B0059,Other herpesviral disease of eye
B007,Disseminated herpesviral disease
B0081,Herpesviral hepatitis
B0082,Herpes simplex myelitis
B0089,Other herpesviral infection
B009,Herpesviral infection unspecified
B010,Varicella meningitis
B0111,Varicella encephalitis and encephalomyelitis
B0112,Varicella myelitis
B012,Varicella pneumonia
B0181,Varicella keratitis
B0189,Other varicella complications
B019,Varicella without complication
B020,Zoster encephalitis
B021,Zoster meningitis
B0221,Postherpetic geniculate ganglionitis
B0222,Postherpetic trigeminal neuralgia
B0223,Postherpetic polyneuropathy
B0224,Postherpetic myelitis
B0229,Other postherpetic nervous system involvement
B0230,Zoster ocular disease unspecified
B0231,Zoster conjunctivitis
B0232,Zoster iridocyclitis
B0233,Zoster keratitis
B0234,Zoster scleritis
B0239,Other herpes zoster eye disease
B027,Disseminated zoster
B028,Zoster with other complications
B029,Zoster without complications
B03,Smallpox
B04,Monkeypox
B050,Measles complicated by encephalitis
B051,Measles complicated by meningitis
B052,Measles complicated by pneumonia
B053,Measles complicated by otitis media
B054,Measles with intestinal complications
B0581,Measles keratitis and keratoconjunctivitis
B0589,Other measles complications
B059,Measles without complication
B0600,Rubella with neurological complication unspecified
B0601,Rubella encephalitis
B0602,Rubella meningitis
B0609,Other neurological complications of rubella
B0681,Rubella pneumonia
B0682,Rubella arthritis
B0689,Other rubella complications
B069,Rubella without complication
B070,Plantar wart
B078,Other viral warts
B079,Viral wart unspecified
B08010,Cowpox
B08011,Vaccinia not from vaccine
B0802,Orf virus disease
B0803,Pseudocowpox [milker's node]
B0804,Paravaccinia unspecified
B0809,Other orthopoxvirus infections
B081,Molluscum contagiosum
B0820,Exanthema subitum [sixth disease] unspecified
B0821,Exanthema subitum [sixth disease] due to human herpesvirus 6
B0822,Exanthema subitum [sixth disease] due to human herpesvirus 7
B083,Erythema infectiosum [fifth disease]
B084,Enteroviral vesicular stomatitis with exanthem
B085,Enteroviral vesicular pharyngitis
B0860,Parapoxvirus infection unspecified
B0861,Bovine stomatitis
B0862,Sealpox
B0869,Other parapoxvirus infections
B0870,Yatapoxvirus infection unspecified
B0871,Tanapox virus disease
B0872,Yaba pox virus disease
B0879,Other yatapoxvirus infections
B088,Other specified viral infections characterized by skin and mucous membrane lesions
B09,Unspecified viral infection characterized by skin and mucous membrane lesions
B1001,Human herpesvirus 6 encephalitis
B1009,Other human herpesvirus encephalitis
B1081,Human herpesvirus 6 infection
B1082,Human herpesvirus 7 infection
B1089,Other human herpesvirus infection
B150,Hepatitis A with hepatic coma
B159,Hepatitis A without hepatic coma
B160,Acute hepatitis B with delta-agent with hepatic coma
B161,Acute hepatitis B with delta-agent without hepatic coma
B162,Acute hepatitis B without delta-agent with hepatic coma
B169,Acute hepatitis B without delta-agent and without hepatic coma
B170,Acute delta-(super) infection of hepatitis B carrier
B1710,Acute hepatitis C without hepatic coma
B1711,Acute hepatitis C with hepatic coma
B172,Acute hepatitis E
B178,Other specified acute viral hepatitis
B179,Acute viral hepatitis unspecified
B180,Chronic viral hepatitis B with delta-agent
B181,Chronic viral hepatitis B without delta-agent
B182,Chronic viral hepatitis C
B188,Other chronic viral hepatitis
B189,Chronic viral hepatitis unspecified
B190,Unspecified viral hepatitis with hepatic coma
B1910,Unspecified viral hepatitis B without hepatic coma
B1911,Unspecified viral hepatitis B with hepatic coma
B1920,Unspecified viral hepatitis C without hepatic coma
B1921,Unspecified viral hepatitis C with hepatic coma
B199,Unspecified viral hepatitis without hepatic coma
B20,Human immunodeficiency virus [HIV] disease
B250,Cytomegaloviral pneumonitis
B251,Cytomegaloviral hepatitis
B252,Cytomegaloviral pancreatitis
B258,Other cytomegaloviral diseases
B259,Cytomegaloviral disease unspecified
B260,Mumps orchitis
B261,Mumps meningitis
B262,Mumps encephalitis
B263,Mumps pancreatitis
B2681,Mumps hepatitis
B2682,Mumps myocarditis
B2683,Mumps nephritis
B2684,Mumps polyneuropathy
B2685,Mumps arthritis
B2689,Other mumps complications
B269,Mumps without complication
B2700,Gammaherpesviral mononucleosis without complication
B2701,Gammaherpesviral mononucleosis with polyneuropathy
B2702,Gammaherpesviral mononucleosis with meningitis
B2709,Gammaherpesviral mononucleosis with other complications
B2710,Cytomegaloviral mononucleosis without complications
B2711,Cytomegaloviral mononucleosis with polyneuropathy
B2712,Cytomegaloviral mononucleosis with meningitis
B2719,Cytomegaloviral mononucleosis with other complication
B2780,Other infectious mononucleosis without complication
B2781,Other infectious mononucleosis with polyneuropathy
B2782,Other infectious mononucleosis with meningitis
B2789,Other infectious mononucleosis with other complication
B2790,Infectious mononucleosis unspecified without complication
B2791,Infectious mononucleosis unspecified with polyneuropathy
B2792,Infectious mononucleosis unspecified with meningitis
B2799,Infectious mononucleosis unspecified with other complication
B300,Keratoconjunctivitis due to adenovirus
B301,Conjunctivitis due to adenovirus
B302,Viral pharyngoconjunctivitis
B303,Acute epidemic hemorrhagic conjunctivitis (enteroviral)
B308,Other viral conjunctivitis
B309,Viral conjunctivitis unspecified
B330,Epidemic myalgia
B331,Ross River disease
B3320,Viral carditis unspecified
B3321,Viral endocarditis
B3322,Viral myocarditis
B3323,Viral pericarditis
B3324,Viral cardiomyopathy
B333,Retrovirus infections not elsewhere classified
B334,Hantavirus (cardio)-pulmonary syndrome [HPS] [HCPS]
B338,Other specified viral diseases
B340,Adenovirus infection unspecified
B341,Enterovirus infection unspecified
B342,Coronavirus infection unspecified
B343,Parvovirus infection unspecified
B344,Papovavirus infection unspecified
B348,Other viral infections of unspecified site
B349,Viral infection unspecified
B350,Tinea barbae and tinea capitis
B351,Tinea unguium
B352,Tinea manuum
B353,Tinea pedis
B354,Tinea corporis
B355,Tinea imbricata
B356,Tinea cruris
B358,Other dermatophytoses
B359,Dermatophytosis unspecified
B360,Pityriasis versicolor
B361,Tinea nigra
B362,White piedra
B363,Black piedra
B368,Other specified superficial mycoses
B369,Superficial mycosis unspecified
B370,Candidal stomatitis
B371,Pulmonary candidiasis
B372,Candidiasis of skin and nail
B373,Candidiasis of vulva and vagina
B3731,Acute candisiasis of vulva and vagina
B3732,Chronic candidiasis of vulva and vagina
B3741,Candidal cystitis and urethritis
B3742,Candidal balanitis
B3749,Other urogenital candidiasis
B375,Candidal meningitis
B376,Candidal endocarditis
B377,Candidal sepsis
B3781,Candidal esophagitis
B3782,Candidal enteritis
B3783,Candidal cheilitis
B3784,Candidal otitis externa
B3789,Other sites of candidiasis
B379,Candidiasis unspecified
B380,Acute pulmonary coccidioidomycosis
B381,Chronic pulmonary coccidioidomycosis
B382,Pulmonary coccidioidomycosis unspecified
B383,Cutaneous coccidioidomycosis
B384,Coccidioidomycosis meningitis
B387,Disseminated coccidioidomycosis
B3881,Prostatic coccidioidomycosis
B3889,Other forms of coccidioidomycosis
B389,Coccidioidomycosis unspecified
B390,Acute pulmonary histoplasmosis capsulati
B391,Chronic pulmonary histoplasmosis capsulati
B392,Pulmonary histoplasmosis capsulati unspecified
B393,Disseminated histoplasmosis capsulati
B394,Histoplasmosis capsulati unspecified
B395,Histoplasmosis duboisii
B399,Histoplasmosis unspecified
B400,Acute pulmonary blastomycosis
B401,Chronic pulmonary blastomycosis
B402,Pulmonary blastomycosis unspecified
B403,Cutaneous blastomycosis
B407,Disseminated blastomycosis
B4081,Blastomycotic meningoencephalitis
B4089,Other forms of blastomycosis
B409,Blastomycosis unspecified
B410,Pulmonary paracoccidioidomycosis
B417,Disseminated paracoccidioidomycosis
B418,Other forms of paracoccidioidomycosis
B419,Paracoccidioidomycosis unspecified
B420,Pulmonary sporotrichosis
B421,Lymphocutaneous sporotrichosis
B427,Disseminated sporotrichosis
B4281,Cerebral sporotrichosis
B4282,Sporotrichosis arthritis
B4289,Other forms of sporotrichosis
B429,Sporotrichosis unspecified
B430,Cutaneous chromomycosis
B431,Pheomycotic brain abscess
B432,Subcutaneous pheomycotic abscess and cyst
B438,Other forms of chromomycosis
B439,Chromomycosis unspecified
B440,Invasive pulmonary aspergillosis
B441,Other pulmonary aspergillosis
B442,Tonsillar aspergillosis
B447,Disseminated aspergillosis
B4481,Allergic bronchopulmonary aspergillosis
B4489,Other forms of aspergillosis
B449,Aspergillosis unspecified
B450,Pulmonary cryptococcosis
B451,Cerebral cryptococcosis
B452,Cutaneous cryptococcosis
B453,Osseous cryptococcosis
B457,Disseminated cryptococcosis
B458,Other forms of cryptococcosis
B459,Cryptococcosis unspecified
B460,Pulmonary mucormycosis
B461,Rhinocerebral mucormycosis
B462,Gastrointestinal mucormycosis
B463,Cutaneous mucormycosis
B464,Disseminated mucormycosis
B465,Mucormycosis unspecified
B468,Other zygomycoses
B469,Zygomycosis unspecified
B470,Eumycetoma
B471,Actinomycetoma
B479,Mycetoma unspecified
B480,Lobomycosis
B481,Rhinosporidiosis
B482,Allescheriasis
B483,Geotrichosis
B484,Penicillosis
B488,Other specified mycoses
B49,Unspecified mycosis
B500,Plasmodium falciparum malaria with cerebral complications
B508,Other severe and complicated Plasmodium falciparum malaria
B509,Plasmodium falciparum malaria unspecified
B510,Plasmodium vivax malaria with rupture of spleen
B518,Plasmodium vivax malaria with other complications
B519,Plasmodium vivax malaria without complication
B520,Plasmodium malariae malaria with nephropathy
B528,Plasmodium malariae malaria with other complications
B529,Plasmodium malariae malaria without complication
B530,Plasmodium ovale malaria
B531,Malaria due to simian plasmodia
B538,Other malaria not elsewhere classified
B54,Unspecified malaria
B550,Visceral leishmaniasis
B551,Cutaneous leishmaniasis
B552,Mucocutaneous leishmaniasis
B559,Leishmaniasis unspecified
B560,Gambiense trypanosomiasis
B561,Rhodesiense trypanosomiasis
B569,African trypanosomiasis unspecified
B570,Acute Chagas' disease with heart involvement
B571,Acute Chagas' disease without heart involvement
B572,Chagas' disease (chronic) with heart involvement
B5730,Chagas' disease with digestive system involvement unspecified
B5731,Megaesophagus in Chagas' disease
B5732,Megacolon in Chagas' disease
B5739,Other digestive system involvement in Chagas' disease
B5740,Chagas' disease with nervous system involvement unspecified
B5741,Meningitis in Chagas' disease
B5742,Meningoencephalitis in Chagas' disease
B5749,Other nervous system involvement in Chagas' disease
B575,Chagas' disease (chronic) with other organ involvement
B5800,Toxoplasma oculopathy unspecified
B5801,Toxoplasma chorioretinitis
B5809,Other toxoplasma oculopathy
B581,Toxoplasma hepatitis
B582,Toxoplasma meningoencephalitis
B583,Pulmonary toxoplasmosis
B5881,Toxoplasma myocarditis
B5882,Toxoplasma myositis
B5883,Toxoplasma tubulo-interstitial nephropathy
B5889,Toxoplasmosis with other organ involvement
B589,Toxoplasmosis unspecified
B59,Pneumocystosis
B600,Babesiosis
B6000,Babesiosis unspecified
B6001,Babesiosis due to Babesia microti
B6002,Babesiosis due to Babesia duncani
B6003,Babesiosis due to Babesia divergens 
B6009,Other babesiosis
B6010,Acanthamebiasis unspecified
B6011,Meningoencephalitis due to Acanthamoeba (culbertsoni)
B6012,Conjunctivitis due to Acanthamoeba
B6013,Keratoconjunctivitis due to Acanthamoeba
B6019,Other acanthamebic disease
B602,Naegleriasis
B608,Other specified protozoal diseases
B64,Unspecified protozoal disease
B650,Schistosomiasis due to Schistosoma haematobium [urinary schistosomiasis]
B651,Schistosomiasis due to Schistosoma mansoni [intestinal schistosomiasis]
B652,Schistosomiasis due to Schistosoma japonicum
B653,Cercarial dermatitis
B658,Other schistosomiasis
B659,Schistosomiasis unspecified
B660,Opisthorchiasis
B661,Clonorchiasis
B662,Dicroceliasis
B663,Fascioliasis
B664,Paragonimiasis
B665,Fasciolopsiasis
B668,Other specified fluke infections
B669,Fluke infection unspecified
B670,Echinococcus granulosus infection of liver
B671,Echinococcus granulosus infection of lung
B672,Echinococcus granulosus infection of bone
B6731,Echinococcus granulosus infection thyroid gland
B6732,Echinococcus granulosus infection multiple sites
B6739,Echinococcus granulosus infection other sites
B674,Echinococcus granulosus infection unspecified
B675,Echinococcus multilocularis infection of liver
B6761,Echinococcus multilocularis infection multiple sites
B6769,Echinococcus multilocularis infection other sites
B677,Echinococcus multilocularis infection unspecified
B678,Echinococcosis unspecified of liver
B6790,Echinococcosis unspecified
B6799,Other echinococcosis
B680,Taenia solium taeniasis
B681,Taenia saginata taeniasis
B689,Taeniasis unspecified
B690,Cysticercosis of central nervous system
B691,Cysticercosis of eye
B6981,Myositis in cysticercosis
B6989,Cysticercosis of other sites
B699,Cysticercosis unspecified
B700,Diphyllobothriasis
B701,Sparganosis
B710,Hymenolepiasis
B711,Dipylidiasis
B718,Other specified cestode infections
B719,Cestode infection unspecified
B72,Dracunculiasis
B7300,Onchocerciasis with eye involvement unspecified
B7301,Onchocerciasis with endophthalmitis
B7302,Onchocerciasis with glaucoma
B7309,Onchocerciasis with other eye involvement
B731,Onchocerciasis without eye disease
B740,Filariasis due to Wuchereria bancrofti
B741,Filariasis due to Brugia malayi
B742,Filariasis due to Brugia timori
B743,Loiasis
B744,Mansonelliasis
B748,Other filariases
B749,Filariasis unspecified
B75,Trichinellosis
B760,Ancylostomiasis
B761,Necatoriasis
B768,Other hookworm diseases
B769,Hookworm disease unspecified
B770,Ascariasis with intestinal complications
B7781,Ascariasis pneumonia
B7789,Ascariasis with other complications
B779,Ascariasis unspecified
B780,Intestinal strongyloidiasis
B781,Cutaneous strongyloidiasis
B787,Disseminated strongyloidiasis
B789,Strongyloidiasis unspecified
B79,Trichuriasis
B80,Enterobiasis
B810,Anisakiasis
B811,Intestinal capillariasis
B812,Trichostrongyliasis
B813,Intestinal angiostrongyliasis
B814,Mixed intestinal helminthiases
B818,Other specified intestinal helminthiases
B820,Intestinal helminthiasis unspecified
B829,Intestinal parasitism unspecified
B830,Visceral larva migrans
B831,Gnathostomiasis
B832,Angiostrongyliasis due to Parastrongylus cantonensis
B833,Syngamiasis
B834,Internal hirudiniasis
B838,Other specified helminthiases
B839,Helminthiasis unspecified
B850,Pediculosis due to Pediculus humanus capitis
B851,Pediculosis due to Pediculus humanus corporis
B852,Pediculosis unspecified
B853,Phthiriasis
B854,Mixed pediculosis and phthiriasis
B86,Scabies
B870,Cutaneous myiasis
B871,Wound myiasis
B872,Ocular myiasis
B873,Nasopharyngeal myiasis
B874,Aural myiasis
B8781,Genitourinary myiasis
B8782,Intestinal myiasis
B8789,Myiasis of other sites
B879,Myiasis unspecified
B880,Other acariasis
B881,Tungiasis [sandflea infestation]
B882,Other arthropod infestations
B883,External hirudiniasis
B888,Other specified infestations
B889,Infestation unspecified
B89,Unspecified parasitic disease
B900,Sequelae of central nervous system tuberculosis
B901,Sequelae of genitourinary tuberculosis
B902,Sequelae of tuberculosis of bones and joints
B908,Sequelae of tuberculosis of other organs
B909,Sequelae of respiratory and unspecified tuberculosis
B91,Sequelae of poliomyelitis
B92,Sequelae of leprosy
B940,Sequelae of trachoma
B941,Sequelae of viral encephalitis
B942,Sequelae of viral hepatitis
B948,Sequelae of other specified infectious and parasitic diseases
B949,Sequelae of unspecified infectious and parasitic disease
B950,Streptococcus group A as the cause of diseases classified elsewhere
B951,Streptococcus group B as the cause of diseases classified elsewhere
B952,Enterococcus as the cause of diseases classified elsewhere
B953,Streptococcus pneumoniae as the cause of diseases classified elsewhere
B954,Other streptococcus as the cause of diseases classified elsewhere
B955,Unspecified streptococcus as the cause of diseases classified elsewhere
B9561,Methicillin susceptible Staphylococcus aureus infection as the cause of diseases classified elsewhere
B9562,Methicillin resistant Staphylococcus aureus infection as the cause of diseases classified elsewhere
B957,Other staphylococcus as the cause of diseases classified elsewhere
B958,Unspecified staphylococcus as the cause of diseases classified elsewhere
B960,Mycoplasma pneumoniae [M. pneumoniae] as the cause of diseases classified elsewhere
B961,Klebsiella pneumoniae [K. pneumoniae] as the cause of diseases classified elsewhere
B9620,Unspecified Escherichia coli [E. coli] as the cause of diseases classified elsewhere
B9621,Shiga toxin-producing Escherichia coli [E. coli] [STEC] O157 as the cause of diseases classified elsewhere
B9622,Other specified Shiga toxin-producing Escherichia coli [E. coli] [STEC] as the cause of diseases classified elsewhere
B9623,Unspecified Shiga toxin-producing Escherichia coli [E. coli] [STEC] as the cause of diseases classified elsewhere
B9629,Other Escherichia coli [E. coli] as the cause of diseases classified elsewhere
B963,Hemophilus influenzae [H. influenzae] as the cause of diseases classified elsewhere
B964,Proteus (mirabilis) (morganii) as the cause of diseases classified elsewhere
B965,Pseudomonas (aeruginosa) (mallei) (pseudomallei) as the cause of diseases classified elsewhere
B966,Bacteroides fragilis [B. fragilis] as the cause of diseases classified elsewhere
B967,Clostridium perfringens [C. perfringens] as the cause of diseases classified elsewhere
B9681,Helicobacter pylori [H. pylori] as the cause of diseases classified elsewhere
B9682,Vibrio vulnificus as the cause of diseases classified elsewhere
B9683,Acinetobacter baumannii as the cause of diseases classified elsewhere
B9689,Other specified bacterial agents as the cause of diseases classified elsewhere
B970,Adenovirus as the cause of diseases classified elsewhere
B9710,Unspecified enterovirus as the cause of diseases classified elsewhere
B9711,Coxsackievirus as the cause of diseases classified elsewhere
B9712,Echovirus as the cause of diseases classified elsewhere
B9719,Other enterovirus as the cause of diseases classified elsewhere
B9721,SARS-associated coronavirus as the cause of diseases classified elsewhere
B9729,Other coronavirus as the cause of diseases classified elsewhere
B9730,Unspecified retrovirus as the cause of diseases classified elsewhere
B9731,Lentivirus as the cause of diseases classified elsewhere
B9732,Oncovirus as the cause of diseases classified elsewhere
B9733,Human T-cell lymphotrophic virus type I [HTLV-I] as the cause of diseases classified elsewhere
B9734,Human T-cell lymphotrophic virus type II [HTLV-II] as the cause of diseases classified elsewhere
B9735,Human immunodeficiency virus type 2 [HIV 2] as the cause of diseases classified elsewhere
B9739,Other retrovirus as the cause of diseases classified elsewhere
B974,Respiratory syncytial virus as the cause of diseases classified elsewhere
B975,Reovirus as the cause of diseases classified elsewhere
B976,Parvovirus as the cause of diseases classified elsewhere
B977,Papillomavirus as the cause of diseases classified elsewhere
B9781,Human metapneumovirus as the cause of diseases classified elsewhere
B9789,Other viral agents as the cause of diseases classified elsewhere
B998,Other infectious disease
B999,Unspecified infectious disease
C000,Malignant neoplasm of external upper lip
C001,Malignant neoplasm of external lower lip
C002,Malignant neoplasm of external lip unspecified
C003,Malignant neoplasm of upper lip inner aspect
C004,Malignant neoplasm of lower lip inner aspect
C005,Malignant neoplasm of lip unspecified inner aspect
C006,Malignant neoplasm of commissure of lip unspecified
C008,Malignant neoplasm of overlapping sites of lip
C009,Malignant neoplasm of lip unspecified
C01,Malignant neoplasm of base of tongue
C020,Malignant neoplasm of dorsal surface of tongue
C021,Malignant neoplasm of border of tongue
C022,Malignant neoplasm of ventral surface of tongue
C023,Malignant neoplasm of anterior two-thirds of tongue part unspecified
C024,Malignant neoplasm of lingual tonsil
C028,Malignant neoplasm of overlapping sites of tongue
C029,Malignant neoplasm of tongue unspecified
C030,Malignant neoplasm of upper gum
C031,Malignant neoplasm of lower gum
C039,Malignant neoplasm of gum unspecified
C040,Malignant neoplasm of anterior floor of mouth
C041,Malignant neoplasm of lateral floor of mouth
C048,Malignant neoplasm of overlapping sites of floor of mouth
C049,Malignant neoplasm of floor of mouth unspecified
C050,Malignant neoplasm of hard palate
C051,Malignant neoplasm of soft palate
C052,Malignant neoplasm of uvula
C058,Malignant neoplasm of overlapping sites of palate
C059,Malignant neoplasm of palate unspecified
C060,Malignant neoplasm of cheek mucosa
C061,Malignant neoplasm of vestibule of mouth
C062,Malignant neoplasm of retromolar area
C0680,Malignant neoplasm of overlapping sites of unspecified parts of mouth
C0689,Malignant neoplasm of overlapping sites of other parts of mouth
C069,Malignant neoplasm of mouth unspecified
C07,Malignant neoplasm of parotid gland
C080,Malignant neoplasm of submandibular gland
C081,Malignant neoplasm of sublingual gland
C089,Malignant neoplasm of major salivary gland unspecified
C090,Malignant neoplasm of tonsillar fossa
C091,Malignant neoplasm of tonsillar pillar (anterior) (posterior)
C098,Malignant neoplasm of overlapping sites of tonsil
C099,Malignant neoplasm of tonsil unspecified
C100,Malignant neoplasm of vallecula
C101,Malignant neoplasm of anterior surface of epiglottis
C102,Malignant neoplasm of lateral wall of oropharynx
C103,Malignant neoplasm of posterior wall of oropharynx
C104,Malignant neoplasm of branchial cleft
C108,Malignant neoplasm of overlapping sites of oropharynx
C109,Malignant neoplasm of oropharynx unspecified
C110,Malignant neoplasm of superior wall of nasopharynx
C111,Malignant neoplasm of posterior wall of nasopharynx
C112,Malignant neoplasm of lateral wall of nasopharynx
C113,Malignant neoplasm of anterior wall of nasopharynx
C118,Malignant neoplasm of overlapping sites of nasopharynx
C119,Malignant neoplasm of nasopharynx unspecified
C12,Malignant neoplasm of pyriform sinus
C130,Malignant neoplasm of postcricoid region
C131,Malignant neoplasm of aryepiglottic fold hypopharyngeal aspect
C132,Malignant neoplasm of posterior wall of hypopharynx
C138,Malignant neoplasm of overlapping sites of hypopharynx
C139,Malignant neoplasm of hypopharynx unspecified
C140,Malignant neoplasm of pharynx unspecified
C142,Malignant neoplasm of Waldeyer's ring
C148,Malignant neoplasm of overlapping sites of lip oral cavity and pharynx
C153,Malignant neoplasm of upper third of esophagus
C154,Malignant neoplasm of middle third of esophagus
C155,Malignant neoplasm of lower third of esophagus
C158,Malignant neoplasm of overlapping sites of esophagus
C159,Malignant neoplasm of esophagus unspecified
C160,Malignant neoplasm of cardia
C161,Malignant neoplasm of fundus of stomach
C162,Malignant neoplasm of body of stomach
C163,Malignant neoplasm of pyloric antrum
C164,Malignant neoplasm of pylorus
C165,Malignant neoplasm of lesser curvature of stomach unspecified
C166,Malignant neoplasm of greater curvature of stomach unspecified
C168,Malignant neoplasm of overlapping sites of stomach
C169,Malignant neoplasm of stomach unspecified
C170,Malignant neoplasm of duodenum
C171,Malignant neoplasm of jejunum
C172,Malignant neoplasm of ileum
C173,Meckel's diverticulum malignant
C178,Malignant neoplasm of overlapping sites of small intestine
C179,Malignant neoplasm of small intestine unspecified
C180,Malignant neoplasm of cecum
C181,Malignant neoplasm of appendix
C182,Malignant neoplasm of ascending colon
C183,Malignant neoplasm of hepatic flexure
C184,Malignant neoplasm of transverse colon
C185,Malignant neoplasm of splenic flexure
C186,Malignant neoplasm of descending colon
C187,Malignant neoplasm of sigmoid colon
C188,Malignant neoplasm of overlapping sites of colon
C189,Malignant neoplasm of colon unspecified
C19,Malignant neoplasm of rectosigmoid junction
C20,Malignant neoplasm of rectum
C210,Malignant neoplasm of anus unspecified
C211,Malignant neoplasm of anal canal
C212,Malignant neoplasm of cloacogenic zone
C218,Malignant neoplasm of overlapping sites of rectum anus and anal canal
C220,Liver cell carcinoma
C221,Intrahepatic bile duct carcinoma
C222,Hepatoblastoma
C223,Angiosarcoma of liver
C224,Other sarcomas of liver
C227,Other specified carcinomas of liver
C228,Malignant neoplasm of liver primary unspecified as to type
C229,Malignant neoplasm of liver not specified as primary or secondary
C23,Malignant neoplasm of gallbladder
C240,Malignant neoplasm of extrahepatic bile duct
C241,Malignant neoplasm of ampulla of Vater
C248,Malignant neoplasm of overlapping sites of biliary tract
C249,Malignant neoplasm of biliary tract unspecified
C250,Malignant neoplasm of head of pancreas
C251,Malignant neoplasm of body of pancreas
C252,Malignant neoplasm of tail of pancreas
C253,Malignant neoplasm of pancreatic duct
C254,Malignant neoplasm of endocrine pancreas
C257,Malignant neoplasm of other parts of pancreas
C258,Malignant neoplasm of overlapping sites of pancreas
C259,Malignant neoplasm of pancreas unspecified
C260,Malignant neoplasm of intestinal tract part unspecified
C261,Malignant neoplasm of spleen
C269,Malignant neoplasm of ill-defined sites within the digestive system
C300,Malignant neoplasm of nasal cavity
C301,Malignant neoplasm of middle ear
C310,Malignant neoplasm of maxillary sinus
C311,Malignant neoplasm of ethmoidal sinus
C312,Malignant neoplasm of frontal sinus
C313,Malignant neoplasm of sphenoid sinus
C318,Malignant neoplasm of overlapping sites of accessory sinuses
C319,Malignant neoplasm of accessory sinus unspecified
C320,Malignant neoplasm of glottis
C321,Malignant neoplasm of supraglottis
C322,Malignant neoplasm of subglottis
C323,Malignant neoplasm of laryngeal cartilage
C328,Malignant neoplasm of overlapping sites of larynx
C329,Malignant neoplasm of larynx unspecified
C33,Malignant neoplasm of trachea
C3400,Malignant neoplasm of unspecified main bronchus
C3401,Malignant neoplasm of right main bronchus
C3402,Malignant neoplasm of left main bronchus
C3410,Malignant neoplasm of upper lobe unspecified bronchus or lung
C3411,Malignant neoplasm of upper lobe right bronchus or lung
C3412,Malignant neoplasm of upper lobe left bronchus or lung
C342,Malignant neoplasm of middle lobe bronchus or lung
C3430,Malignant neoplasm of lower lobe unspecified bronchus or lung
C3431,Malignant neoplasm of lower lobe right bronchus or lung
C3432,Malignant neoplasm of lower lobe left bronchus or lung
C3480,Malignant neoplasm of overlapping sites of unspecified bronchus and lung
C3481,Malignant neoplasm of overlapping sites of right bronchus and lung
C3482,Malignant neoplasm of overlapping sites of left bronchus and lung
C3490,Malignant neoplasm of unspecified part of unspecified bronchus or lung
C3491,Malignant neoplasm of unspecified part of right bronchus or lung
C3492,Malignant neoplasm of unspecified part of left bronchus or lung
C37,Malignant neoplasm of thymus
C380,Malignant neoplasm of heart
C381,Malignant neoplasm of anterior mediastinum
C382,Malignant neoplasm of posterior mediastinum
C383,Malignant neoplasm of mediastinum part unspecified
C384,Malignant neoplasm of pleura
C388,Malignant neoplasm of overlapping sites of heart mediastinum and pleura
C390,Malignant neoplasm of upper respiratory tract part unspecified
C399,Malignant neoplasm of lower respiratory tract part unspecified
C4000,Malignant neoplasm of scapula and long bones of unspecified upper limb
C4001,Malignant neoplasm of scapula and long bones of right upper limb
C4002,Malignant neoplasm of scapula and long bones of left upper limb
C4010,Malignant neoplasm of short bones of unspecified upper limb
C4011,Malignant neoplasm of short bones of right upper limb
C4012,Malignant neoplasm of short bones of left upper limb
C4020,Malignant neoplasm of long bones of unspecified lower limb
C4021,Malignant neoplasm of long bones of right lower limb
C4022,Malignant neoplasm of long bones of left lower limb
C4030,Malignant neoplasm of short bones of unspecified lower limb
C4031,Malignant neoplasm of short bones of right lower limb
C4032,Malignant neoplasm of short bones of left lower limb
C4080,Malignant neoplasm of overlapping sites of bone and articular cartilage of unspecified limb
C4081,Malignant neoplasm of overlapping sites of bone and articular cartilage of right limb
C4082,Malignant neoplasm of overlapping sites of bone and articular cartilage of left limb
C4090,Malignant neoplasm of unspecified bones and articular cartilage of unspecified limb
C4091,Malignant neoplasm of unspecified bones and articular cartilage of right limb
C4092,Malignant neoplasm of unspecified bones and articular cartilage of left limb
C410,Malignant neoplasm of bones of skull and face
C411,Malignant neoplasm of mandible
C412,Malignant neoplasm of vertebral column
C413,Malignant neoplasm of ribs sternum and clavicle
C414,Malignant neoplasm of pelvic bones sacrum and coccyx
C419,Malignant neoplasm of bone and articular cartilage unspecified
C430,Malignant melanoma of lip
C4310,Malignant melanoma of unspecified eyelid including canthus
C4311,Malignant melanoma of right eyelid including canthus
C43111,Malignant melanoma of right upper eyelid including canthus
C43112,Malignant melanoma of right lower eyelid including canthus
C4312,Malignant melanoma of left eyelid including canthus
C43121,Malignant melanoma of left upper eyelid including canthus
C43122,Malignant melanoma of left lower eyelid including canthus
C4320,Malignant melanoma of unspecified ear and external auricular canal
C4321,Malignant melanoma of right ear and external auricular canal
C4322,Malignant melanoma of left ear and external auricular canal
C4330,Malignant melanoma of unspecified part of face
C4331,Malignant melanoma of nose
C4339,Malignant melanoma of other parts of face
C434,Malignant melanoma of scalp and neck
C4351,Malignant melanoma of anal skin
C4352,Malignant melanoma of skin of breast
C4359,Malignant melanoma of other part of trunk
C4360,Malignant melanoma of unspecified upper limb including shoulder
C4361,Malignant melanoma of right upper limb including shoulder
C4362,Malignant melanoma of left upper limb including shoulder
C4370,Malignant melanoma of unspecified lower limb including hip
C4371,Malignant melanoma of right lower limb including hip
C4372,Malignant melanoma of left lower limb including hip
C438,Malignant melanoma of overlapping sites of skin
C439,Malignant melanoma of skin unspecified
C4400,Unspecified malignant neoplasm of skin of lip
C4401,Basal cell carcinoma of skin of lip
C4402,Squamous cell carcinoma of skin of lip
C4409,Other specified malignant neoplasm of skin of lip
C44101,Unspecified malignant neoplasm of skin of unspecified eyelid including canthus
C44102,Unspecified malignant neoplasm of skin of right eyelid including canthus
C441021,Unspecified malignant neoplasm of skin of right upper eyelid including canthus
C441022,Unspecified malignant neoplasm of skin of right lower eyelid including canthus
C44109,Unspecified malignant neoplasm of skin of left eyelid including canthus
C441091,Unspecified malignant neoplasm of skin of left upper eyelid including canthus
C441092,Unspecified malignant neoplasm of skin of left lower eyelid including canthus
C44111,Basal cell carcinoma of skin of unspecified eyelid including canthus
C44112,Basal cell carcinoma of skin of right eyelid including canthus
C441121,Basal cell carcinoma of skin of right upper eyelid including canthus
C441122,Basal cell carcinoma of skin of right lower eyelid including canthus
C44119,Basal cell carcinoma of skin of left eyelid including canthus
C441191,Basal cell carcinoma of skin of left upper eyelid including canthus
C441192,Basal cell carcinoma of skin of left lower eyelid including canthus
C44121,Squamous cell carcinoma of skin of unspecified eyelid including canthus
C44122,Squamous cell carcinoma of skin of right eyelid including canthus
C441221,Squamous cell carcinoma of skin of right upper eyelid including canthus
C441222,Squamous cell carcinoma of skin of right lower eyelid including canthus
C44129,Squamous cell carcinoma of skin of left eyelid including canthus
C441291,Squamous cell carcinoma of skin of left upper eyelid including canthus
C441292,Squamous cell carcinoma of skin of left lower eyelid including canthus
C44131,Sebaceous cell carcinoma of skin of unspecified eyelid including canthus
C441321,Sebaceous cell carcinoma of skin of right upper eyelid including canthus
C441322,Sebaceous cell carcinoma of skin of right lower eyelid including canthus
C441391,Sebaceous cell carcinoma of skin of left upper eyelid including canthus
C441392,Sebaceous cell carcinoma of skin of left lower eyelid including canthus
C44191,Other specified malignant neoplasm of skin of unspecified eyelid including canthus
C44192,Other specified malignant neoplasm of skin of right eyelid including canthus
C441921,Other specified malignant neoplasm of skin of right upper eyelid including canthus
C441922,Other specified malignant neoplasm of skin of right lower eyelid including canthus
C44199,Other specified malignant neoplasm of skin of left eyelid including canthus
C441991,Other specified malignant neoplasm of skin of left upper eyelid including canthus
C441992,Other specified malignant neoplasm of skin of left lower eyelid including canthus
C44201,Unspecified malignant neoplasm of skin of unspecified ear and external auricular canal
C44202,Unspecified malignant neoplasm of skin of right ear and external auricular canal
C44209,Unspecified malignant neoplasm of skin of left ear and external auricular canal
C44211,Basal cell carcinoma of skin of unspecified ear and external auricular canal
C44212,Basal cell carcinoma of skin of right ear and external auricular canal
C44219,Basal cell carcinoma of skin of left ear and external auricular canal
C44221,Squamous cell carcinoma of skin of unspecified ear and external auricular canal
C44222,Squamous cell carcinoma of skin of right ear and external auricular canal
C44229,Squamous cell carcinoma of skin of left ear and external auricular canal
C44291,Other specified malignant neoplasm of skin of unspecified ear and external auricular canal
C44292,Other specified malignant neoplasm of skin of right ear and external auricular canal
C44299,Other specified malignant neoplasm of skin of left ear and external auricular canal
C44300,Unspecified malignant neoplasm of skin of unspecified part of face
C44301,Unspecified malignant neoplasm of skin of nose
C44309,Unspecified malignant neoplasm of skin of other parts of face
C44310,Basal cell carcinoma of skin of unspecified parts of face
C44311,Basal cell carcinoma of skin of nose
C44319,Basal cell carcinoma of skin of other parts of face
C44320,Squamous cell carcinoma of skin of unspecified parts of face
C44321,Squamous cell carcinoma of skin of nose
C44329,Squamous cell carcinoma of skin of other parts of face
C44390,Other specified malignant neoplasm of skin of unspecified parts of face
C44391,Other specified malignant neoplasm of skin of nose
C44399,Other specified malignant neoplasm of skin of other parts of face
C4440,Unspecified malignant neoplasm of skin of scalp and neck
C4441,Basal cell carcinoma of skin of scalp and neck
C4442,Squamous cell carcinoma of skin of scalp and neck
C4449,Other specified malignant neoplasm of skin of scalp and neck
C44500,Unspecified malignant neoplasm of anal skin
C44501,Unspecified malignant neoplasm of skin of breast
C44509,Unspecified malignant neoplasm of skin of other part of trunk
C44510,Basal cell carcinoma of anal skin
C44511,Basal cell carcinoma of skin of breast
C44519,Basal cell carcinoma of skin of other part of trunk
C44520,Squamous cell carcinoma of anal skin
C44521,Squamous cell carcinoma of skin of breast
C44529,Squamous cell carcinoma of skin of other part of trunk
C44590,Other specified malignant neoplasm of anal skin
C44591,Other specified malignant neoplasm of skin of breast
C44599,Other specified malignant neoplasm of skin of other part of trunk
C44601,Unspecified malignant neoplasm of skin of unspecified upper limb including shoulder
C44602,Unspecified malignant neoplasm of skin of right upper limb including shoulder
C44609,Unspecified malignant neoplasm of skin of left upper limb including shoulder
C44611,Basal cell carcinoma of skin of unspecified upper limb including shoulder
C44612,Basal cell carcinoma of skin of right upper limb including shoulder
C44619,Basal cell carcinoma of skin of left upper limb including shoulder
C44621,Squamous cell carcinoma of skin of unspecified upper limb including shoulder
C44622,Squamous cell carcinoma of skin of right upper limb including shoulder
C44629,Squamous cell carcinoma of skin of left upper limb including shoulder
C44691,Other specified malignant neoplasm of skin of unspecified upper limb including shoulder
C44692,Other specified malignant neoplasm of skin of right upper limb including shoulder
C44699,Other specified malignant neoplasm of skin of left upper limb including shoulder
C44701,Unspecified malignant neoplasm of skin of unspecified lower limb including hip
C44702,Unspecified malignant neoplasm of skin of right lower limb including hip
C44709,Unspecified malignant neoplasm of skin of left lower limb including hip
C44711,Basal cell carcinoma of skin of unspecified lower limb including hip
C44712,Basal cell carcinoma of skin of right lower limb including hip
C44719,Basal cell carcinoma of skin of left lower limb including hip
C44721,Squamous cell carcinoma of skin of unspecified lower limb including hip
C44722,Squamous cell carcinoma of skin of right lower limb including hip
C44729,Squamous cell carcinoma of skin of left lower limb including hip
C44791,Other specified malignant neoplasm of skin of unspecified lower limb including hip
C44792,Other specified malignant neoplasm of skin of right lower limb including hip
C44799,Other specified malignant neoplasm of skin of left lower limb including hip
C4480,Unspecified malignant neoplasm of overlapping sites of skin
C4481,Basal cell carcinoma of overlapping sites of skin
C4482,Squamous cell carcinoma of overlapping sites of skin
C4489,Other specified malignant neoplasm of overlapping sites of skin
C4490,Unspecified malignant neoplasm of skin unspecified
C4491,Basal cell carcinoma of skin unspecified
C4492,Squamous cell carcinoma of skin unspecified
C4499,Other specified malignant neoplasm of skin unspecified
C450,Mesothelioma of pleura
C451,Mesothelioma of peritoneum
C452,Mesothelioma of pericardium
C457,Mesothelioma of other sites
C459,Mesothelioma unspecified
C460,Kaposi's sarcoma of skin
C461,Kaposi's sarcoma of soft tissue
C462,Kaposi's sarcoma of palate
C463,Kaposi's sarcoma of lymph nodes
C464,Kaposi's sarcoma of gastrointestinal sites
C4650,Kaposi's sarcoma of unspecified lung
C4651,Kaposi's sarcoma of right lung
C4652,Kaposi's sarcoma of left lung
C467,Kaposi's sarcoma of other sites
C469,Kaposi's sarcoma unspecified
C470,Malignant neoplasm of peripheral nerves of head face and neck
C4710,Malignant neoplasm of peripheral nerves of unspecified upper limb including shoulder
C4711,Malignant neoplasm of peripheral nerves of right upper limb including shoulder
C4712,Malignant neoplasm of peripheral nerves of left upper limb including shoulder
C4720,Malignant neoplasm of peripheral nerves of unspecified lower limb including hip
C4721,Malignant neoplasm of peripheral nerves of right lower limb including hip
C4722,Malignant neoplasm of peripheral nerves of left lower limb including hip
C473,Malignant neoplasm of peripheral nerves of thorax
C474,Malignant neoplasm of peripheral nerves of abdomen
C475,Malignant neoplasm of peripheral nerves of pelvis
C476,Malignant neoplasm of peripheral nerves of trunk unspecified
C478,Malignant neoplasm of overlapping sites of peripheral nerves and autonomic nervous system
C479,Malignant neoplasm of peripheral nerves and autonomic nervous system unspecified
C480,Malignant neoplasm of retroperitoneum
C481,Malignant neoplasm of specified parts of peritoneum
C482,Malignant neoplasm of peritoneum unspecified
C488,Malignant neoplasm of overlapping sites of retroperitoneum and peritoneum
C490,Malignant neoplasm of connective and soft tissue of head face and neck
C4910,Malignant neoplasm of connective and soft tissue of unspecified upper limb including shoulder
C4911,Malignant neoplasm of connective and soft tissue of right upper limb including shoulder
C4912,Malignant neoplasm of connective and soft tissue of left upper limb including shoulder
C4920,Malignant neoplasm of connective and soft tissue of unspecified lower limb including hip
C4921,Malignant neoplasm of connective and soft tissue of right lower limb including hip
C4922,Malignant neoplasm of connective and soft tissue of left lower limb including hip
C493,Malignant neoplasm of connective and soft tissue of thorax
C494,Malignant neoplasm of connective and soft tissue of abdomen
C495,Malignant neoplasm of connective and soft tissue of pelvis
C496,Malignant neoplasm of connective and soft tissue of trunk unspecified
C498,Malignant neoplasm of overlapping sites of connective and soft tissue
C499,Malignant neoplasm of connective and soft tissue unspecified
C49A0,Gastrointestinal stromal tumor unspecified site
C49A1,Gastrointestinal stromal tumor of esophagus
C49A2,Gastrointestinal stromal tumor of stomach
C49A3,Gastrointestinal stromal tumor of small intestine
C49A4,Gastrointestinal stromal tumor of large intestine
C49A5,Gastrointestinal stromal tumor of rectum
C49A9,Gastrointestinal stromal tumor of other sites
C4A0,Merkel cell carcinoma of lip
C4A10,Merkel cell carcinoma of unspecified eyelid including canthus
C4A11,Merkel cell carcinoma of right eyelid including canthus
C4A111,Merkel cell carcinoma of right upper eyelid including canthus
C4A112,Merkel cell carcinoma of right lower eyelid including canthus
C4A12,Merkel cell carcinoma of left eyelid including canthus
C4A121,Merkel cell carcinoma of left upper eyelid including canthus
C4A122,Merkel cell carcinoma of left lower eyelid including canthus
C4A20,Merkel cell carcinoma of unspecified ear and external auricular canal
C4A21,Merkel cell carcinoma of right ear and external auricular canal
C4A22,Merkel cell carcinoma of left ear and external auricular canal
C4A30,Merkel cell carcinoma of unspecified part of face
C4A31,Merkel cell carcinoma of nose
C4A39,Merkel cell carcinoma of other parts of face
C4A4,Merkel cell carcinoma of scalp and neck
C4A51,Merkel cell carcinoma of anal skin
C4A52,Merkel cell carcinoma of skin of breast
C4A59,Merkel cell carcinoma of other part of trunk
C4A60,Merkel cell carcinoma of unspecified upper limb including shoulder
C4A61,Merkel cell carcinoma of right upper limb including shoulder
C4A62,Merkel cell carcinoma of left upper limb including shoulder
C4A70,Merkel cell carcinoma of unspecified lower limb including hip
C4A71,Merkel cell carcinoma of right lower limb including hip
C4A72,Merkel cell carcinoma of left lower limb including hip
C4A8,Merkel cell carcinoma of overlapping sites
C4A9,Merkel cell carcinoma unspecified
C50011,Malignant neoplasm of nipple and areola right female breast
C50012,Malignant neoplasm of nipple and areola left female breast
C50019,Malignant neoplasm of nipple and areola unspecified female breast
C50021,Malignant neoplasm of nipple and areola right male breast
C50022,Malignant neoplasm of nipple and areola left male breast
C50029,Malignant neoplasm of nipple and areola unspecified male breast
C50111,Malignant neoplasm of central portion of right female breast
C50112,Malignant neoplasm of central portion of left female breast
C50119,Malignant neoplasm of central portion of unspecified female breast
C50121,Malignant neoplasm of central portion of right male breast
C50122,Malignant neoplasm of central portion of left male breast
C50129,Malignant neoplasm of central portion of unspecified male breast
C50211,Malignant neoplasm of upper-inner quadrant of right female breast
C50212,Malignant neoplasm of upper-inner quadrant of left female breast
C50219,Malignant neoplasm of upper-inner quadrant of unspecified female breast
C50221,Malignant neoplasm of upper-inner quadrant of right male breast
C50222,Malignant neoplasm of upper-inner quadrant of left male breast
C50229,Malignant neoplasm of upper-inner quadrant of unspecified male breast
C50311,Malignant neoplasm of lower-inner quadrant of right female breast
C50312,Malignant neoplasm of lower-inner quadrant of left female breast
C50319,Malignant neoplasm of lower-inner quadrant of unspecified female breast
C50321,Malignant neoplasm of lower-inner quadrant of right male breast
C50322,Malignant neoplasm of lower-inner quadrant of left male breast
C50329,Malignant neoplasm of lower-inner quadrant of unspecified male breast
C50411,Malignant neoplasm of upper-outer quadrant of right female breast
C50412,Malignant neoplasm of upper-outer quadrant of left female breast
C50419,Malignant neoplasm of upper-outer quadrant of unspecified female breast
C50421,Malignant neoplasm of upper-outer quadrant of right male breast
C50422,Malignant neoplasm of upper-outer quadrant of left male breast
C50429,Malignant neoplasm of upper-outer quadrant of unspecified male breast
C50511,Malignant neoplasm of lower-outer quadrant of right female breast
C50512,Malignant neoplasm of lower-outer quadrant of left female breast
C50519,Malignant neoplasm of lower-outer quadrant of unspecified female breast
C50521,Malignant neoplasm of lower-outer quadrant of right male breast
C50522,Malignant neoplasm of lower-outer quadrant of left male breast
C50529,Malignant neoplasm of lower-outer quadrant of unspecified male breast
C50611,Malignant neoplasm of axillary tail of right female breast
C50612,Malignant neoplasm of axillary tail of left female breast
C50619,Malignant neoplasm of axillary tail of unspecified female breast
C50621,Malignant neoplasm of axillary tail of right male breast
C50622,Malignant neoplasm of axillary tail of left male breast
C50629,Malignant neoplasm of axillary tail of unspecified male breast
C50811,Malignant neoplasm of overlapping sites of right female breast
C50812,Malignant neoplasm of overlapping sites of left female breast
C50819,Malignant neoplasm of overlapping sites of unspecified female breast
C50821,Malignant neoplasm of overlapping sites of right male breast
C50822,Malignant neoplasm of overlapping sites of left male breast
C50829,Malignant neoplasm of overlapping sites of unspecified male breast
C50911,Malignant neoplasm of unspecified site of right female breast
C50912,Malignant neoplasm of unspecified site of left female breast
C50919,Malignant neoplasm of unspecified site of unspecified female breast
C50921,Malignant neoplasm of unspecified site of right male breast
C50922,Malignant neoplasm of unspecified site of left male breast
C50929,Malignant neoplasm of unspecified site of unspecified male breast
C510,Malignant neoplasm of labium majus
C511,Malignant neoplasm of labium minus
C512,Malignant neoplasm of clitoris
C518,Malignant neoplasm of overlapping sites of vulva
C519,Malignant neoplasm of vulva unspecified
C52,Malignant neoplasm of vagina
C530,Malignant neoplasm of endocervix
C531,Malignant neoplasm of exocervix
C538,Malignant neoplasm of overlapping sites of cervix uteri
C539,Malignant neoplasm of cervix uteri unspecified
C540,Malignant neoplasm of isthmus uteri
C541,Malignant neoplasm of endometrium
C542,Malignant neoplasm of myometrium
C543,Malignant neoplasm of fundus uteri
C548,Malignant neoplasm of overlapping sites of corpus uteri
C549,Malignant neoplasm of corpus uteri unspecified
C55,Malignant neoplasm of uterus part unspecified
C561,Malignant neoplasm of right ovary
C562,Malignant neoplasm of left ovary
C563,Malignant neoplasm of bilateral ovaries
C569,Malignant neoplasm of unspecified ovary
C5700,Malignant neoplasm of unspecified fallopian tube
C5701,Malignant neoplasm of right fallopian tube
C5702,Malignant neoplasm of left fallopian tube
C5710,Malignant neoplasm of unspecified broad ligament
C5711,Malignant neoplasm of right broad ligament
C5712,Malignant neoplasm of left broad ligament
C5720,Malignant neoplasm of unspecified round ligament
C5721,Malignant neoplasm of right round ligament
C5722,Malignant neoplasm of left round ligament
C573,Malignant neoplasm of parametrium
C574,Malignant neoplasm of uterine adnexa unspecified
C577,Malignant neoplasm of other specified female genital organs
C578,Malignant neoplasm of overlapping sites of female genital organs
C579,Malignant neoplasm of female genital organ unspecified
C58,Malignant neoplasm of placenta
C600,Malignant neoplasm of prepuce
C601,Malignant neoplasm of glans penis
C602,Malignant neoplasm of body of penis
C608,Malignant neoplasm of overlapping sites of penis
C609,Malignant neoplasm of penis unspecified
C61,Malignant neoplasm of prostate
C6200,Malignant neoplasm of unspecified undescended testis
C6201,Malignant neoplasm of undescended right testis
C6202,Malignant neoplasm of undescended left testis
C6210,Malignant neoplasm of unspecified descended testis
C6211,Malignant neoplasm of descended right testis
C6212,Malignant neoplasm of descended left testis
C6290,Malignant neoplasm of unspecified testis unspecified whether descended or undescended
C6291,Malignant neoplasm of right testis unspecified whether descended or undescended
C6292,Malignant neoplasm of left testis unspecified whether descended or undescended
C6300,Malignant neoplasm of unspecified epididymis
C6301,Malignant neoplasm of right epididymis
C6302,Malignant neoplasm of left epididymis
C6310,Malignant neoplasm of unspecified spermatic cord
C6311,Malignant neoplasm of right spermatic cord
C6312,Malignant neoplasm of left spermatic cord
C632,Malignant neoplasm of scrotum
C637,Malignant neoplasm of other specified male genital organs
C638,Malignant neoplasm of overlapping sites of male genital organs
C639,Malignant neoplasm of male genital organ unspecified
C641,Malignant neoplasm of right kidney except renal pelvis
C642,Malignant neoplasm of left kidney except renal pelvis
C649,Malignant neoplasm of unspecified kidney except renal pelvis
C651,Malignant neoplasm of right renal pelvis
C652,Malignant neoplasm of left renal pelvis
C659,Malignant neoplasm of unspecified renal pelvis
C661,Malignant neoplasm of right ureter
C662,Malignant neoplasm of left ureter
C669,Malignant neoplasm of unspecified ureter
C670,Malignant neoplasm of trigone of bladder
C671,Malignant neoplasm of dome of bladder
C672,Malignant neoplasm of lateral wall of bladder
C673,Malignant neoplasm of anterior wall of bladder
C674,Malignant neoplasm of posterior wall of bladder
C675,Malignant neoplasm of bladder neck
C676,Malignant neoplasm of ureteric orifice
C677,Malignant neoplasm of urachus
C678,Malignant neoplasm of overlapping sites of bladder
C679,Malignant neoplasm of bladder unspecified
C680,Malignant neoplasm of urethra
C681,Malignant neoplasm of paraurethral glands
C688,Malignant neoplasm of overlapping sites of urinary organs
C689,Malignant neoplasm of urinary organ unspecified
C6900,Malignant neoplasm of unspecified conjunctiva
C6901,Malignant neoplasm of right conjunctiva
C6902,Malignant neoplasm of left conjunctiva
C6910,Malignant neoplasm of unspecified cornea
C6911,Malignant neoplasm of right cornea
C6912,Malignant neoplasm of left cornea
C6920,Malignant neoplasm of unspecified retina
C6921,Malignant neoplasm of right retina
C6922,Malignant neoplasm of left retina
C6930,Malignant neoplasm of unspecified choroid
C6931,Malignant neoplasm of right choroid
C6932,Malignant neoplasm of left choroid
C6940,Malignant neoplasm of unspecified ciliary body
C6941,Malignant neoplasm of right ciliary body
C6942,Malignant neoplasm of left ciliary body
C6950,Malignant neoplasm of unspecified lacrimal gland and duct
C6951,Malignant neoplasm of right lacrimal gland and duct
C6952,Malignant neoplasm of left lacrimal gland and duct
C6960,Malignant neoplasm of unspecified orbit
C6961,Malignant neoplasm of right orbit
C6962,Malignant neoplasm of left orbit
C6980,Malignant neoplasm of overlapping sites of unspecified eye and adnexa
C6981,Malignant neoplasm of overlapping sites of right eye and adnexa
C6982,Malignant neoplasm of overlapping sites of left eye and adnexa
C6990,Malignant neoplasm of unspecified site of unspecified eye
C6991,Malignant neoplasm of unspecified site of right eye
C6992,Malignant neoplasm of unspecified site of left eye
C700,Malignant neoplasm of cerebral meninges
C701,Malignant neoplasm of spinal meninges
C709,Malignant neoplasm of meninges unspecified
C710,Malignant neoplasm of cerebrum except lobes and ventricles
C711,Malignant neoplasm of frontal lobe
C712,Malignant neoplasm of temporal lobe
C713,Malignant neoplasm of parietal lobe
C714,Malignant neoplasm of occipital lobe
C715,Malignant neoplasm of cerebral ventricle
C716,Malignant neoplasm of cerebellum
C717,Malignant neoplasm of brain stem
C718,Malignant neoplasm of overlapping sites of brain
C719,Malignant neoplasm of brain unspecified
C720,Malignant neoplasm of spinal cord
C721,Malignant neoplasm of cauda equina
C7220,Malignant neoplasm of unspecified olfactory nerve
C7221,Malignant neoplasm of right olfactory nerve
C7222,Malignant neoplasm of left olfactory nerve
C7230,Malignant neoplasm of unspecified optic nerve
C7231,Malignant neoplasm of right optic nerve
C7232,Malignant neoplasm of left optic nerve
C7240,Malignant neoplasm of unspecified acoustic nerve
C7241,Malignant neoplasm of right acoustic nerve
C7242,Malignant neoplasm of left acoustic nerve
C7250,Malignant neoplasm of unspecified cranial nerve
C7259,Malignant neoplasm of other cranial nerves
C729,Malignant neoplasm of central nervous system unspecified
C73,Malignant neoplasm of thyroid gland
C7400,Malignant neoplasm of cortex of unspecified adrenal gland
C7401,Malignant neoplasm of cortex of right adrenal gland
C7402,Malignant neoplasm of cortex of left adrenal gland
C7410,Malignant neoplasm of medulla of unspecified adrenal gland
C7411,Malignant neoplasm of medulla of right adrenal gland
C7412,Malignant neoplasm of medulla of left adrenal gland
C7490,Malignant neoplasm of unspecified part of unspecified adrenal gland
C7491,Malignant neoplasm of unspecified part of right adrenal gland
C7492,Malignant neoplasm of unspecified part of left adrenal gland
C750,Malignant neoplasm of parathyroid gland
C751,Malignant neoplasm of pituitary gland
C752,Malignant neoplasm of craniopharyngeal duct
C753,Malignant neoplasm of pineal gland
C754,Malignant neoplasm of carotid body
C755,Malignant neoplasm of aortic body and other paraganglia
C758,Malignant neoplasm with pluriglandular involvement unspecified
C759,Malignant neoplasm of endocrine gland unspecified
C760,Malignant neoplasm of head face and neck
C761,Malignant neoplasm of thorax
C762,Malignant neoplasm of abdomen
C763,Malignant neoplasm of pelvis
C7640,Malignant neoplasm of unspecified upper limb
C7641,Malignant neoplasm of right upper limb
C7642,Malignant neoplasm of left upper limb
C7650,Malignant neoplasm of unspecified lower limb
C7651,Malignant neoplasm of right lower limb
C7652,Malignant neoplasm of left lower limb
C768,Malignant neoplasm of other specified ill-defined sites
C770,Secondary and unspecified malignant neoplasm of lymph nodes of head face and neck
C771,Secondary and unspecified malignant neoplasm of intrathoracic lymph nodes
C772,Secondary and unspecified malignant neoplasm of intra-abdominal lymph nodes
C773,Secondary and unspecified malignant neoplasm of axilla and upper limb lymph nodes
C774,Secondary and unspecified malignant neoplasm of inguinal and lower limb lymph nodes
C775,Secondary and unspecified malignant neoplasm of intrapelvic lymph nodes
C778,Secondary and unspecified malignant neoplasm of lymph nodes of multiple regions
C779,Secondary and unspecified malignant neoplasm of lymph node unspecified
C7800,Secondary malignant neoplasm of unspecified lung
C7801,Secondary malignant neoplasm of right lung
C7802,Secondary malignant neoplasm of left lung
C781,Secondary malignant neoplasm of mediastinum
C782,Secondary malignant neoplasm of pleura
C7830,Secondary malignant neoplasm of unspecified respiratory organ
C7839,Secondary malignant neoplasm of other respiratory organs
C784,Secondary malignant neoplasm of small intestine
C785,Secondary malignant neoplasm of large intestine and rectum
C786,Secondary malignant neoplasm of retroperitoneum and peritoneum
C787,Secondary malignant neoplasm of liver and intrahepatic bile duct
C7880,Secondary malignant neoplasm of unspecified digestive organ
C7889,Secondary malignant neoplasm of other digestive organs
C7900,Secondary malignant neoplasm of unspecified kidney and renal pelvis
C7901,Secondary malignant neoplasm of right kidney and renal pelvis
C7902,Secondary malignant neoplasm of left kidney and renal pelvis
C7910,Secondary malignant neoplasm of unspecified urinary organs
C7911,Secondary malignant neoplasm of bladder
C7919,Secondary malignant neoplasm of other urinary organs
C792,Secondary malignant neoplasm of skin
C7931,Secondary malignant neoplasm of brain
C7932,Secondary malignant neoplasm of cerebral meninges
C7940,Secondary malignant neoplasm of unspecified part of nervous system
C7949,Secondary malignant neoplasm of other parts of nervous system
C7951,Secondary malignant neoplasm of bone
C7952,Secondary malignant neoplasm of bone marrow
C7960,Secondary malignant neoplasm of unspecified ovary
C7961,Secondary malignant neoplasm of right ovary
C7962,Secondary malignant neoplasm of left ovary
C7963,Secondary malignant neoplasm of bilateral ovaries
C7970,Secondary malignant neoplasm of unspecified adrenal gland
C7971,Secondary malignant neoplasm of right adrenal gland
C7972,Secondary malignant neoplasm of left adrenal gland
C7981,Secondary malignant neoplasm of breast
C7982,Secondary malignant neoplasm of genital organs
C7989,Secondary malignant neoplasm of other specified sites
C799,Secondary malignant neoplasm of unspecified site
C7A00,Malignant carcinoid tumor of unspecified site
C7A010,Malignant carcinoid tumor of the duodenum
C7A011,Malignant carcinoid tumor of the jejunum
C7A012,Malignant carcinoid tumor of the ileum
C7A019,Malignant carcinoid tumor of the small intestine unspecified portion
C7A020,Malignant carcinoid tumor of the appendix
C7A021,Malignant carcinoid tumor of the cecum
C7A022,Malignant carcinoid tumor of the ascending colon
C7A023,Malignant carcinoid tumor of the transverse colon
C7A024,Malignant carcinoid tumor of the descending colon
C7A025,Malignant carcinoid tumor of the sigmoid colon
C7A026,Malignant carcinoid tumor of the rectum
C7A029,Malignant carcinoid tumor of the large intestine unspecified portion
C7A090,Malignant carcinoid tumor of the bronchus and lung
C7A091,Malignant carcinoid tumor of the thymus
C7A092,Malignant carcinoid tumor of the stomach
C7A093,Malignant carcinoid tumor of the kidney
C7A094,Malignant carcinoid tumor of the foregut unspecified
C7A095,Malignant carcinoid tumor of the midgut unspecified
C7A096,Malignant carcinoid tumor of the hindgut unspecified
C7A098,Malignant carcinoid tumors of other sites
C7A1,Malignant poorly differentiated neuroendocrine tumors
C7A8,Other malignant neuroendocrine tumors
C7B00,Secondary carcinoid tumors unspecified site
C7B01,Secondary carcinoid tumors of distant lymph nodes
C7B02,Secondary carcinoid tumors of liver
C7B03,Secondary carcinoid tumors of bone
C7B04,Secondary carcinoid tumors of peritoneum
C7B09,Secondary carcinoid tumors of other sites
C7B1,Secondary Merkel cell carcinoma
C7B8,Other secondary neuroendocrine tumors
C800,Disseminated malignant neoplasm unspecified
C801,Malignant (primary) neoplasm unspecified
C802,Malignant neoplasm associated with transplanted organ
C8100,Nodular lymphocyte predominant Hodgkin lymphoma unspecified site
C8101,Nodular lymphocyte predominant Hodgkin lymphoma lymph nodes of head face and neck
C8102,Nodular lymphocyte predominant Hodgkin lymphoma intrathoracic lymph nodes
C8103,Nodular lymphocyte predominant Hodgkin lymphoma intra-abdominal lymph nodes
C8104,Nodular lymphocyte predominant Hodgkin lymphoma lymph nodes of axilla and upper limb
C8105,Nodular lymphocyte predominant Hodgkin lymphoma lymph nodes of inguinal region and lower limb
C8106,Nodular lymphocyte predominant Hodgkin lymphoma intrapelvic lymph nodes
C8107,Nodular lymphocyte predominant Hodgkin lymphoma spleen
C8108,Nodular lymphocyte predominant Hodgkin lymphoma lymph nodes of multiple sites
C8109,Nodular lymphocyte predominant Hodgkin lymphoma extranodal and solid organ sites
C8110,Nodular sclerosis Hodgkin lymphoma unspecified site
C8111,Nodular sclerosis Hodgkin lymphoma lymph nodes of head face and neck
C8112,Nodular sclerosis Hodgkin lymphoma intrathoracic lymph nodes
C8113,Nodular sclerosis Hodgkin lymphoma intra-abdominal lymph nodes
C8114,Nodular sclerosis Hodgkin lymphoma lymph nodes of axilla and upper limb
C8115,Nodular sclerosis Hodgkin lymphoma lymph nodes of inguinal region and lower limb
C8116,Nodular sclerosis Hodgkin lymphoma intrapelvic lymph nodes
C8117,Nodular sclerosis Hodgkin lymphoma spleen
C8118,Nodular sclerosis Hodgkin lymphoma lymph nodes of multiple sites
C8119,Nodular sclerosis Hodgkin lymphoma extranodal and solid organ sites
C8120,Mixed cellularity Hodgkin lymphoma unspecified site
C8121,Mixed cellularity Hodgkin lymphoma lymph nodes of head face and neck
C8122,Mixed cellularity Hodgkin lymphoma intrathoracic lymph nodes
C8123,Mixed cellularity Hodgkin lymphoma intra-abdominal lymph nodes
C8124,Mixed cellularity Hodgkin lymphoma lymph nodes of axilla and upper limb
C8125,Mixed cellularity Hodgkin lymphoma lymph nodes of inguinal region and lower limb
C8126,Mixed cellularity Hodgkin lymphoma intrapelvic lymph nodes
C8127,Mixed cellularity Hodgkin lymphoma spleen
C8128,Mixed cellularity Hodgkin lymphoma lymph nodes of multiple sites
C8129,Mixed cellularity Hodgkin lymphoma extranodal and solid organ sites
C8130,Lymphocyte depleted Hodgkin lymphoma unspecified site
C8131,Lymphocyte depleted Hodgkin lymphoma lymph nodes of head face and neck
C8132,Lymphocyte depleted Hodgkin lymphoma intrathoracic lymph nodes
C8133,Lymphocyte depleted Hodgkin lymphoma intra-abdominal lymph nodes
C8134,Lymphocyte depleted Hodgkin lymphoma lymph nodes of axilla and upper limb
C8135,Lymphocyte depleted Hodgkin lymphoma lymph nodes of inguinal region and lower limb
C8136,Lymphocyte depleted Hodgkin lymphoma intrapelvic lymph nodes
C8137,Lymphocyte depleted Hodgkin lymphoma spleen
C8138,Lymphocyte depleted Hodgkin lymphoma lymph nodes of multiple sites
C8139,Lymphocyte depleted Hodgkin lymphoma extranodal and solid organ sites
C8140,Lymphocyte-rich Hodgkin lymphoma unspecified site
C8141,Lymphocyte-rich Hodgkin lymphoma lymph nodes of head face and neck
C8142,Lymphocyte-rich Hodgkin lymphoma intrathoracic lymph nodes
C8143,Lymphocyte-rich Hodgkin lymphoma intra-abdominal lymph nodes
C8144,Lymphocyte-rich Hodgkin lymphoma lymph nodes of axilla and upper limb
C8145,Lymphocyte-rich Hodgkin lymphoma lymph nodes of inguinal region and lower limb
C8146,Lymphocyte-rich Hodgkin lymphoma intrapelvic lymph nodes
C8147,Lymphocyte-rich Hodgkin lymphoma spleen
C8148,Lymphocyte-rich Hodgkin lymphoma lymph nodes of multiple sites
C8149,Lymphocyte-rich Hodgkin lymphoma extranodal and solid organ sites
C8170,Other Hodgkin lymphoma unspecified site
C8171,Other Hodgkin lymphoma lymph nodes of head face and neck
C8172,Other Hodgkin lymphoma intrathoracic lymph nodes
C8173,Other Hodgkin lymphoma intra-abdominal lymph nodes
C8174,Other Hodgkin lymphoma lymph nodes of axilla and upper limb
C8175,Other Hodgkin lymphoma lymph nodes of inguinal region and lower limb
C8176,Other Hodgkin lymphoma intrapelvic lymph nodes
C8177,Other Hodgkin lymphoma spleen
C8178,Other Hodgkin lymphoma lymph nodes of multiple sites
C8179,Other Hodgkin lymphoma extranodal and solid organ sites
C8190,Hodgkin lymphoma unspecified unspecified site
C8191,Hodgkin lymphoma unspecified lymph nodes of head face and neck
C8192,Hodgkin lymphoma unspecified intrathoracic lymph nodes
C8193,Hodgkin lymphoma unspecified intra-abdominal lymph nodes
C8194,Hodgkin lymphoma unspecified lymph nodes of axilla and upper limb
C8195,Hodgkin lymphoma unspecified lymph nodes of inguinal region and lower limb
C8196,Hodgkin lymphoma unspecified intrapelvic lymph nodes
C8197,Hodgkin lymphoma unspecified spleen
C8198,Hodgkin lymphoma unspecified lymph nodes of multiple sites
C8199,Hodgkin lymphoma unspecified extranodal and solid organ sites
C8200,Follicular lymphoma grade I unspecified site
C8201,Follicular lymphoma grade I lymph nodes of head face and neck
C8202,Follicular lymphoma grade I intrathoracic lymph nodes
C8203,Follicular lymphoma grade I intra-abdominal lymph nodes
C8204,Follicular lymphoma grade I lymph nodes of axilla and upper limb
C8205,Follicular lymphoma grade I lymph nodes of inguinal region and lower limb
C8206,Follicular lymphoma grade I intrapelvic lymph nodes
C8207,Follicular lymphoma grade I spleen
C8208,Follicular lymphoma grade I lymph nodes of multiple sites
C8209,Follicular lymphoma grade I extranodal and solid organ sites
C8210,Follicular lymphoma grade II unspecified site
C8211,Follicular lymphoma grade II lymph nodes of head face and neck
C8212,Follicular lymphoma grade II intrathoracic lymph nodes
C8213,Follicular lymphoma grade II intra-abdominal lymph nodes
C8214,Follicular lymphoma grade II lymph nodes of axilla and upper limb
C8215,Follicular lymphoma grade II lymph nodes of inguinal region and lower limb
C8216,Follicular lymphoma grade II intrapelvic lymph nodes
C8217,Follicular lymphoma grade II spleen
C8218,Follicular lymphoma grade II lymph nodes of multiple sites
C8219,Follicular lymphoma grade II extranodal and solid organ sites
C8220,Follicular lymphoma grade III unspecified unspecified site
C8221,Follicular lymphoma grade III unspecified lymph nodes of head face and neck
C8222,Follicular lymphoma grade III unspecified intrathoracic lymph nodes
C8223,Follicular lymphoma grade III unspecified intra-abdominal lymph nodes
C8224,Follicular lymphoma grade III unspecified lymph nodes of axilla and upper limb
C8225,Follicular lymphoma grade III unspecified lymph nodes of inguinal region and lower limb
C8226,Follicular lymphoma grade III unspecified intrapelvic lymph nodes
C8227,Follicular lymphoma grade III unspecified spleen
C8228,Follicular lymphoma grade III unspecified lymph nodes of multiple sites
C8229,Follicular lymphoma grade III unspecified extranodal and solid organ sites
C8230,Follicular lymphoma grade IIIa unspecified site
C8231,Follicular lymphoma grade IIIa lymph nodes of head face and neck
C8232,Follicular lymphoma grade IIIa intrathoracic lymph nodes
C8233,Follicular lymphoma grade IIIa intra-abdominal lymph nodes
C8234,Follicular lymphoma grade IIIa lymph nodes of axilla and upper limb
C8235,Follicular lymphoma grade IIIa lymph nodes of inguinal region and lower limb
C8236,Follicular lymphoma grade IIIa intrapelvic lymph nodes
C8237,Follicular lymphoma grade IIIa spleen
C8238,Follicular lymphoma grade IIIa lymph nodes of multiple sites
C8239,Follicular lymphoma grade IIIa extranodal and solid organ sites
C8240,Follicular lymphoma grade IIIb unspecified site
C8241,Follicular lymphoma grade IIIb lymph nodes of head face and neck
C8242,Follicular lymphoma grade IIIb intrathoracic lymph nodes
C8243,Follicular lymphoma grade IIIb intra-abdominal lymph nodes
C8244,Follicular lymphoma grade IIIb lymph nodes of axilla and upper limb
C8245,Follicular lymphoma grade IIIb lymph nodes of inguinal region and lower limb
C8246,Follicular lymphoma grade IIIb intrapelvic lymph nodes
C8247,Follicular lymphoma grade IIIb spleen
C8248,Follicular lymphoma grade IIIb lymph nodes of multiple sites
C8249,Follicular lymphoma grade IIIb extranodal and solid organ sites
C8250,Diffuse follicle center lymphoma unspecified site
C8251,Diffuse follicle center lymphoma lymph nodes of head face and neck
C8252,Diffuse follicle center lymphoma intrathoracic lymph nodes
C8253,Diffuse follicle center lymphoma intra-abdominal lymph nodes
C8254,Diffuse follicle center lymphoma lymph nodes of axilla and upper limb
C8255,Diffuse follicle center lymphoma lymph nodes of inguinal region and lower limb
C8256,Diffuse follicle center lymphoma intrapelvic lymph nodes
C8257,Diffuse follicle center lymphoma spleen
C8258,Diffuse follicle center lymphoma lymph nodes of multiple sites
C8259,Diffuse follicle center lymphoma extranodal and solid organ sites
C8260,Cutaneous follicle center lymphoma unspecified site
C8261,Cutaneous follicle center lymphoma lymph nodes of head face and neck
C8262,Cutaneous follicle center lymphoma intrathoracic lymph nodes
C8263,Cutaneous follicle center lymphoma intra-abdominal lymph nodes
C8264,Cutaneous follicle center lymphoma lymph nodes of axilla and upper limb
C8265,Cutaneous follicle center lymphoma lymph nodes of inguinal region and lower limb
C8266,Cutaneous follicle center lymphoma intrapelvic lymph nodes
C8267,Cutaneous follicle center lymphoma spleen
C8268,Cutaneous follicle center lymphoma lymph nodes of multiple sites
C8269,Cutaneous follicle center lymphoma extranodal and solid organ sites
C8280,Other types of follicular lymphoma unspecified site
C8281,Other types of follicular lymphoma lymph nodes of head face and neck
C8282,Other types of follicular lymphoma intrathoracic lymph nodes
C8283,Other types of follicular lymphoma intra-abdominal lymph nodes
C8284,Other types of follicular lymphoma lymph nodes of axilla and upper limb
C8285,Other types of follicular lymphoma lymph nodes of inguinal region and lower limb
C8286,Other types of follicular lymphoma intrapelvic lymph nodes
C8287,Other types of follicular lymphoma spleen
C8288,Other types of follicular lymphoma lymph nodes of multiple sites
C8289,Other types of follicular lymphoma extranodal and solid organ sites
C8290,Follicular lymphoma unspecified unspecified site
C8291,Follicular lymphoma unspecified lymph nodes of head face and neck
C8292,Follicular lymphoma unspecified intrathoracic lymph nodes
C8293,Follicular lymphoma unspecified intra-abdominal lymph nodes
C8294,Follicular lymphoma unspecified lymph nodes of axilla and upper limb
C8295,Follicular lymphoma unspecified lymph nodes of inguinal region and lower limb
C8296,Follicular lymphoma unspecified intrapelvic lymph nodes
C8297,Follicular lymphoma unspecified spleen
C8298,Follicular lymphoma unspecified lymph nodes of multiple sites
C8299,Follicular lymphoma unspecified extranodal and solid organ sites
C8300,Small cell B-cell lymphoma unspecified site
C8301,Small cell B-cell lymphoma lymph nodes of head face and neck
C8302,Small cell B-cell lymphoma intrathoracic lymph nodes
C8303,Small cell B-cell lymphoma intra-abdominal lymph nodes
C8304,Small cell B-cell lymphoma lymph nodes of axilla and upper limb
C8305,Small cell B-cell lymphoma lymph nodes of inguinal region and lower limb
C8306,Small cell B-cell lymphoma intrapelvic lymph nodes
C8307,Small cell B-cell lymphoma spleen
C8308,Small cell B-cell lymphoma lymph nodes of multiple sites
C8309,Small cell B-cell lymphoma extranodal and solid organ sites
C8310,Mantle cell lymphoma unspecified site
C8311,Mantle cell lymphoma lymph nodes of head face and neck
C8312,Mantle cell lymphoma intrathoracic lymph nodes
C8313,Mantle cell lymphoma intra-abdominal lymph nodes
C8314,Mantle cell lymphoma lymph nodes of axilla and upper limb
C8315,Mantle cell lymphoma lymph nodes of inguinal region and lower limb
C8316,Mantle cell lymphoma intrapelvic lymph nodes
C8317,Mantle cell lymphoma spleen
C8318,Mantle cell lymphoma lymph nodes of multiple sites
C8319,Mantle cell lymphoma extranodal and solid organ sites
C8330,Diffuse large B-cell lymphoma unspecified site
C8331,Diffuse large B-cell lymphoma lymph nodes of head face and neck
C8332,Diffuse large B-cell lymphoma intrathoracic lymph nodes
C8333,Diffuse large B-cell lymphoma intra-abdominal lymph nodes
C8334,Diffuse large B-cell lymphoma lymph nodes of axilla and upper limb
C8335,Diffuse large B-cell lymphoma lymph nodes of inguinal region and lower limb
C8336,Diffuse large B-cell lymphoma intrapelvic lymph nodes
C8337,Diffuse large B-cell lymphoma spleen
C8338,Diffuse large B-cell lymphoma lymph nodes of multiple sites
C8339,Diffuse large B-cell lymphoma extranodal and solid organ sites
C8350,Lymphoblastic (diffuse) lymphoma unspecified site
C8351,Lymphoblastic (diffuse) lymphoma lymph nodes of head face and neck
C8352,Lymphoblastic (diffuse) lymphoma intrathoracic lymph nodes
C8353,Lymphoblastic (diffuse) lymphoma intra-abdominal lymph nodes
C8354,Lymphoblastic (diffuse) lymphoma lymph nodes of axilla and upper limb
C8355,Lymphoblastic (diffuse) lymphoma lymph nodes of inguinal region and lower limb
C8356,Lymphoblastic (diffuse) lymphoma intrapelvic lymph nodes
C8357,Lymphoblastic (diffuse) lymphoma spleen
C8358,Lymphoblastic (diffuse) lymphoma lymph nodes of multiple sites
C8359,Lymphoblastic (diffuse) lymphoma extranodal and solid organ sites
C8370,Burkitt lymphoma unspecified site
C8371,Burkitt lymphoma lymph nodes of head face and neck
C8372,Burkitt lymphoma intrathoracic lymph nodes
C8373,Burkitt lymphoma intra-abdominal lymph nodes
C8374,Burkitt lymphoma lymph nodes of axilla and upper limb
C8375,Burkitt lymphoma lymph nodes of inguinal region and lower limb
C8376,Burkitt lymphoma intrapelvic lymph nodes
C8377,Burkitt lymphoma spleen
C8378,Burkitt lymphoma lymph nodes of multiple sites
C8379,Burkitt lymphoma extranodal and solid organ sites
C8380,Other non-follicular lymphoma unspecified site
C8381,Other non-follicular lymphoma lymph nodes of head face and neck
C8382,Other non-follicular lymphoma intrathoracic lymph nodes
C8383,Other non-follicular lymphoma intra-abdominal lymph nodes
C8384,Other non-follicular lymphoma lymph nodes of axilla and upper limb
C8385,Other non-follicular lymphoma lymph nodes of inguinal region and lower limb
C8386,Other non-follicular lymphoma intrapelvic lymph nodes
C8387,Other non-follicular lymphoma spleen
C8388,Other non-follicular lymphoma lymph nodes of multiple sites
C8389,Other non-follicular lymphoma extranodal and solid organ sites
C8390,Non-follicular (diffuse) lymphoma unspecified unspecified site
C8391,Non-follicular (diffuse) lymphoma unspecified lymph nodes of head face and neck
C8392,Non-follicular (diffuse) lymphoma unspecified intrathoracic lymph nodes
C8393,Non-follicular (diffuse) lymphoma unspecified intra-abdominal lymph nodes
C8394,Non-follicular (diffuse) lymphoma unspecified lymph nodes of axilla and upper limb
C8395,Non-follicular (diffuse) lymphoma unspecified lymph nodes of inguinal region and lower limb
C8396,Non-follicular (diffuse) lymphoma unspecified intrapelvic lymph nodes
C8397,Non-follicular (diffuse) lymphoma unspecified spleen
C8398,Non-follicular (diffuse) lymphoma unspecified lymph nodes of multiple sites
C8399,Non-follicular (diffuse) lymphoma unspecified extranodal and solid organ sites
C8400,Mycosis fungoides unspecified site
C8401,Mycosis fungoides lymph nodes of head face and neck
C8402,Mycosis fungoides intrathoracic lymph nodes
C8403,Mycosis fungoides intra-abdominal lymph nodes
C8404,Mycosis fungoides lymph nodes of axilla and upper limb
C8405,Mycosis fungoides lymph nodes of inguinal region and lower limb
C8406,Mycosis fungoides intrapelvic lymph nodes
C8407,Mycosis fungoides spleen
C8408,Mycosis fungoides lymph nodes of multiple sites
C8409,Mycosis fungoides extranodal and solid organ sites
C8410,Sezary disease unspecified site
C8411,Sezary disease lymph nodes of head face and neck
C8412,Sezary disease intrathoracic lymph nodes
C8413,Sezary disease intra-abdominal lymph nodes
C8414,Sezary disease lymph nodes of axilla and upper limb
C8415,Sezary disease lymph nodes of inguinal region and lower limb
C8416,Sezary disease intrapelvic lymph nodes
C8417,Sezary disease spleen
C8418,Sezary disease lymph nodes of multiple sites
C8419,Sezary disease extranodal and solid organ sites
C8440,Peripheral T-cell lymphoma not elsewhere classified unspecified site
C8441,Peripheral T-cell lymphoma not elsewhere classified lymph nodes of head face and neck
C8442,Peripheral T-cell lymphoma not elsewhere classified intrathoracic lymph nodes
C8443,Peripheral T-cell lymphoma not elsewhere classified intra-abdominal lymph nodes
C8444,Peripheral T-cell lymphoma not elsewhere classified lymph nodes of axilla and upper limb
C8445,Peripheral T-cell lymphoma not elsewhere classified lymph nodes of inguinal region and lower limb
C8446,Peripheral T-cell lymphoma not elsewhere classified intrapelvic lymph nodes
C8447,Peripheral T-cell lymphoma not elsewhere classified spleen
C8448,Peripheral T-cell lymphoma not eslewhere classified lymph nodes of multiple sites
C8449,Peripheral T-cell lymphoma not elsewhere classified extranodal and solid organ sites
C8460,Anaplastic large cell lymphoma ALK-positive unspecified site
C8461,Anaplastic large cell lymphoma ALK-positive lymph nodes of head face and neck
C8462,Anaplastic large cell lymphoma ALK-positive intrathoracic lymph nodes
C8463,Anaplastic large cell lymphoma ALK-positive intra-abdominal lymph nodes
C8464,Anaplastic large cell lymphoma ALK-positive lymph nodes of axilla and upper limb
C8465,Anaplastic large cell lymphoma ALK-positive lymph nodes of inguinal region and lower limb
C8466,Anaplastic large cell lymphoma ALK-positive intrapelvic lymph nodes
C8467,Anaplastic large cell lymphoma ALK-positive spleen
C8468,Anaplastic large cell lymphoma ALK-positive lymph nodes of multiple sites
C8469,Anaplastic large cell lymphoma ALK-positive extranodal and solid organ sites
C8470,Anaplastic large cell lymphoma ALK-negative unspecified site
C8471,Anaplastic large cell lymphoma ALK-negative lymph nodes of head face and neck
C8472,Anaplastic large cell lymphoma ALK-negative intrathoracic lymph nodes
C8473,Anaplastic large cell lymphoma ALK-negative intra-abdominal lymph nodes
C8474,Anaplastic large cell lymphoma ALK-negative lymph nodes of axilla and upper limb
C8475,Anaplastic large cell lymphoma ALK-negative lymph nodes of inguinal region and lower limb
C8476,Anaplastic large cell lymphoma ALK-negative intrapelvic lymph nodes
C8477,Anaplastic large cell lymphoma ALK-negative spleen
C8478,Anaplastic large cell lymphoma ALK-negative lymph nodes of multiple sites
C8479,Anaplastic large cell lymphoma ALK-negative extranodal and solid organ sites
C847A,Anaplastic large cell lymphoma ALK-negative breast
C8490,Mature T/NK-cell lymphomas unspecified unspecified site
C8491,Mature T/NK-cell lymphomas unspecified lymph nodes of head face and neck
C8492,Mature T/NK-cell lymphomas unspecified intrathoracic lymph nodes
C8493,Mature T/NK-cell lymphomas unspecified intra-abdominal lymph nodes
C8494,Mature T/NK-cell lymphomas unspecified lymph nodes of axilla and upper limb
C8495,Mature T/NK-cell lymphomas unspecified lymph nodes of inguinal region and lower limb
C8496,Mature T/NK-cell lymphomas unspecified intrapelvic lymph nodes
C8497,Mature T/NK-cell lymphomas unspecified spleen
C8498,Mature T/NK-cell lymphomas unspecified lymph nodes of multiple sites
C8499,Mature T/NK-cell lymphomas unspecified extranodal and solid organ sites
C84A0,Cutaneous T-cell lymphoma unspecified unspecified site
C84A1,Cutaneous T-cell lymphoma unspecified lymph nodes of head face and neck
C84A2,Cutaneous T-cell lymphoma unspecified intrathoracic lymph nodes
C84A3,Cutaneous T-cell lymphoma unspecified intra-abdominal lymph nodes
C84A4,Cutaneous T-cell lymphoma unspecified lymph nodes of axilla and upper limb
C84A5,Cutaneous T-cell lymphoma unspecified lymph nodes of inguinal region and lower limb
C84A6,Cutaneous T-cell lymphoma unspecified intrapelvic lymph nodes
C84A7,Cutaneous T-cell lymphoma unspecified spleen
C84A8,Cutaneous T-cell lymphoma unspecified lymph nodes of multiple sites
C84A9,Cutaneous T-cell lymphoma unspecified extranodal and solid organ sites
C84Z0,Other mature T/NK-cell lymphomas unspecified site
C84Z1,Other mature T/NK-cell lymphomas lymph nodes of head face and neck
C84Z2,Other mature T/NK-cell lymphomas intrathoracic lymph nodes
C84Z3,Other mature T/NK-cell lymphomas intra-abdominal lymph nodes
C84Z4,Other mature T/NK-cell lymphomas lymph nodes of axilla and upper limb
C84Z5,Other mature T/NK-cell lymphomas lymph nodes of inguinal region and lower limb
C84Z6,Other mature T/NK-cell lymphomas intrapelvic lymph nodes
C84Z7,Other mature T/NK-cell lymphomas spleen
C84Z8,Other mature T/NK-cell lymphomas lymph nodes of multiple sites
C84Z9,Other mature T/NK-cell lymphomas extranodal and solid organ sites
C8510,Unspecified B-cell lymphoma unspecified site
C8511,Unspecified B-cell lymphoma lymph nodes of head face and neck
C8512,Unspecified B-cell lymphoma intrathoracic lymph nodes
C8513,Unspecified B-cell lymphoma intra-abdominal lymph nodes
C8514,Unspecified B-cell lymphoma lymph nodes of axilla and upper limb
C8515,Unspecified B-cell lymphoma lymph nodes of inguinal region and lower limb
C8516,Unspecified B-cell lymphoma intrapelvic lymph nodes
C8517,Unspecified B-cell lymphoma spleen
C8518,Unspecified B-cell lymphoma lymph nodes of multiple sites
C8519,Unspecified B-cell lymphoma extranodal and solid organ sites
C8520,Mediastinal (thymic) large B-cell lymphoma unspecified site
C8521,Mediastinal (thymic) large B-cell lymphoma lymph nodes of head face and neck
C8522,Mediastinal (thymic) large B-cell lymphoma intrathoracic lymph nodes
C8523,Mediastinal (thymic) large B-cell lymphoma intra-abdominal lymph nodes
C8524,Mediastinal (thymic) large B-cell lymphoma lymph nodes of axilla and upper limb
C8525,Mediastinal (thymic) large B-cell lymphoma lymph nodes of inguinal region and lower limb
C8526,Mediastinal (thymic) large B-cell lymphoma intrapelvic lymph nodes
C8527,Mediastinal (thymic) large B-cell lymphoma spleen
C8528,Mediastinal (thymic) large B-cell lymphoma lymph nodes of multiple sites
C8529,Mediastinal (thymic) large B-cell lymphoma extranodal and solid organ sites
C8580,Other specified types of non-Hodgkin lymphoma unspecified site
C8581,Other specified types of non-Hodgkin lymphoma lymph nodes of head face and neck
C8582,Other specified types of non-Hodgkin lymphoma intrathoracic lymph nodes
C8583,Other specified types of non-Hodgkin lymphoma intra-abdominal lymph nodes
C8584,Other specified types of non-Hodgkin lymphoma lymph nodes of axilla and upper limb
C8585,Other specified types of non-Hodgkin lymphoma lymph nodes of inguinal region and lower limb
C8586,Other specified types of non-Hodgkin lymphoma intrapelvic lymph nodes
C8587,Other specified types of non-Hodgkin lymphoma spleen
C8588,Other specified types of non-Hodgkin lymphoma lymph nodes of multiple sites
C8589,Other specified types of non-Hodgkin lymphoma extranodal and solid organ sites
C8590,Non-Hodgkin lymphoma unspecified unspecified site
C8591,Non-Hodgkin lymphoma unspecified lymph nodes of head face and neck
C8592,Non-Hodgkin lymphoma unspecified intrathoracic lymph nodes
C8593,Non-Hodgkin lymphoma unspecified intra-abdominal lymph nodes
C8594,Non-Hodgkin lymphoma unspecified lymph nodes of axilla and upper limb
C8595,Non-Hodgkin lymphoma unspecified lymph nodes of inguinal region and lower limb
C8596,Non-Hodgkin lymphoma unspecified intrapelvic lymph nodes
C8597,Non-Hodgkin lymphoma unspecified spleen
C8598,Non-Hodgkin lymphoma unspecified lymph nodes of multiple sites
C8599,Non-Hodgkin lymphoma unspecified extranodal and solid organ sites
C860,Extranodal NK/T-cell lymphoma nasal type
C861,Hepatosplenic T-cell lymphoma
C862,Enteropathy-type (intestinal) T-cell lymphoma
C863,Subcutaneous panniculitis-like T-cell lymphoma
C864,Blastic NK-cell lymphoma
C865,Angioimmunoblastic T-cell lymphoma
C866,Primary cutaneous CD30-positive T-cell proliferations
C880,Waldenstrom macroglobulinemia
C882,Heavy chain disease
C883,Immunoproliferative small intestinal disease
C884,Extranodal marginal zone B-cell lymphoma of mucosa-associated lymphoid tissue [MALT-lymphoma]
C888,Other malignant immunoproliferative diseases
C889,Malignant immunoproliferative disease unspecified
C9000,Multiple myeloma not having achieved remission
C9001,Multiple myeloma in remission
C9002,Multiple myeloma in relapse
C9010,Plasma cell leukemia not having achieved remission
C9011,Plasma cell leukemia in remission
C9012,Plasma cell leukemia in relapse
C9020,Extramedullary plasmacytoma not having achieved remission
C9021,Extramedullary plasmacytoma in remission
C9022,Extramedullary plasmacytoma in relapse
C9030,Solitary plasmacytoma not having achieved remission
C9031,Solitary plasmacytoma in remission
C9032,Solitary plasmacytoma in relapse
C9100,Acute lymphoblastic leukemia not having achieved remission
C9101,Acute lymphoblastic leukemia in remission
C9102,Acute lymphoblastic leukemia in relapse
C9110,Chronic lymphocytic leukemia of B-cell type not having achieved remission
C9111,Chronic lymphocytic leukemia of B-cell type in remission
C9112,Chronic lymphocytic leukemia of B-cell type in relapse
C9130,Prolymphocytic leukemia of B-cell type not having achieved remission
C9131,Prolymphocytic leukemia of B-cell type in remission
C9132,Prolymphocytic leukemia of B-cell type in relapse
C9140,Hairy cell leukemia not having achieved remission
C9141,Hairy cell leukemia in remission
C9142,Hairy cell leukemia in relapse
C9150,Adult T-cell lymphoma/leukemia (HTLV-1-associated) not having achieved remission
C9151,Adult T-cell lymphoma/leukemia (HTLV-1-associated) in remission
C9152,Adult T-cell lymphoma/leukemia (HTLV-1-associated) in relapse
C9160,Prolymphocytic leukemia of T-cell type not having achieved remission
C9161,Prolymphocytic leukemia of T-cell type in remission
C9162,Prolymphocytic leukemia of T-cell type in relapse
C9190,Lymphoid leukemia unspecified not having achieved remission
C9191,Lymphoid leukemia unspecified in remission
C9192,Lymphoid leukemia unspecified in relapse
C91A0,Mature B-cell leukemia Burkitt-type not having achieved remission
C91A1,Mature B-cell leukemia Burkitt-type in remission
C91A2,Mature B-cell leukemia Burkitt-type in relapse
C91Z0,Other lymphoid leukemia not having achieved remission
C91Z1,Other lymphoid leukemia in remission
C91Z2,Other lymphoid leukemia in relapse
C9200,Acute myeloblastic leukemia not having achieved remission
C9201,Acute myeloblastic leukemia in remission
C9202,Acute myeloblastic leukemia in relapse
C9210,Chronic myeloid leukemia BCR/ABL-positive not having achieved remission
C9211,Chronic myeloid leukemia BCR/ABL-positive in remission
C9212,Chronic myeloid leukemia BCR/ABL-positive in relapse
C9220,Atypical chronic myeloid leukemia BCR/ABL-negative not having achieved remission
C9221,Atypical chronic myeloid leukemia BCR/ABL-negative in remission
C9222,Atypical chronic myeloid leukemia BCR/ABL-negative in relapse
C9230,Myeloid sarcoma not having achieved remission
C9231,Myeloid sarcoma in remission
C9232,Myeloid sarcoma in relapse
C9240,Acute promyelocytic leukemia not having achieved remission
C9241,Acute promyelocytic leukemia in remission
C9242,Acute promyelocytic leukemia in relapse
C9250,Acute myelomonocytic leukemia not having achieved remission
C9251,Acute myelomonocytic leukemia in remission
C9252,Acute myelomonocytic leukemia in relapse
C9260,Acute myeloid leukemia with 11q23-abnormality not having achieved remission
C9261,Acute myeloid leukemia with 11q23-abnormality in remission
C9262,Acute myeloid leukemia with 11q23-abnormality in relapse
C9290,Myeloid leukemia unspecified not having achieved remission
C9291,Myeloid leukemia unspecified in remission
C9292,Myeloid leukemia unspecified in relapse
C92A0,Acute myeloid leukemia with multilineage dysplasia not having achieved remission
C92A1,Acute myeloid leukemia with multilineage dysplasia in remission
C92A2,Acute myeloid leukemia with multilineage dysplasia in relapse
C92Z0,Other myeloid leukemia not having achieved remission
C92Z1,Other myeloid leukemia in remission
C92Z2,Other myeloid leukemia in relapse
C9300,Acute monoblastic/monocytic leukemia not having achieved remission
C9301,Acute monoblastic/monocytic leukemia in remission
C9302,Acute monoblastic/monocytic leukemia in relapse
C9310,Chronic myelomonocytic leukemia not having achieved remission
C9311,Chronic myelomonocytic leukemia in remission
C9312,Chronic myelomonocytic leukemia in relapse
C9330,Juvenile myelomonocytic leukemia not having achieved remission
C9331,Juvenile myelomonocytic leukemia in remission
C9332,Juvenile myelomonocytic leukemia in relapse
C9390,Monocytic leukemia unspecified not having achieved remission
C9391,Monocytic leukemia unspecified in remission
C9392,Monocytic leukemia unspecified in relapse
C93Z0,Other monocytic leukemia not having achieved remission
C93Z1,Other monocytic leukemia in remission
C93Z2,Other monocytic leukemia in relapse
C9400,Acute erythroid leukemia not having achieved remission
C9401,Acute erythroid leukemia in remission
C9402,Acute erythroid leukemia in relapse
C9420,Acute megakaryoblastic leukemia not having achieved remission
C9421,Acute megakaryoblastic leukemia in remission
C9422,Acute megakaryoblastic leukemia in relapse
C9430,Mast cell leukemia not having achieved remission
C9431,Mast cell leukemia in remission
C9432,Mast cell leukemia in relapse
C9440,Acute panmyelosis with myelofibrosis not having achieved remission
C9441,Acute panmyelosis with myelofibrosis in remission
C9442,Acute panmyelosis with myelofibrosis in relapse
C946,Myelodysplastic disease not elsewhere classified
C9480,Other specified leukemias not having achieved remission
C9481,Other specified leukemias in remission
C9482,Other specified leukemias in relapse
C9500,Acute leukemia of unspecified cell type not having achieved remission
C9501,Acute leukemia of unspecified cell type in remission
C9502,Acute leukemia of unspecified cell type in relapse
C9510,Chronic leukemia of unspecified cell type not having achieved remission
C9511,Chronic leukemia of unspecified cell type in remission
C9512,Chronic leukemia of unspecified cell type in relapse
C9590,Leukemia unspecified not having achieved remission
C9591,Leukemia unspecified in remission
C9592,Leukemia unspecified in relapse
C960,Multifocal and multisystemic (disseminated) Langerhans-cell histiocytosis
C962,Malignant mast cell tumor
C9620,Malignant mast cell neoplasm unspecified
C9621,Aggressive systemic mastocytosis
C9622,Mast cell sarcoma
C9629,Other malignant mast cell neoplasm
C964,Sarcoma of dendritic cells (accessory cells)
C965,Multifocal and unisystemic Langerhans-cell histiocytosis
C966,Unifocal Langerhans-cell histiocytosis
C969,Malignant neoplasm of lymphoid hematopoietic and related tissue unspecified
C96A,Histiocytic sarcoma
C96Z,Other specified malignant neoplasms of lymphoid hematopoietic and related tissue
D0000,Carcinoma in situ of oral cavity unspecified site
D0001,Carcinoma in situ of labial mucosa and vermilion border
D0002,Carcinoma in situ of buccal mucosa
D0003,Carcinoma in situ of gingiva and edentulous alveolar ridge
D0004,Carcinoma in situ of soft palate
D0005,Carcinoma in situ of hard palate
D0006,Carcinoma in situ of floor of mouth
D0007,Carcinoma in situ of tongue
D0008,Carcinoma in situ of pharynx
D001,Carcinoma in situ of esophagus
D002,Carcinoma in situ of stomach
D010,Carcinoma in situ of colon
D011,Carcinoma in situ of rectosigmoid junction
D012,Carcinoma in situ of rectum
D013,Carcinoma in situ of anus and anal canal
D0140,Carcinoma in situ of unspecified part of intestine
D0149,Carcinoma in situ of other parts of intestine
D015,Carcinoma in situ of liver gallbladder and bile ducts
D017,Carcinoma in situ of other specified digestive organs
D019,Carcinoma in situ of digestive organ unspecified
D020,Carcinoma in situ of larynx
D021,Carcinoma in situ of trachea
D0220,Carcinoma in situ of unspecified bronchus and lung
D0221,Carcinoma in situ of right bronchus and lung
D0222,Carcinoma in situ of left bronchus and lung
D023,Carcinoma in situ of other parts of respiratory system
D024,Carcinoma in situ of respiratory system unspecified
D030,Melanoma in situ of lip
D0310,Melanoma in situ of unspecified eyelid including canthus
D0311,Melanoma in situ of right eyelid including canthus
D03111,Melanoma in situ of right upper eyelid including canthus
D03112,Melanoma in situ of right lower eyelid including canthus
D0312,Melanoma in situ of left eyelid including canthus
D03121,Melanoma in situ of left upper eyelid including canthus
D03122,Melanoma in situ of left lower eyelid including canthus
D0320,Melanoma in situ of unspecified ear and external auricular canal
D0321,Melanoma in situ of right ear and external auricular canal
D0322,Melanoma in situ of left ear and external auricular canal
D0330,Melanoma in situ of unspecified part of face
D0339,Melanoma in situ of other parts of face
D034,Melanoma in situ of scalp and neck
D0351,Melanoma in situ of anal skin
D0352,Melanoma in situ of breast (skin) (soft tissue)
D0359,Melanoma in situ of other part of trunk
D0360,Melanoma in situ of unspecified upper limb including shoulder
D0361,Melanoma in situ of right upper limb including shoulder
D0362,Melanoma in situ of left upper limb including shoulder
D0370,Melanoma in situ of unspecified lower limb including hip
D0371,Melanoma in situ of right lower limb including hip
D0372,Melanoma in situ of left lower limb including hip
D038,Melanoma in situ of other sites
D039,Melanoma in situ unspecified
D040,Carcinoma in situ of skin of lip
D0410,Carcinoma in situ of skin of unspecified eyelid including canthus
D0411,Carcinoma in situ of skin of right eyelid including canthus
D04111,Carcinoma in situ of skin of right upper eyelid including canthus
D04112,Carcinoma in situ of skin of right lower eyelid including canthus
D0412,Carcinoma in situ of skin of left eyelid including canthus
D04121,Carcinoma in situ of skin of left upper eyelid including canthus
D04122,Carcinoma in situ of skin of left lower eyelid including canthus
D0420,Carcinoma in situ of skin of unspecified ear and external auricular canal
D0421,Carcinoma in situ of skin of right ear and external auricular canal
D0422,Carcinoma in situ of skin of left ear and external auricular canal
D0430,Carcinoma in situ of skin of unspecified part of face
D0439,Carcinoma in situ of skin of other parts of face
D044,Carcinoma in situ of skin of scalp and neck
D045,Carcinoma in situ of skin of trunk
D0460,Carcinoma in situ of skin of unspecified upper limb including shoulder
D0461,Carcinoma in situ of skin of right upper limb including shoulder
D0462,Carcinoma in situ of skin of left upper limb including shoulder
D0470,Carcinoma in situ of skin of unspecified lower limb including hip
D0471,Carcinoma in situ of skin of right lower limb including hip
D0472,Carcinoma in situ of skin of left lower limb including hip
D048,Carcinoma in situ of skin of other sites
D049,Carcinoma in situ of skin unspecified
D0500,Lobular carcinoma in situ of unspecified breast
D0501,Lobular carcinoma in situ of right breast
D0502,Lobular carcinoma in situ of left breast
D0510,Intraductal carcinoma in situ of unspecified breast
D0511,Intraductal carcinoma in situ of right breast
D0512,Intraductal carcinoma in situ of left breast
D0580,Other specified type of carcinoma in situ of unspecified breast
D0581,Other specified type of carcinoma in situ of right breast
D0582,Other specified type of carcinoma in situ of left breast
D0590,Unspecified type of carcinoma in situ of unspecified breast
D0591,Unspecified type of carcinoma in situ of right breast
D0592,Unspecified type of carcinoma in situ of left breast
D060,Carcinoma in situ of endocervix
D061,Carcinoma in situ of exocervix
D067,Carcinoma in situ of other parts of cervix
D069,Carcinoma in situ of cervix unspecified
D070,Carcinoma in situ of endometrium
D071,Carcinoma in situ of vulva
D072,Carcinoma in situ of vagina
D0730,Carcinoma in situ of unspecified female genital organs
D0739,Carcinoma in situ of other female genital organs
D074,Carcinoma in situ of penis
D075,Carcinoma in situ of prostate
D0760,Carcinoma in situ of unspecified male genital organs
D0761,Carcinoma in situ of scrotum
D0769,Carcinoma in situ of other male genital organs
D090,Carcinoma in situ of bladder
D0910,Carcinoma in situ of unspecified urinary organ
D0919,Carcinoma in situ of other urinary organs
D0920,Carcinoma in situ of unspecified eye
D0921,Carcinoma in situ of right eye
D0922,Carcinoma in situ of left eye
D093,Carcinoma in situ of thyroid and other endocrine glands
D098,Carcinoma in situ of other specified sites
D099,Carcinoma in situ unspecified
D100,Benign neoplasm of lip
D101,Benign neoplasm of tongue
D102,Benign neoplasm of floor of mouth
D1030,Benign neoplasm of unspecified part of mouth
D1039,Benign neoplasm of other parts of mouth
D104,Benign neoplasm of tonsil
D105,Benign neoplasm of other parts of oropharynx
D106,Benign neoplasm of nasopharynx
D107,Benign neoplasm of hypopharynx
D109,Benign neoplasm of pharynx unspecified
D110,Benign neoplasm of parotid gland
D117,Benign neoplasm of other major salivary glands
D119,Benign neoplasm of major salivary gland unspecified
D120,Benign neoplasm of cecum
D121,Benign neoplasm of appendix
D122,Benign neoplasm of ascending colon
D123,Benign neoplasm of transverse colon
D124,Benign neoplasm of descending colon
D125,Benign neoplasm of sigmoid colon
D126,Benign neoplasm of colon unspecified
D127,Benign neoplasm of rectosigmoid junction
D128,Benign neoplasm of rectum
D129,Benign neoplasm of anus and anal canal
D130,Benign neoplasm of esophagus
D131,Benign neoplasm of stomach
D132,Benign neoplasm of duodenum
D1330,Benign neoplasm of unspecified part of small intestine
D1339,Benign neoplasm of other parts of small intestine
D134,Benign neoplasm of liver
D135,Benign neoplasm of extrahepatic bile ducts
D136,Benign neoplasm of pancreas
D137,Benign neoplasm of endocrine pancreas
D139,Benign neoplasm of ill-defined sites within the digestive system
D1391,Familial adenomatous polyposis
D1399,Benign neoplasm of ill-defined sites within the digestive system
D140,Benign neoplasm of middle ear nasal cavity and accessory sinuses
D141,Benign neoplasm of larynx
D142,Benign neoplasm of trachea
D1430,Benign neoplasm of unspecified bronchus and lung
D1431,Benign neoplasm of right bronchus and lung
D1432,Benign neoplasm of left bronchus and lung
D144,Benign neoplasm of respiratory system unspecified
D150,Benign neoplasm of thymus
D151,Benign neoplasm of heart
D152,Benign neoplasm of mediastinum
D157,Benign neoplasm of other specified intrathoracic organs
D159,Benign neoplasm of intrathoracic organ unspecified
D1600,Benign neoplasm of scapula and long bones of unspecified upper limb
D1601,Benign neoplasm of scapula and long bones of right upper limb
D1602,Benign neoplasm of scapula and long bones of left upper limb
D1610,Benign neoplasm of short bones of unspecified upper limb
D1611,Benign neoplasm of short bones of right upper limb
D1612,Benign neoplasm of short bones of left upper limb
D1620,Benign neoplasm of long bones of unspecified lower limb
D1621,Benign neoplasm of long bones of right lower limb
D1622,Benign neoplasm of long bones of left lower limb
D1630,Benign neoplasm of short bones of unspecified lower limb
D1631,Benign neoplasm of short bones of right lower limb
D1632,Benign neoplasm of short bones of left lower limb
D164,Benign neoplasm of bones of skull and face
D165,Benign neoplasm of lower jaw bone
D166,Benign neoplasm of vertebral column
D167,Benign neoplasm of ribs sternum and clavicle
D168,Benign neoplasm of pelvic bones sacrum and coccyx
D169,Benign neoplasm of bone and articular cartilage unspecified
D170,Benign lipomatous neoplasm of skin and subcutaneous tissue of head face and neck
D171,Benign lipomatous neoplasm of skin and subcutaneous tissue of trunk
D1720,Benign lipomatous neoplasm of skin and subcutaneous tissue of unspecified limb
D1721,Benign lipomatous neoplasm of skin and subcutaneous tissue of right arm
D1722,Benign lipomatous neoplasm of skin and subcutaneous tissue of left arm
D1723,Benign lipomatous neoplasm of skin and subcutaneous tissue of right leg
D1724,Benign lipomatous neoplasm of skin and subcutaneous tissue of left leg
D1730,Benign lipomatous neoplasm of skin and subcutaneous tissue of unspecified sites
D1739,Benign lipomatous neoplasm of skin and subcutaneous tissue of other sites
D174,Benign lipomatous neoplasm of intrathoracic organs
D175,Benign lipomatous neoplasm of intra-abdominal organs
D176,Benign lipomatous neoplasm of spermatic cord
D1771,Benign lipomatous neoplasm of kidney
D1772,Benign lipomatous neoplasm of other genitourinary organ
D1779,Benign lipomatous neoplasm of other sites
D179,Benign lipomatous neoplasm unspecified
D1800,Hemangioma unspecified site
D1801,Hemangioma of skin and subcutaneous tissue
D1802,Hemangioma of intracranial structures
D1803,Hemangioma of intra-abdominal structures
D1809,Hemangioma of other sites
D181,Lymphangioma any site
D190,Benign neoplasm of mesothelial tissue of pleura
D191,Benign neoplasm of mesothelial tissue of peritoneum
D197,Benign neoplasm of mesothelial tissue of other sites
D199,Benign neoplasm of mesothelial tissue unspecified
D200,Benign neoplasm of soft tissue of retroperitoneum
D201,Benign neoplasm of soft tissue of peritoneum
D210,Benign neoplasm of connective and other soft tissue of head face and neck
D2110,Benign neoplasm of connective and other soft tissue of unspecified upper limb including shoulder
D2111,Benign neoplasm of connective and other soft tissue of right upper limb including shoulder
D2112,Benign neoplasm of connective and other soft tissue of left upper limb including shoulder
D2120,Benign neoplasm of connective and other soft tissue of unspecified lower limb including hip
D2121,Benign neoplasm of connective and other soft tissue of right lower limb including hip
D2122,Benign neoplasm of connective and other soft tissue of left lower limb including hip
D213,Benign neoplasm of connective and other soft tissue of thorax
D214,Benign neoplasm of connective and other soft tissue of abdomen
D215,Benign neoplasm of connective and other soft tissue of pelvis
D216,Benign neoplasm of connective and other soft tissue of trunk unspecified
D219,Benign neoplasm of connective and other soft tissue unspecified
D220,Melanocytic nevi of lip
D2210,Melanocytic nevi of unspecified eyelid including canthus
D2211,Melanocytic nevi of right eyelid including canthus
D22111,Melanocytic nevi of right upper eyelid including canthus
D22112,Melanocytic nevi of right lower eyelid including canthus
D2212,Melanocytic nevi of left eyelid including canthus
D22121,Melanocytic nevi of left upper eyelid including canthus
D22122,Melanocytic nevi of left lower eyelid including canthus
D2220,Melanocytic nevi of unspecified ear and external auricular canal
D2221,Melanocytic nevi of right ear and external auricular canal
D2222,Melanocytic nevi of left ear and external auricular canal
D2230,Melanocytic nevi of unspecified part of face
D2239,Melanocytic nevi of other parts of face
D224,Melanocytic nevi of scalp and neck
D225,Melanocytic nevi of trunk
D2260,Melanocytic nevi of unspecified upper limb including shoulder
D2261,Melanocytic nevi of right upper limb including shoulder
D2262,Melanocytic nevi of left upper limb including shoulder
D2270,Melanocytic nevi of unspecified lower limb including hip
D2271,Melanocytic nevi of right lower limb including hip
D2272,Melanocytic nevi of left lower limb including hip
D229,Melanocytic nevi unspecified
D230,Other benign neoplasm of skin of lip
D2310,Other benign neoplasm of skin of unspecified eyelid including canthus
D2311,Other benign neoplasm of skin of right eyelid including canthus
D23111,Other benign neoplasm of skin of right upper eyelid including canthus
D23112,Other benign neoplasm of skin of right lower eyelid including canthus
D2312,Other benign neoplasm of skin of left eyelid including canthus
D23121,Other benign neoplasm of skin of left upper eyelid including canthus
D23122,Other benign neoplasm of skin of left lower eyelid including canthus
D2320,Other benign neoplasm of skin of unspecified ear and external auricular canal
D2321,Other benign neoplasm of skin of right ear and external auricular canal
D2322,Other benign neoplasm of skin of left ear and external auricular canal
D2330,Other benign neoplasm of skin of unspecified part of face
D2339,Other benign neoplasm of skin of other parts of face
D234,Other benign neoplasm of skin of scalp and neck
D235,Other benign neoplasm of skin of trunk
D2360,Other benign neoplasm of skin of unspecified upper limb including shoulder
D2361,Other benign neoplasm of skin of right upper limb including shoulder
D2362,Other benign neoplasm of skin of left upper limb including shoulder
D2370,Other benign neoplasm of skin of unspecified lower limb including hip
D2371,Other benign neoplasm of skin of right lower limb including hip
D2372,Other benign neoplasm of skin of left lower limb including hip
D239,Other benign neoplasm of skin unspecified
D241,Benign neoplasm of right breast
D242,Benign neoplasm of left breast
D249,Benign neoplasm of unspecified breast
D250,Submucous leiomyoma of uterus
D251,Intramural leiomyoma of uterus
D252,Subserosal leiomyoma of uterus
D259,Leiomyoma of uterus unspecified
D260,Other benign neoplasm of cervix uteri
D261,Other benign neoplasm of corpus uteri
D267,Other benign neoplasm of other parts of uterus
D269,Other benign neoplasm of uterus unspecified
D270,Benign neoplasm of right ovary
D271,Benign neoplasm of left ovary
D279,Benign neoplasm of unspecified ovary
D280,Benign neoplasm of vulva
D281,Benign neoplasm of vagina
D282,Benign neoplasm of uterine tubes and ligaments
D287,Benign neoplasm of other specified female genital organs
D289,Benign neoplasm of female genital organ unspecified
D290,Benign neoplasm of penis
D291,Benign neoplasm of prostate
D2920,Benign neoplasm of unspecified testis
D2921,Benign neoplasm of right testis
D2922,Benign neoplasm of left testis
D2930,Benign neoplasm of unspecified epididymis
D2931,Benign neoplasm of right epididymis
D2932,Benign neoplasm of left epididymis
D294,Benign neoplasm of scrotum
D298,Benign neoplasm of other specified male genital organs
D299,Benign neoplasm of male genital organ unspecified
D3000,Benign neoplasm of unspecified kidney
D3001,Benign neoplasm of right kidney
D3002,Benign neoplasm of left kidney
D3010,Benign neoplasm of unspecified renal pelvis
D3011,Benign neoplasm of right renal pelvis
D3012,Benign neoplasm of left renal pelvis
D3020,Benign neoplasm of unspecified ureter
D3021,Benign neoplasm of right ureter
D3022,Benign neoplasm of left ureter
D303,Benign neoplasm of bladder
D304,Benign neoplasm of urethra
D308,Benign neoplasm of other specified urinary organs
D309,Benign neoplasm of urinary organ unspecified
D3100,Benign neoplasm of unspecified conjunctiva
D3101,Benign neoplasm of right conjunctiva
D3102,Benign neoplasm of left conjunctiva
D3110,Benign neoplasm of unspecified cornea
D3111,Benign neoplasm of right cornea
D3112,Benign neoplasm of left cornea
D3120,Benign neoplasm of unspecified retina
D3121,Benign neoplasm of right retina
D3122,Benign neoplasm of left retina
D3130,Benign neoplasm of unspecified choroid
D3131,Benign neoplasm of right choroid
D3132,Benign neoplasm of left choroid
D3140,Benign neoplasm of unspecified ciliary body
D3141,Benign neoplasm of right ciliary body
D3142,Benign neoplasm of left ciliary body
D3150,Benign neoplasm of unspecified lacrimal gland and duct
D3151,Benign neoplasm of right lacrimal gland and duct
D3152,Benign neoplasm of left lacrimal gland and duct
D3160,Benign neoplasm of unspecified site of unspecified orbit
D3161,Benign neoplasm of unspecified site of right orbit
D3162,Benign neoplasm of unspecified site of left orbit
D3190,Benign neoplasm of unspecified part of unspecified eye
D3191,Benign neoplasm of unspecified part of right eye
D3192,Benign neoplasm of unspecified part of left eye
D320,Benign neoplasm of cerebral meninges
D321,Benign neoplasm of spinal meninges
D329,Benign neoplasm of meninges unspecified
D330,Benign neoplasm of brain supratentorial
D331,Benign neoplasm of brain infratentorial
D332,Benign neoplasm of brain unspecified
D333,Benign neoplasm of cranial nerves
D334,Benign neoplasm of spinal cord
D337,Benign neoplasm of other specified parts of central nervous system
D339,Benign neoplasm of central nervous system unspecified
D34,Benign neoplasm of thyroid gland
D3500,Benign neoplasm of unspecified adrenal gland
D3501,Benign neoplasm of right adrenal gland
D3502,Benign neoplasm of left adrenal gland
D351,Benign neoplasm of parathyroid gland
D352,Benign neoplasm of pituitary gland
D353,Benign neoplasm of craniopharyngeal duct
D354,Benign neoplasm of pineal gland
D355,Benign neoplasm of carotid body
D356,Benign neoplasm of aortic body and other paraganglia
D357,Benign neoplasm of other specified endocrine glands
D359,Benign neoplasm of endocrine gland unspecified
D360,Benign neoplasm of lymph nodes
D3610,Benign neoplasm of peripheral nerves and autonomic nervous system unspecified
D3611,Benign neoplasm of peripheral nerves and autonomic nervous system of face head and neck
D3612,Benign neoplasm of peripheral nerves and autonomic nervous system upper limb including shoulder
D3613,Benign neoplasm of peripheral nerves and autonomic nervous system of lower limb including hip
D3614,Benign neoplasm of peripheral nerves and autonomic nervous system of thorax
D3615,Benign neoplasm of peripheral nerves and autonomic nervous system of abdomen
D3616,Benign neoplasm of peripheral nerves and autonomic nervous system of pelvis
D3617,Benign neoplasm of peripheral nerves and autonomic nervous system of trunk unspecified
D367,Benign neoplasm of other specified sites
D369,Benign neoplasm unspecified site
D3701,Neoplasm of uncertain behavior of lip
D3702,Neoplasm of uncertain behavior of tongue
D37030,Neoplasm of uncertain behavior of the parotid salivary glands
D37031,Neoplasm of uncertain behavior of the sublingual salivary glands
D37032,Neoplasm of uncertain behavior of the submandibular salivary glands
D37039,Neoplasm of uncertain behavior of the major salivary glands unspecified
D3704,Neoplasm of uncertain behavior of the minor salivary glands
D3705,Neoplasm of uncertain behavior of pharynx
D3709,Neoplasm of uncertain behavior of other specified sites of the oral cavity
D371,Neoplasm of uncertain behavior of stomach
D372,Neoplasm of uncertain behavior of small intestine
D373,Neoplasm of uncertain behavior of appendix
D374,Neoplasm of uncertain behavior of colon
D375,Neoplasm of uncertain behavior of rectum
D376,Neoplasm of uncertain behavior of liver gallbladder and bile ducts
D378,Neoplasm of uncertain behavior of other specified digestive organs
D379,Neoplasm of uncertain behavior of digestive organ unspecified
D380,Neoplasm of uncertain behavior of larynx
D381,Neoplasm of uncertain behavior of trachea bronchus and lung
D382,Neoplasm of uncertain behavior of pleura
D383,Neoplasm of uncertain behavior of mediastinum
D384,Neoplasm of uncertain behavior of thymus
D385,Neoplasm of uncertain behavior of other respiratory organs
D386,Neoplasm of uncertain behavior of respiratory organ unspecified
D390,Neoplasm of uncertain behavior of uterus
D3910,Neoplasm of uncertain behavior of unspecified ovary
D3911,Neoplasm of uncertain behavior of right ovary
D3912,Neoplasm of uncertain behavior of left ovary
D392,Neoplasm of uncertain behavior of placenta
D398,Neoplasm of uncertain behavior of other specified female genital organs
D399,Neoplasm of uncertain behavior of female genital organ unspecified
D3A00,Benign carcinoid tumor of unspecified site
D3A010,Benign carcinoid tumor of the duodenum
D3A011,Benign carcinoid tumor of the jejunum
D3A012,Benign carcinoid tumor of the ileum
D3A019,Benign carcinoid tumor of the small intestine unspecified portion
D3A020,Benign carcinoid tumor of the appendix
D3A021,Benign carcinoid tumor of the cecum
D3A022,Benign carcinoid tumor of the ascending colon
D3A023,Benign carcinoid tumor of the transverse colon
D3A024,Benign carcinoid tumor of the descending colon
D3A025,Benign carcinoid tumor of the sigmoid colon
D3A026,Benign carcinoid tumor of the rectum
D3A029,Benign carcinoid tumor of the large intestine unspecified portion
D3A090,Benign carcinoid tumor of the bronchus and lung
D3A091,Benign carcinoid tumor of the thymus
D3A092,Benign carcinoid tumor of the stomach
D3A093,Benign carcinoid tumor of the kidney
D3A094,Benign carcinoid tumor of the foregut unspecified
D3A095,Benign carcinoid tumor of the midgut unspecified
D3A096,Benign carcinoid tumor of the hindgut unspecified
D3A098,Benign carcinoid tumors of other sites
D3A8,Other benign neuroendocrine tumors
D400,Neoplasm of uncertain behavior of prostate
D4010,Neoplasm of uncertain behavior of unspecified testis
D4011,Neoplasm of uncertain behavior of right testis
D4012,Neoplasm of uncertain behavior of left testis
D408,Neoplasm of uncertain behavior of other specified male genital organs
D409,Neoplasm of uncertain behavior of male genital organ unspecified
D4100,Neoplasm of uncertain behavior of unspecified kidney
D4101,Neoplasm of uncertain behavior of right kidney
D4102,Neoplasm of uncertain behavior of left kidney
D4110,Neoplasm of uncertain behavior of unspecified renal pelvis
D4111,Neoplasm of uncertain behavior of right renal pelvis
D4112,Neoplasm of uncertain behavior of left renal pelvis
D4120,Neoplasm of uncertain behavior of unspecified ureter
D4121,Neoplasm of uncertain behavior of right ureter
D4122,Neoplasm of uncertain behavior of left ureter
D413,Neoplasm of uncertain behavior of urethra
D414,Neoplasm of uncertain behavior of bladder
D418,Neoplasm of uncertain behavior of other specified urinary organs
D419,Neoplasm of uncertain behavior of unspecified urinary organ
D420,Neoplasm of uncertain behavior of cerebral meninges
D421,Neoplasm of uncertain behavior of spinal meninges
D429,Neoplasm of uncertain behavior of meninges unspecified
D430,Neoplasm of uncertain behavior of brain supratentorial
D431,Neoplasm of uncertain behavior of brain infratentorial
D432,Neoplasm of uncertain behavior of brain unspecified
D433,Neoplasm of uncertain behavior of cranial nerves
D434,Neoplasm of uncertain behavior of spinal cord
D438,Neoplasm of uncertain behavior of other specified parts of central nervous system
D439,Neoplasm of uncertain behavior of central nervous system unspecified
D440,Neoplasm of uncertain behavior of thyroid gland
D4410,Neoplasm of uncertain behavior of unspecified adrenal gland
D4411,Neoplasm of uncertain behavior of right adrenal gland
D4412,Neoplasm of uncertain behavior of left adrenal gland
D442,Neoplasm of uncertain behavior of parathyroid gland
D443,Neoplasm of uncertain behavior of pituitary gland
D444,Neoplasm of uncertain behavior of craniopharyngeal duct
D445,Neoplasm of uncertain behavior of pineal gland
D446,Neoplasm of uncertain behavior of carotid body
D447,Neoplasm of uncertain behavior of aortic body and other paraganglia
D449,Neoplasm of uncertain behavior of unspecified endocrine gland
D45,Polycythemia vera
D460,Refractory anemia without ring sideroblasts so stated
D461,Refractory anemia with ring sideroblasts
D4620,Refractory anemia with excess of blasts unspecified
D4621,Refractory anemia with excess of blasts 1
D4622,Refractory anemia with excess of blasts 2
D464,Refractory anemia unspecified
D469,Myelodysplastic syndrome unspecified
D46A,Refractory cytopenia with multilineage dysplasia
D46B,Refractory cytopenia with multilineage dysplasia and ring sideroblasts
D46C,Myelodysplastic syndrome with isolated del(5q) chromosomal abnormality
D46Z,Other myelodysplastic syndromes
D470,Histiocytic and mast cell tumors of uncertain behavior
D4701,Cutaneous mastocytosis
D4702,Systemic mastocytosis
D4709,Other mast cell neoplasms of uncertain behavior
D471,Chronic myeloproliferative disease
D472,Monoclonal gammopathy
D473,Essential (hemorrhagic) thrombocythemia
D474,Osteomyelofibrosis
D479,Neoplasm of uncertain behavior of lymphoid hematopoietic and related tissue unspecified
D47Z1,Post-transplant lymphoproliferative disorder (PTLD)
D47Z2,Castleman disease
D47Z9,Other specified neoplasms of uncertain behavior of lymphoid hematopoietic and related tissue
D480,Neoplasm of uncertain behavior of bone and articular cartilage
D481,Neoplasm of uncertain behavior of connective and other soft tissue
D48110,Desmoid tumor of head and neck
D48111,Desmoid tumor of chest wall
D48112,Desmoid tumor intrathoracic
D48113,Desmoid tumor of abdominal wall
D48114,Desmoid tumor intraabdominal
D48115,Desmoid tumor of upper extremity and shoulder girdle
D48116,Desmoid tumor of lower extremity and pelvic girdle
D48117,Desmoid tumor of back
D48118,Desmoid tumor of other site
D48119,Desmoid tumor of unspecified site
D4819,Other specified neoplasm of uncertain behavior of connective and other soft tissue
D482,Neoplasm of uncertain behavior of peripheral nerves and autonomic nervous system
D483,Neoplasm of uncertain behavior of retroperitoneum
D484,Neoplasm of uncertain behavior of peritoneum
D485,Neoplasm of uncertain behavior of skin
D4860,Neoplasm of uncertain behavior of unspecified breast
D4861,Neoplasm of uncertain behavior of right breast
D4862,Neoplasm of uncertain behavior of left breast
D487,Neoplasm of uncertain behavior of other specified sites
D489,Neoplasm of uncertain behavior unspecified
D490,Neoplasm of unspecified behavior of digestive system
D491,Neoplasm of unspecified behavior of respiratory system
D492,Neoplasm of unspecified behavior of bone soft tissue and skin
D493,Neoplasm of unspecified behavior of breast
D494,Neoplasm of unspecified behavior of bladder
D495,Neoplasm of unspecified behavior of other genitourinary organs
D49511,Neoplasm of unspecified behavior of right kidney
D49512,Neoplasm of unspecified behavior of left kidney
D49519,Neoplasm of unspecified behavior of unspecified kidney
D4959,Neoplasm of unspecified behavior of other genitourinary organ
D496,Neoplasm of unspecified behavior of brain
D497,Neoplasm of unspecified behavior of endocrine glands and other parts of nervous system
D4981,Neoplasm of unspecified behavior of retina and choroid
D4989,Neoplasm of unspecified behavior of other specified sites
D499,Neoplasm of unspecified behavior of unspecified site
D500,Iron deficiency anemia secondary to blood loss (chronic)
D501,Sideropenic dysphagia
D508,Other iron deficiency anemias
D509,Iron deficiency anemia unspecified
D510,Vitamin B12 deficiency anemia due to intrinsic factor deficiency
D511,Vitamin B12 deficiency anemia due to selective vitamin B12 malabsorption with proteinuria
D512,Transcobalamin II deficiency
D513,Other dietary vitamin B12 deficiency anemia
D518,Other vitamin B12 deficiency anemias
D519,Vitamin B12 deficiency anemia unspecified
D520,Dietary folate deficiency anemia
D521,Drug-induced folate deficiency anemia
D528,Other folate deficiency anemias
D529,Folate deficiency anemia unspecified
D530,Protein deficiency anemia
D531,Other megaloblastic anemias not elsewhere classified
D532,Scorbutic anemia
D538,Other specified nutritional anemias
D539,Nutritional anemia unspecified
D550,Anemia due to glucose-6-phosphate dehydrogenase [G6PD] deficiency
D551,Anemia due to other disorders of glutathione metabolism
D552,Anemia due to disorders of glycolytic enzymes
D5521,Anemia due to pyruvate kinase deficiency
D5529,Anemia due to other disorders of glycolytic enzymes
D553,Anemia due to disorders of nucleotide metabolism
D558,Other anemias due to enzyme disorders
D559,Anemia due to enzyme disorder unspecified
D560,Alpha thalassemia
D561,Beta thalassemia
D562,Delta-beta thalassemia
D563,Thalassemia minor
D564,Hereditary persistence of fetal hemoglobin [HPFH]
D565,Hemoglobin E-beta thalassemia
D568,Other thalassemias
D569,Thalassemia unspecified
D5700,Hb-SS disease with crisis unspecified
D5701,Hb-SS disease with acute chest syndrome
D5702,Hb-SS disease with splenic sequestration
D5703,Hb-SS disease with cerebral vascular involvement
D5704,Hb-SS disease with dactylitis
D5709,Hb-SS disease with crisis with other specified complication
D571,Sickle-cell disease without crisis
D5720,Sickle-cell/Hb-C disease without crisis
D57211,Sickle-cell/Hb-C disease with acute chest syndrome
D57212,Sickle-cell/Hb-C disease with splenic sequestration
D57213,Sickle-cell/Hb-C disease with cerebral vascular involvement
D57214,Sickle-cell/Hb-C disease with dactylitis
D57218,Sickle-cell/Hb-C disease with crisis with other specified complication
D57219,Sickle-cell/Hb-C disease with crisis unspecified
D573,Sickle-cell trait
D5740,Sickle-cell thalassemia without crisis
D5741,Sickle-cell thalassemia unspecified with crisis
D57411,Sickle-cell thalassemia unspecified with acute chest syndrome
D57412,Sickle-cell thalassemia unspecified with splenic sequestration
D57413,Sickle-cell thalassemia unspecified with cerebral vascular involvement
D57414,Sickle-cell thalassemia unspecified with dactylitis
D57418,Sickle-cell thalassemia unspecified with crisis with other specified complication
D57419,Sickle-cell thalassemia unspecified with crisis
D5742,Sickle-cell thalassemia beta zero without crisis
D57431,Sickle-cell thalassemia beta zero with acute chest syndrome
D57432,Sickle-cell thalassemia beta zero with splenic sequestration
D57433,Sickle-cell thalassemia beta zero with cerebral vascular involvement
D57434,Sickle-cell thalassemia beta zero with dactylitis
D57438,Sickle-cell thalassemia beta zero with crisis with other specified complication
D57439,Sickle-cell thalassemia beta zero with crisis unspecified
D5744,Sickle-cell thalassemia beta plus without crisis
D57451,Sickle-cell thalassemia beta plus with acute chest syndrome
D57452,Sickle-cell thalassemia beta plus with splenic sequestration
D57453,Sickle-cell thalassemia beta plus with cerebral vascular involvement
D57454,Sickle-cell thalassemia beta plus with dactylitis
D57458,Sickle-cell thalassemia beta plus with crisis with other specified complication
D57459,Sickle-cell thalassemia beta plus with crisis unspecified
D5780,Other sickle-cell disorders without crisis
D57811,Other sickle-cell disorders with acute chest syndrome
D57812,Other sickle-cell disorders with splenic sequestration
D57813,Other sickle-cell disorders with cerebral vascular involvement
D57814,Other sickle-cell disorders with dactylitis
D57818,Other sickle-cell disorders with crisis with other specified complication
D57819,Other sickle-cell disorders with crisis unspecified
D580,Hereditary spherocytosis
D581,Hereditary elliptocytosis
D582,Other hemoglobinopathies
D588,Other specified hereditary hemolytic anemias
D589,Hereditary hemolytic anemia unspecified
D590,Drug-induced autoimmune hemolytic anemia
D591,Other autoimmune hemolytic anemias
D5910,Autoimmune hemolytic anemia unspecified
D5911,Warm autoimmune hemolytic anemia
D5912,Cold autoimmune hemolytic anemia
D5913,Mixed type autoimmune hemolytic anemia 
D5919,Other autoimmune hemolytic anemia 
D592,Drug-induced nonautoimmune hemolytic anemia
D593,Hemolytic-uremic syndrome
D5930,Hemolytic-uremic syndrome unspecified
D5931,Infection-associated hemolytic-uremic syndrome
D5932,Hereditary hemolytic-uremic syndrome
D5939,Other hemolytic-uremic syndrome
D594,Other nonautoimmune hemolytic anemias
D595,Paroxysmal nocturnal hemoglobinuria [Marchiafava-Micheli]
D596,Hemoglobinuria due to hemolysis from other external causes
D598,Other acquired hemolytic anemias
D599,Acquired hemolytic anemia unspecified
D600,Chronic acquired pure red cell aplasia
D601,Transient acquired pure red cell aplasia
D608,Other acquired pure red cell aplasias
D609,Acquired pure red cell aplasia unspecified
D6101,Constitutional (pure) red blood cell aplasia
D6102,Shwachman-Diamond syndrome
D6109,Other constitutional aplastic anemia
D611,Drug-induced aplastic anemia
D612,Aplastic anemia due to other external agents
D613,Idiopathic aplastic anemia
D61810,Antineoplastic chemotherapy induced pancytopenia
D61811,Other drug-induced pancytopenia
D61818,Other pancytopenia
D6182,Myelophthisis
D6189,Other specified aplastic anemias and other bone marrow failure syndromes
D619,Aplastic anemia unspecified
D62,Acute posthemorrhagic anemia                                                                                                                                                                                                                                    
D630,Anemia in neoplastic disease                                                                                                                                                                                                                                    
D631,Anemia in chronic kidney disease
D638,Anemia in other chronic diseases classified elsewhere                                                                                                                                                                                                           
D640,Hereditary sideroblastic anemia                                                                                                                                                                                                                                 
D641,Secondary sideroblastic anemia due to disease                                                                                                                                                                                                                   
D642,Secondary sideroblastic anemia due to drugs and toxins                                                                                                                                                                                                          
D643,Other sideroblastic anemias                                                                                                                                                                                                                                     
D644,Congenital dyserythropoietic anemia                                                                                                                                                                                                                             
D6481,Anemia due to antineoplastic chemotherapy                                                                                                                                                                                                                       
D6489,Other specified anemias                                                                                                                                                                                                                                         
D649,Anemia unspecified                                                                                                                                                                                                                                             
D65,Disseminated intravascular coagulation [defibrination syndrome]
D66,Hereditary factor VIII deficiency
D67,Hereditary factor IX deficiency
D680,Von Willebrand's disease
D6800,Von Willebrand disease unspecified
D6801,Von Willebrand disease type 1
D68020,Von Willebrand disease type 2A
D68021,Von Willebrand disease type 2B
D68022,Von Willebrand disease type 2M
D68023,Von Willebrand disease type 2N
D68029,Von Willebrand disease type 2 unspecified
D6803,Von Willebrand disease type 3
D6804,Acquired von Willebrand disease
D6809,Other von Willebrand disease
D681,Hereditary factor XI deficiency
D682,Hereditary deficiency of other clotting factors
D68311,Acquired hemophilia
D68312,Antiphospholipid antibody with hemorrhagic disorder
D68318,Other hemorrhagic disorder due to intrinsic circulating anticoagulants antibodies or inhibitors
D6832,Hemorrhagic disorder due to extrinsic circulating anticoagulants
D684,Acquired coagulation factor deficiency
D6851,Activated protein C resistance
D6852,Prothrombin gene mutation
D6859,Other primary thrombophilia
D6861,Antiphospholipid syndrome
D6862,Lupus anticoagulant syndrome
D6869,Other thrombophilia
D688,Other specified coagulation defects
D689,Coagulation defect unspecified
D690,Allergic purpura
D691,Qualitative platelet defects
D692,Other nonthrombocytopenic purpura
D693,Immune thrombocytopenic purpura
D6941,Evans syndrome
D6942,Congenital and hereditary thrombocytopenia purpura
D6949,Other primary thrombocytopenia
D6951,Posttransfusion purpura
D6959,Other secondary thrombocytopenia
D696,Thrombocytopenia unspecified
D698,Other specified hemorrhagic conditions
D699,Hemorrhagic condition unspecified
D700,Congenital agranulocytosis
D701,Agranulocytosis secondary to cancer chemotherapy
D702,Other drug-induced agranulocytosis
D703,Neutropenia due to infection
D704,Cyclic neutropenia
D708,Other neutropenia
D709,Neutropenia unspecified
D71,Functional disorders of polymorphonuclear neutrophils
D720,Genetic anomalies of leukocytes
D721,Eosinophilia
D7210,Eosinophilia unspecified
D72110,Idiopathic hypereosinophilic syndrome [IHES]
D72111,Lymphocytic Variant Hypereosinophilic Syndrome [LHES]
D72118,Other hypereosinophilic syndrome
D72119,Hypereosinophilic syndrome [HES] unspecified
D7212,Drug rash with eosinophilia and systemic symptoms syndrome
D7218,Eosinophilia in diseases classified elsewhere
D7219,Other eosinophilia
D72810,Lymphocytopenia
D72818,Other decreased white blood cell count
D72819,Decreased white blood cell count unspecified
D72820,Lymphocytosis (symptomatic)
D72821,Monocytosis (symptomatic)
D72822,Plasmacytosis
D72823,Leukemoid reaction
D72824,Basophilia
D72825,Bandemia
D72828,Other elevated white blood cell count
D72829,Elevated white blood cell count unspecified
D7289,Other specified disorders of white blood cells
D729,Disorder of white blood cells unspecified
D730,Hyposplenism
D731,Hypersplenism
D732,Chronic congestive splenomegaly
D733,Abscess of spleen
D734,Cyst of spleen
D735,Infarction of spleen
D7381,Neutropenic splenomegaly
D7389,Other diseases of spleen
D739,Disease of spleen unspecified
D740,Congenital methemoglobinemia
D748,Other methemoglobinemias
D749,Methemoglobinemia unspecified
D750,Familial erythrocytosis
D751,Secondary polycythemia
D7581,Myelofibrosis
D7582,Heparin induced thrombocytopenia (HIT)
D75821,Non-immune heparin-induced thrombocytopenia
D75822,Immune-mediated heparin-induced thrombocytopenia
D75828,Other heparin-induced thrombocytopenia syndrome
D75829,Heparin-induced thrombocytopenia unspecified
D75838,Other thrombocytosis
D75839,Thrombocytosis unspecified
D7584,Other platelet-activating anti-PF4 disorders
D7589,Other specified diseases of blood and blood-forming organs
D759,Disease of blood and blood-forming organs unspecified
D75A,Glucose-6-phosphate dehydrgnse (G6PD) defic without anemia
D761,Hemophagocytic lymphohistiocytosis
D762,Hemophagocytic syndrome infection-associated
D763,Other histiocytosis syndromes
D77,Other disorders of blood and blood-forming organs in diseases classified elsewhere
D7801,Intraoperative hemorrhage and hematoma of the spleen complicating a procedure on the spleen
D7802,Intraoperative hemorrhage and hematoma of the spleen complicating other procedure
D7811,Accidental puncture and laceration of the spleen during a procedure on the spleen
D7812,Accidental puncture and laceration of the spleen during other procedure
D7821,Postprocedural hemorrhage of the spleen following a procedure on the spleen
D7822,Postprocedural hemorrhage of the spleen following other procedure
D7831,Postprocedural hematoma of the spleen following a procedure on the spleen
D7832,Postprocedural hematoma of the spleen following other procedure
D7833,Postprocedural seroma of the spleen following a procedure on the spleen
D7834,Postprocedural seroma of the spleen following other procedure
D7881,Other intraoperative complications of the spleen
D7889,Other postprocedural complications of the spleen
D800,Hereditary hypogammaglobulinemia
D801,Nonfamilial hypogammaglobulinemia
D802,Selective deficiency of immunoglobulin A [IgA]
D803,Selective deficiency of immunoglobulin G [IgG] subclasses
D804,Selective deficiency of immunoglobulin M [IgM]
D805,Immunodeficiency with increased immunoglobulin M [IgM]
D806,Antibody deficiency with near-normal immunoglobulins or with hyperimmunoglobulinemia
D807,Transient hypogammaglobulinemia of infancy
D808,Other immunodeficiencies with predominantly antibody defects
D809,Immunodeficiency with predominantly antibody defects unspecified
D810,Severe combined immunodeficiency [SCID] with reticular dysgenesis
D811,Severe combined immunodeficiency [SCID] with low T- and B-cell numbers
D812,Severe combined immunodeficiency [SCID] with low or normal B-cell numbers
D813,Adenosine deaminase [ADA] deficiency
D814,Nezelof's syndrome
D815,Purine nucleoside phosphorylase [PNP] deficiency
D816,Major histocompatibility complex class I deficiency
D817,Major histocompatibility complex class II deficiency
D81810,Biotinidase deficiency
D81818,Other biotin-dependent carboxylase deficiency
D81819,Biotin-dependent carboxylase deficiency unspecified
D8182,Activated Phosphoinositide 3-kinase Delta Syndrome [APDS]
D8189,Other combined immunodeficiencies
D819,Combined immunodeficiency unspecified
D820,Wiskott-Aldrich syndrome
D821,Di George's syndrome
D822,Immunodeficiency with short-limbed stature
D823,Immunodeficiency following hereditary defective response to Epstein-Barr virus
D824,Hyperimmunoglobulin E [IgE] syndrome
D828,Immunodeficiency associated with other specified major defects
D829,Immunodeficiency associated with major defect unspecified
D830,Common variable immunodeficiency with predominant abnormalities of B-cell numbers and function
D831,Common variable immunodeficiency with predominant immunoregulatory T-cell disorders
D832,Common variable immunodeficiency with autoantibodies to B- or T-cells
D838,Other common variable immunodeficiencies
D839,Common variable immunodeficiency unspecified
D840,Lymphocyte function antigen-1 [LFA-1] defect
D841,Defects in the complement system
D848,Other specified immunodeficiencies
D8481,Immunodeficiency due to conditions classified elsewhere
D84821,Immunodeficiency due to drugs
D84822,Immunodeficiency due to external causes
D8489,Other immunodeficiencies
D849,Immunodeficiency unspecified
D860,Sarcoidosis of lung
D861,Sarcoidosis of lymph nodes
D862,Sarcoidosis of lung with sarcoidosis of lymph nodes
D863,Sarcoidosis of skin
D8681,Sarcoid meningitis
D8682,Multiple cranial nerve palsies in sarcoidosis
D8683,Sarcoid iridocyclitis
D8684,Sarcoid pyelonephritis
D8685,Sarcoid myocarditis
D8686,Sarcoid arthropathy
D8687,Sarcoid myositis
D8689,Sarcoidosis of other sites
D869,Sarcoidosis unspecified
D890,Polyclonal hypergammaglobulinemia
D891,Cryoglobulinemia
D892,Hypergammaglobulinemia unspecified
D893,Immune reconstitution syndrome
D8940,Mast cell activation unspecified
D8941,Monoclonal mast cell activation syndrome
D8942,Idiopathic mast cell activation syndrome
D8943,Secondary mast cell activation
D8944,Hereditary alpha tryptasemia 
D8949,Other mast cell activation disorder
D89810,Acute graft-versus-host disease
D89811,Chronic graft-versus-host disease
D89812,Acute on chronic graft-versus-host disease
D89813,Graft-versus-host disease unspecified
D8982,Autoimmune lymphoproliferative syndrome [ALPS]
D89831,Cytokine release syndrome grade 1
D89832,Cytokine release syndrome grade 2
D89833,Cytokine release syndrome grade 3
D89834,Cytokine release syndrome grade 4
D89835,Cytokine release syndrome grade 5
D89839,Cytokine release syndrome grade unspecified
D8984,IgG4-related disease
D8989,Other specified disorders involving the immune mechanism not elsewhere classified
D899,Disorder involving the immune mechanism unspecified
E000,Congenital iodine-deficiency syndrome neurological type
E001,Congenital iodine-deficiency syndrome myxedematous type
E002,Congenital iodine-deficiency syndrome mixed type
E009,Congenital iodine-deficiency syndrome unspecified
E010,Iodine-deficiency related diffuse (endemic) goiter
E011,Iodine-deficiency related multinodular (endemic) goiter
E012,Iodine-deficiency related (endemic) goiter unspecified
E018,Other iodine-deficiency related thyroid disorders and allied conditions                                                                                                                                                                                         
E02,Subclinical iodine-deficiency hypothyroidism                                                                                                                                                                                                                    
E030,Congenital hypothyroidism with diffuse goiter
E031,Congenital hypothyroidism without goiter
E032,Hypothyroidism due to medicaments and other exogenous substances                                                                                                                                                                                                
E033,Postinfectious hypothyroidism                                                                                                                                                                                                                                   
E034,Atrophy of thyroid (acquired)
E035,Myxedema coma
E038,Other specified hypothyroidism                                                                                                                                                                                                                                  
E039,Hypothyroidism unspecified                                                                                                                                                                                                                                     
E040,Nontoxic diffuse goiter
E041,Nontoxic single thyroid nodule
E042,Nontoxic multinodular goiter
E048,Other specified nontoxic goiter
E049,Nontoxic goiter unspecified
E0500,Thyrotoxicosis with diffuse goiter without thyrotoxic crisis or storm
E0501,Thyrotoxicosis with diffuse goiter with thyrotoxic crisis or storm
E0510,Thyrotoxicosis with toxic single thyroid nodule without thyrotoxic crisis or storm
E0511,Thyrotoxicosis with toxic single thyroid nodule with thyrotoxic crisis or storm
E0520,Thyrotoxicosis with toxic multinodular goiter without thyrotoxic crisis or storm
E0521,Thyrotoxicosis with toxic multinodular goiter with thyrotoxic crisis or storm
E0530,Thyrotoxicosis from ectopic thyroid tissue without thyrotoxic crisis or storm
E0531,Thyrotoxicosis from ectopic thyroid tissue with thyrotoxic crisis or storm
E0540,Thyrotoxicosis factitia without thyrotoxic crisis or storm
E0541,Thyrotoxicosis factitia with thyrotoxic crisis or storm
E0580,Other thyrotoxicosis without thyrotoxic crisis or storm
E0581,Other thyrotoxicosis with thyrotoxic crisis or storm
E0590,Thyrotoxicosis unspecified without thyrotoxic crisis or storm
E0591,Thyrotoxicosis unspecified with thyrotoxic crisis or storm
E060,Acute thyroiditis
E061,Subacute thyroiditis
E062,Chronic thyroiditis with transient thyrotoxicosis
E063,Autoimmune thyroiditis
E064,Drug-induced thyroiditis
E065,Other chronic thyroiditis
E069,Thyroiditis unspecified
E070,Hypersecretion of calcitonin
E071,Dyshormogenetic goiter
E0781,Sick-euthyroid syndrome
E0789,Other specified disorders of thyroid
E079,Disorder of thyroid unspecified
E0800,Diabetes mellitus due to underlying condition with hyperosmolarity without nonketotic hyperglycemic-hyperosmolar coma (NKHHC)
E0801,Diabetes mellitus due to underlying condition with hyperosmolarity with coma
E0810,Diabetes mellitus due to underlying condition with ketoacidosis without coma
E0811,Diabetes mellitus due to underlying condition with ketoacidosis with coma
E0821,Diabetes mellitus due to underlying condition with diabetic nephropathy
E0822,Diabetes mellitus due to underlying condition with diabetic chronic kidney disease
E0829,Diabetes mellitus due to underlying condition with other diabetic kidney complication
E08311,Diabetes mellitus due to underlying condition with unspecified diabetic retinopathy with macular edema
E08319,Diabetes mellitus due to underlying condition with unspecified diabetic retinopathy without macular edema
E08321,Diabetes mellitus due to underlying condition with mild nonproliferative diabetic retinopathy with macular edema
E083211,Diabetes mellitus due to underlying condition with mild nonproliferative diabetic retinopathy with macular edema right eye
E083212,Diabetes mellitus due to underlying condition with mild nonproliferative diabetic retinopathy with macular edema left eye
E083213,Diabetes mellitus due to underlying condition with mild nonproliferative diabetic retinopathy with macular edema bilateral
E083219,Diabetes mellitus due to underlying condition with mild nonproliferative diabetic retinopathy with macular edema unspecified eye
E08329,Diabetes mellitus due to underlying condition with mild nonproliferative diabetic retinopathy without macular edema
E083291,Diabetes mellitus due to underlying condition with mild nonproliferative diabetic retinopathy without macular edema right eye
E083292,Diabetes mellitus due to underlying condition with mild nonproliferative diabetic retinopathy without macular edema left eye
E083293,Diabetes mellitus due to underlying condition with mild nonproliferative diabetic retinopathy without macular edema bilateral
E083299,Diabetes mellitus due to underlying condition with mild nonproliferative diabetic retinopathy without macular edema unspecified eye
E08331,Diabetes mellitus due to underlying condition with moderate nonproliferative diabetic retinopathy with macular edema
E083311,Diabetes mellitus due to underlying condition with moderate nonproliferative diabetic retinopathy with macular edema right eye
E083312,Diabetes mellitus due to underlying condition with moderate nonproliferative diabetic retinopathy with macular edema left eye
E083313,Diabetes mellitus due to underlying condition with moderate nonproliferative diabetic retinopathy with macular edema bilateral
E083319,Diabetes mellitus due to underlying condition with moderate nonproliferative diabetic retinopathy with macular edema unspecified eye
E08339,Diabetes mellitus due to underlying condition with moderate nonproliferative diabetic retinopathy without macular edema
E083391,Diabetes mellitus due to underlying condition with moderate nonproliferative diabetic retinopathy without macular edema right eye
E083392,Diabetes mellitus due to underlying condition with moderate nonproliferative diabetic retinopathy without macular edema left eye
E083393,Diabetes mellitus due to underlying condition with moderate nonproliferative diabetic retinopathy without macular edema bilateral
E083399,Diabetes mellitus due to underlying condition with moderate nonproliferative diabetic retinopathy without macular edema unspecified eye
E08341,Diabetes mellitus due to underlying condition with severe nonproliferative diabetic retinopathy with macular edema
E083411,Diabetes mellitus due to underlying condition with severe nonproliferative diabetic retinopathy with macular edema right eye
E083412,Diabetes mellitus due to underlying condition with severe nonproliferative diabetic retinopathy with macular edema left eye
E083413,Diabetes mellitus due to underlying condition with severe nonproliferative diabetic retinopathy with macular edema bilateral
E083419,Diabetes mellitus due to underlying condition with severe nonproliferative diabetic retinopathy with macular edema unspecified eye
E08349,Diabetes mellitus due to underlying condition with severe nonproliferative diabetic retinopathy without macular edema
E083491,Diabetes mellitus due to underlying condition with severe nonproliferative diabetic retinopathy without macular edema right eye
E083492,Diabetes mellitus due to underlying condition with severe nonproliferative diabetic retinopathy without macular edema left eye
E083493,Diabetes mellitus due to underlying condition with severe nonproliferative diabetic retinopathy without macular edema bilateral
E083499,Diabetes mellitus due to underlying condition with severe nonproliferative diabetic retinopathy without macular edema unspecified eye
E08351,Diabetes mellitus due to underlying condition with proliferative diabetic retinopathy with macular edema
E083511,Diabetes mellitus due to underlying condition with proliferative diabetic retinopathy with macular edema right eye
E083512,Diabetes mellitus due to underlying condition with proliferative diabetic retinopathy with macular edema left eye
E083513,Diabetes mellitus due to underlying condition with proliferative diabetic retinopathy with macular edema bilateral
E083519,Diabetes mellitus due to underlying condition with proliferative diabetic retinopathy with macular edema unspecified eye
E08352,Diabetes mellitus due to underlying condition with proliferative diabetic retinopathy with traction retinal detachment involving the macula
E083521,Diabetes mellitus due to underlying condition with proliferative diabetic retinopathy with traction retinal detachment involving the macula right eye
E083522,Diabetes mellitus due to underlying condition with proliferative diabetic retinopathy with traction retinal detachment involving the macula left eye
E083523,Diabetes mellitus due to underlying condition with proliferative diabetic retinopathy with traction retinal detachment involving the macula bilateral
E083529,Diabetes mellitus due to underlying condition with proliferative diabetic retinopathy with traction retinal detachment involving the macula unspecified eye
E08353,Diabetes mellitus due to underlying condition with proliferative diabetic retinopathy with traction retinal detachment not involving the macula
E083531,Diabetes mellitus due to underlying condition with proliferative diabetic retinopathy with traction retinal detachment not involving the macula right eye
E083532,Diabetes mellitus due to underlying condition with proliferative diabetic retinopathy with traction retinal detachment not involving the macula left eye
E083533,Diabetes mellitus due to underlying condition with proliferative diabetic retinopathy with traction retinal detachment not involving the macula bilateral
E083539,Diabetes mellitus due to underlying condition with proliferative diabetic retinopathy with traction retinal detachment not involving the macula unspecified eye
E08354,Diabetes mellitus due to underlying condition with proliferative diabetic retinopathy with combined traction retinal detachment and rhegmatogenous retinal detachment
E083541,Diabetes mellitus due to underlying condition with proliferative diabetic retinopathy with combined traction retinal detachment and rhegmatogenous retinal detachment right eye
E083542,Diabetes mellitus due to underlying condition with proliferative diabetic retinopathy with combined traction retinal detachment and rhegmatogenous retinal detachment left eye
E083543,Diabetes mellitus due to underlying condition with proliferative diabetic retinopathy with combined traction retinal detachment and rhegmatogenous retinal detachment bilateral
E083549,Diabetes mellitus due to underlying condition with proliferative diabetic retinopathy with combined traction retinal detachment and rhegmatogenous retinal detachment unspecified eye
E08355,Diabetes mellitus due to underlying condition with stable proliferative diabetic retinopathy
E083551,Diabetes mellitus due to underlying condition with stable proliferative diabetic retinopathy right eye
E083552,Diabetes mellitus due to underlying condition with stable proliferative diabetic retinopathy left eye
E083553,Diabetes mellitus due to underlying condition with stable proliferative diabetic retinopathy bilateral
E083559,Diabetes mellitus due to underlying condition with stable proliferative diabetic retinopathy unspecified eye
E08359,Diabetes mellitus due to underlying condition with proliferative diabetic retinopathy without macular edema
E083591,Diabetes mellitus due to underlying condition with proliferative diabetic retinopathy without macular edema right eye
E083592,Diabetes mellitus due to underlying condition with proliferative diabetic retinopathy without macular edema left eye
E083593,Diabetes mellitus due to underlying condition with proliferative diabetic retinopathy without macular edema bilateral
E083599,Diabetes mellitus due to underlying condition with proliferative diabetic retinopathy without macular edema unspecified eye
E0836,Diabetes mellitus due to underlying condition with diabetic cataract
E0837,Diabetes mellitus due to underlying condition with diabetic macular edema resolved following treatment
E0837X1,Diabetes mellitus due to underlying condition with diabetic macular edema resolved following treatment right eye
E0837X2,Diabetes mellitus due to underlying condition with diabetic macular edema resolved following treatment left eye
E0837X3,Diabetes mellitus due to underlying condition with diabetic macular edema resolved following treatment bilateral
E0837X9,Diabetes mellitus due to underlying condition with diabetic macular edema resolved following treatment unspecified eye
E0839,Diabetes mellitus due to underlying condition with other diabetic ophthalmic complication
E0840,Diabetes mellitus due to underlying condition with diabetic neuropathy unspecified
E0841,Diabetes mellitus due to underlying condition with diabetic mononeuropathy
E0842,Diabetes mellitus due to underlying condition with diabetic polyneuropathy
E0843,Diabetes mellitus due to underlying condition with diabetic autonomic (poly)neuropathy
E0844,Diabetes mellitus due to underlying condition with diabetic amyotrophy
E0849,Diabetes mellitus due to underlying condition with other diabetic neurological complication
E0851,Diabetes mellitus due to underlying condition with diabetic peripheral angiopathy without gangrene
E0852,Diabetes mellitus due to underlying condition with diabetic peripheral angiopathy with gangrene
E0859,Diabetes mellitus due to underlying condition with other circulatory complications
E08610,Diabetes mellitus due to underlying condition with diabetic neuropathic arthropathy
E08618,Diabetes mellitus due to underlying condition with other diabetic arthropathy
E08620,Diabetes mellitus due to underlying condition with diabetic dermatitis
E08621,Diabetes mellitus due to underlying condition with foot ulcer
E08622,Diabetes mellitus due to underlying condition with other skin ulcer
E08628,Diabetes mellitus due to underlying condition with other skin complications
E08630,Diabetes mellitus due to underlying condition with periodontal disease
E08638,Diabetes mellitus due to underlying condition with other oral complications
E08641,Diabetes mellitus due to underlying condition with hypoglycemia with coma
E08649,Diabetes mellitus due to underlying condition with hypoglycemia without coma
E0865,Diabetes mellitus due to underlying condition with hyperglycemia
E0869,Diabetes mellitus due to underlying condition with other specified complication
E088,Diabetes mellitus due to underlying condition with unspecified complications
E089,Diabetes mellitus due to underlying condition without complications
E0900,Drug or chemical induced diabetes mellitus with hyperosmolarity without nonketotic hyperglycemic-hyperosmolar coma (NKHHC)
E0901,Drug or chemical induced diabetes mellitus with hyperosmolarity with coma
E0910,Drug or chemical induced diabetes mellitus with ketoacidosis without coma
E0911,Drug or chemical induced diabetes mellitus with ketoacidosis with coma
E0921,Drug or chemical induced diabetes mellitus with diabetic nephropathy
E0922,Drug or chemical induced diabetes mellitus with diabetic chronic kidney disease
E0929,Drug or chemical induced diabetes mellitus with other diabetic kidney complication
E09311,Drug or chemical induced diabetes mellitus with unspecified diabetic retinopathy with macular edema
E09319,Drug or chemical induced diabetes mellitus with unspecified diabetic retinopathy without macular edema
E09321,Drug or chemical induced diabetes mellitus with mild nonproliferative diabetic retinopathy with macular edema
E093211,Drug or chemical induced diabetes mellitus with mild nonproliferative diabetic retinopathy with macular edema right eye
E093212,Drug or chemical induced diabetes mellitus with mild nonproliferative diabetic retinopathy with macular edema left eye
E093213,Drug or chemical induced diabetes mellitus with mild nonproliferative diabetic retinopathy with macular edema bilateral
E093219,Drug or chemical induced diabetes mellitus with mild nonproliferative diabetic retinopathy with macular edema unspecified eye
E09329,Drug or chemical induced diabetes mellitus with mild nonproliferative diabetic retinopathy without macular edema
E093291,Drug or chemical induced diabetes mellitus with mild nonproliferative diabetic retinopathy without macular edema right eye
E093292,Drug or chemical induced diabetes mellitus with mild nonproliferative diabetic retinopathy without macular edema left eye
E093293,Drug or chemical induced diabetes mellitus with mild nonproliferative diabetic retinopathy without macular edema bilateral
E093299,Drug or chemical induced diabetes mellitus with mild nonproliferative diabetic retinopathy without macular edema unspecified eye
E09331,Drug or chemical induced diabetes mellitus with moderate nonproliferative diabetic retinopathy with macular edema
E093311,Drug or chemical induced diabetes mellitus with moderate nonproliferative diabetic retinopathy with macular edema right eye
E093312,Drug or chemical induced diabetes mellitus with moderate nonproliferative diabetic retinopathy with macular edema left eye
E093313,Drug or chemical induced diabetes mellitus with moderate nonproliferative diabetic retinopathy with macular edema bilateral
E093319,Drug or chemical induced diabetes mellitus with moderate nonproliferative diabetic retinopathy with macular edema unspecified eye
E09339,Drug or chemical induced diabetes mellitus with moderate nonproliferative diabetic retinopathy without macular edema
E093391,Drug or chemical induced diabetes mellitus with moderate nonproliferative diabetic retinopathy without macular edema right eye
E093392,Drug or chemical induced diabetes mellitus with moderate nonproliferative diabetic retinopathy without macular edema left eye
E093393,Drug or chemical induced diabetes mellitus with moderate nonproliferative diabetic retinopathy without macular edema bilateral
E093399,Drug or chemical induced diabetes mellitus with moderate nonproliferative diabetic retinopathy without macular edema unspecified eye
E09341,Drug or chemical induced diabetes mellitus with severe nonproliferative diabetic retinopathy with macular edema
E093411,Drug or chemical induced diabetes mellitus with severe nonproliferative diabetic retinopathy with macular edema right eye
E093412,Drug or chemical induced diabetes mellitus with severe nonproliferative diabetic retinopathy with macular edema left eye
E093413,Drug or chemical induced diabetes mellitus with severe nonproliferative diabetic retinopathy with macular edema bilateral
E093419,Drug or chemical induced diabetes mellitus with severe nonproliferative diabetic retinopathy with macular edema unspecified eye
E09349,Drug or chemical induced diabetes mellitus with severe nonproliferative diabetic retinopathy without macular edema
E093491,Drug or chemical induced diabetes mellitus with severe nonproliferative diabetic retinopathy without macular edema right eye
E093492,Drug or chemical induced diabetes mellitus with severe nonproliferative diabetic retinopathy without macular edema left eye
E093493,Drug or chemical induced diabetes mellitus with severe nonproliferative diabetic retinopathy without macular edema bilateral
E093499,Drug or chemical induced diabetes mellitus with severe nonproliferative diabetic retinopathy without macular edema unspecified eye
E09351,Drug or chemical induced diabetes mellitus with proliferative diabetic retinopathy with macular edema
E093511,Drug or chemical induced diabetes mellitus with proliferative diabetic retinopathy with macular edema right eye
E093512,Drug or chemical induced diabetes mellitus with proliferative diabetic retinopathy with macular edema left eye
E093513,Drug or chemical induced diabetes mellitus with proliferative diabetic retinopathy with macular edema bilateral
E093519,Drug or chemical induced diabetes mellitus with proliferative diabetic retinopathy with macular edema unspecified eye
E09359,Drug or chemical induced diabetes mellitus with proliferative diabetic retinopathy without macular edema
E093591,Drug or chemical induced diabetes mellitus with proliferative diabetic retinopathy without macular edema right eye
E093592,Drug or chemical induced diabetes mellitus with proliferative diabetic retinopathy without macular edema left eye
E093593,Drug or chemical induced diabetes mellitus with proliferative diabetic retinopathy without macular edema bilateral
E093599,Drug or chemical induced diabetes mellitus with proliferative diabetic retinopathy without macular edema unspecified eye
E0936,Drug or chemical induced diabetes mellitus with diabetic cataract
E0937X1,Drug or chemical induced diabetes mellitus with diabetic macular edema resolved following treatment right eye
E0937X2,Drug or chemical induced diabetes mellitus with diabetic macular edema resolved following treatment left eye
E0937X3,Drug or chemical induced diabetes mellitus with diabetic macular edema resolved following treatment bilateral
E0937X9,Drug or chemical induced diabetes mellitus with diabetic macular edema resolved following treatment unspecified eye
E0939,Drug or chemical induced diabetes mellitus with other diabetic ophthalmic complication
E0940,Drug or chemical induced diabetes mellitus with neurological complications with diabetic neuropathy unspecified
E0941,Drug or chemical induced diabetes mellitus with neurological complications with diabetic mononeuropathy
E0942,Drug or chemical induced diabetes mellitus with neurological complications with diabetic polyneuropathy
E0943,Drug or chemical induced diabetes mellitus with neurological complications with diabetic autonomic (poly)neuropathy
E0944,Drug or chemical induced diabetes mellitus with neurological complications with diabetic amyotrophy
E0949,Drug or chemical induced diabetes mellitus with neurological complications with other diabetic neurological complication
E0951,Drug or chemical induced diabetes mellitus with diabetic peripheral angiopathy without gangrene
E0952,Drug or chemical induced diabetes mellitus with diabetic peripheral angiopathy with gangrene
E0959,Drug or chemical induced diabetes mellitus with other circulatory complications
E09610,Drug or chemical induced diabetes mellitus with diabetic neuropathic arthropathy
E09618,Drug or chemical induced diabetes mellitus with other diabetic arthropathy
E09620,Drug or chemical induced diabetes mellitus with diabetic dermatitis
E09621,Drug or chemical induced diabetes mellitus with foot ulcer
E09622,Drug or chemical induced diabetes mellitus with other skin ulcer
E09628,Drug or chemical induced diabetes mellitus with other skin complications
E09630,Drug or chemical induced diabetes mellitus with periodontal disease
E09638,Drug or chemical induced diabetes mellitus with other oral complications
E09641,Drug or chemical induced diabetes mellitus with hypoglycemia with coma
E09649,Drug or chemical induced diabetes mellitus with hypoglycemia without coma
E0965,Drug or chemical induced diabetes mellitus with hyperglycemia
E0969,Drug or chemical induced diabetes mellitus with other specified complication
E098,Drug or chemical induced diabetes mellitus with unspecified complications
E099,Drug or chemical induced diabetes mellitus without complications
E1010,Type 1 diabetes mellitus with ketoacidosis without coma                                                                                                                                                                                                         
E1011,Type 1 diabetes mellitus with ketoacidosis with coma                                                                                                                                                                                                            
E1021,Type 1 diabetes mellitus with diabetic nephropathy                                                                                                                                                                                                              
E1022,Type 1 diabetes mellitus with diabetic chronic kidney disease                                                                                                                                                                                                   
E1029,Type 1 diabetes mellitus with other diabetic kidney complication                                                                                                                                                                                                
E10311,Type 1 diabetes mellitus with unspecified diabetic retinopathy with macular edema                                                                                                                                                                               
E10319,Type 1 diabetes mellitus with unspecified diabetic retinopathy without macular edema                                                                                                                                                                            
E10321,Type 1 diabetes mellitus with mild nonproliferative diabetic retinopathy with macular edema                                                                                                                                                                     
E103211,Type 1 diabetes mellitus with mild nonproliferative diabetic retinopathy with macular edema right eye
E103212,Type 1 diabetes mellitus with mild nonproliferative diabetic retinopathy with macular edema left eye
E103213,Type 1 diabetes mellitus with mild nonproliferative diabetic retinopathy with macular edema bilateral
E103219,Type 1 diabetes mellitus with mild nonproliferative diabetic retinopathy with macular edema unspecified eye
E10329,Type 1 diabetes mellitus with mild nonproliferative diabetic retinopathy without macular edema                                                                                                                                                                  
E103291,Type 1 diabetes mellitus with mild nonproliferative diabetic retinopathy without macular edema right eye
E103292,Type 1 diabetes mellitus with mild nonproliferative diabetic retinopathy without macular edema left eye
E103293,Type 1 diabetes mellitus with mild nonproliferative diabetic retinopathy without macular edema bilateral
E103299,Type 1 diabetes mellitus with mild nonproliferative diabetic retinopathy without macular edema unspecified eye
E10331,Type 1 diabetes mellitus with moderate nonproliferative diabetic retinopathy with macular edema                                                                                                                                                                 
E103311,Type 1 diabetes mellitus with moderate nonproliferative diabetic retinopathy with macular edema right eye
E103312,Type 1 diabetes mellitus with moderate nonproliferative diabetic retinopathy with macular edema left eye
E103313,Type 1 diabetes mellitus with moderate nonproliferative diabetic retinopathy with macular edema bilateral
E103319,Type 1 diabetes mellitus with moderate nonproliferative diabetic retinopathy with macular edema unspecified eye
E10339,Type 1 diabetes mellitus with moderate nonproliferative diabetic retinopathy without macular edema                                                                                                                                                              
E103391,Type 1 diabetes mellitus with moderate nonproliferative diabetic retinopathy without macular edema right eye
E103392,Type 1 diabetes mellitus with moderate nonproliferative diabetic retinopathy without macular edema left eye
E103393,Type 1 diabetes mellitus with moderate nonproliferative diabetic retinopathy without macular edema bilateral
E103399,Type 1 diabetes mellitus with moderate nonproliferative diabetic retinopathy without macular edema unspecified eye
E10341,Type 1 diabetes mellitus with severe nonproliferative diabetic retinopathy with macular edema                                                                                                                                                                   
E103411,Type 1 diabetes mellitus with severe nonproliferative diabetic retinopathy with macular edema right eye
E103412,Type 1 diabetes mellitus with severe nonproliferative diabetic retinopathy with macular edema left eye
E103413,Type 1 diabetes mellitus with severe nonproliferative diabetic retinopathy with macular edema bilateral
E103419,Type 1 diabetes mellitus with severe nonproliferative diabetic retinopathy with macular edema unspecified eye
E10349,Type 1 diabetes mellitus with severe nonproliferative diabetic retinopathy without macular edema                                                                                                                                                                
E103491,Type 1 diabetes mellitus with severe nonproliferative diabetic retinopathy without macular edema right eye
E103492,Type 1 diabetes mellitus with severe nonproliferative diabetic retinopathy without macular edema left eye
E103493,Type 1 diabetes mellitus with severe nonproliferative diabetic retinopathy without macular edema bilateral
E103499,Type 1 diabetes mellitus with severe nonproliferative diabetic retinopathy without macular edema unspecified eye
E10351,Type 1 diabetes mellitus with proliferative diabetic retinopathy with macular edema                                                                                                                                                                             
E103511,Type 1 diabetes mellitus with proliferative diabetic retinopathy with macular edema right eye
E103512,Type 1 diabetes mellitus with proliferative diabetic retinopathy with macular edema left eye
E103513,Type 1 diabetes mellitus with proliferative diabetic retinopathy with macular edema bilateral
E103519,Type 1 diabetes mellitus with proliferative diabetic retinopathy with macular edema unspecified eye
E10352,Type 1 diabetes mellitus with proliferative diabetic retinopathy with traction retinal detachment involving the macula
E103521,Type 1 diabetes mellitus with proliferative diabetic retinopathy with traction retinal detachment involving the macula right eye
E103522,Type 1 diabetes mellitus with proliferative diabetic retinopathy with traction retinal detachment involving the macula left eye
E103523,Type 1 diabetes mellitus with proliferative diabetic retinopathy with traction retinal detachment involving the macula bilateral
E103529,Type 1 diabetes mellitus with proliferative diabetic retinopathy with traction retinal detachment involving the macula unspecified eye
E10353,Type 1 diabetes mellitus with proliferative diabetic retinopathy with traction retinal detachment not involving the macula
E103531,Type 1 diabetes mellitus with proliferative diabetic retinopathy with traction retinal detachment not involving the macula right eye
E103532,Type 1 diabetes mellitus with proliferative diabetic retinopathy with traction retinal detachment not involving the macula left eye
E103533,Type 1 diabetes mellitus with proliferative diabetic retinopathy with traction retinal detachment not involving the macula bilateral
E103539,Type 1 diabetes mellitus with proliferative diabetic retinopathy with traction retinal detachment not involving the macula unspecified eye
E10354,Type 1 diabetes mellitus with proliferative diabetic retinopathy with combined traction retinal detachment and rhegmatogenous retinal detachment
E103541,Type 1 diabetes mellitus with proliferative diabetic retinopathy with combined traction retinal detachment and rhegmatogenous retinal detachment right eye
E103542,Type 1 diabetes mellitus with proliferative diabetic retinopathy with combined traction retinal detachment and rhegmatogenous retinal detachment left eye
E103543,Type 1 diabetes mellitus with proliferative diabetic retinopathy with combined traction retinal detachment and rhegmatogenous retinal detachment bilateral
E103549,Type 1 diabetes mellitus with proliferative diabetic retinopathy with combined traction retinal detachment and rhegmatogenous retinal detachment unspecified eye
E10355,Type 1 diabetes mellitus with stable proliferative diabetic retinopathy
E103551,Type 1 diabetes mellitus with stable proliferative diabetic retinopathy right eye
E103552,Type 1 diabetes mellitus with stable proliferative diabetic retinopathy left eye
E103553,Type 1 diabetes mellitus with stable proliferative diabetic retinopathy bilateral
E103559,Type 1 diabetes mellitus with stable proliferative diabetic retinopathy unspecified eye
E10359,Type 1 diabetes mellitus with proliferative diabetic retinopathy without macular edema                                                                                                                                                                          
E103591,Type 1 diabetes mellitus with proliferative diabetic retinopathy without macular edema right eye
E103592,Type 1 diabetes mellitus with proliferative diabetic retinopathy without macular edema left eye
E103593,Type 1 diabetes mellitus with proliferative diabetic retinopathy without macular edema bilateral
E103599,Type 1 diabetes mellitus with proliferative diabetic retinopathy without macular edema unspecified eye
E1036,Type 1 diabetes mellitus with diabetic cataract                                                                                                                                                                                                                 
E1037,Type 1 diabetes mellitus with diabetic macular edema resolved following treatment
E1037X1,Type 1 diabetes mellitus with diabetic macular edema resolved following treatment right eye
E1037X2,Type 1 diabetes mellitus with diabetic macular edema resolved following treatment left eye
E1037X3,Type 1 diabetes mellitus with diabetic macular edema resolved following treatment bilateral
E1037X9,Type 1 diabetes mellitus with diabetic macular edema resolved following treatment unspecified eye
E1039,Type 1 diabetes mellitus with other diabetic ophthalmic complication                                                                                                                                                                                            
E1040,Type 1 diabetes mellitus with diabetic neuropathy unspecified                                                                                                                                                                                                  
E1041,Type 1 diabetes mellitus with diabetic mononeuropathy                                                                                                                                                                                                           
E1042,Type 1 diabetes mellitus with diabetic polyneuropathy                                                                                                                                                                                                           
E1043,Type 1 diabetes mellitus with diabetic autonomic (poly)neuropathy                                                                                                                                                                                               
E1044,Type 1 diabetes mellitus with diabetic amyotrophy                                                                                                                                                                                                               
E1049,Type 1 diabetes mellitus with other diabetic neurological complication                                                                                                                                                                                          
E1051,Type 1 diabetes mellitus with diabetic peripheral angiopathy without gangrene                                                                                                                                                                                   
E1052,Type 1 diabetes mellitus with diabetic peripheral angiopathy with gangrene                                                                                                                                                                                      
E1059,Type 1 diabetes mellitus with other circulatory complications                                                                                                                                                                                                   
E10610,Type 1 diabetes mellitus with diabetic neuropathic arthropathy                                                                                                                                                                                                  
E10618,Type 1 diabetes mellitus with other diabetic arthropathy                                                                                                                                                                                                        
E10620,Type 1 diabetes mellitus with diabetic dermatitis                                                                                                                                                                                                               
E10621,Type 1 diabetes mellitus with foot ulcer                                                                                                                                                                                                                        
E10622,Type 1 diabetes mellitus with other skin ulcer                                                                                                                                                                                                                  
E10628,Type 1 diabetes mellitus with other skin complications                                                                                                                                                                                                          
E10630,Type 1 diabetes mellitus with periodontal disease                                                                                                                                                                                                               
E10638,Type 1 diabetes mellitus with other oral complications                                                                                                                                                                                                          
E10641,Type 1 diabetes mellitus with hypoglycemia with coma                                                                                                                                                                                                            
E10649,Type 1 diabetes mellitus with hypoglycemia without coma                                                                                                                                                                                                         
E1065,Type 1 diabetes mellitus with hyperglycemia                                                                                                                                                                                                                     
E1069,Type 1 diabetes mellitus with other specified complication                                                                                                                                                                                                      
E108,Type 1 diabetes mellitus with unspecified complications                                                                                                                                                                                                         
E109,Type 1 diabetes mellitus without complications                                                                                                                                                                                                                  
E1100,Type 2 diabetes mellitus with hyperosmolarity without nonketotic hyperglycemic-hyperosmolar coma (NKHHC)                                                                                                                                                        
E1101,Type 2 diabetes mellitus with hyperosmolarity with coma                                                                                                                                                                                                         
E1110,Type 2 diabetes mellitus with ketoacidosis without coma
E1111,Type 2 diabetes mellitus with ketoacidosis with coma
E1121,Type 2 diabetes mellitus with diabetic nephropathy                                                                                                                                                                                                              
E1122,Type 2 diabetes mellitus with diabetic chronic kidney disease                                                                                                                                                                                                   
E1129,Type 2 diabetes mellitus with other diabetic kidney complication                                                                                                                                                                                                
E11311,Type 2 diabetes mellitus with unspecified diabetic retinopathy with macular edema                                                                                                                                                                               
E11319,Type 2 diabetes mellitus with unspecified diabetic retinopathy without macular edema                                                                                                                                                                            
E11321,Type 2 diabetes mellitus with mild nonproliferative diabetic retinopathy with macular edema                                                                                                                                                                     
E113211,Type 2 diabetes mellitus with mild nonproliferative diabetic retinopathy with macular edema right eye
E113212,Type 2 diabetes mellitus with mild nonproliferative diabetic retinopathy with macular edema left eye
E113213,Type 2 diabetes mellitus with mild nonproliferative diabetic retinopathy with macular edema bilateral
E113219,Type 2 diabetes mellitus with mild nonproliferative diabetic retinopathy with macular edema unspecified eye
E11329,Type 2 diabetes mellitus with mild nonproliferative diabetic retinopathy without macular edema                                                                                                                                                                  
E113291,Type 2 diabetes mellitus with mild nonproliferative diabetic retinopathy without macular edema right eye
E113292,Type 2 diabetes mellitus with mild nonproliferative diabetic retinopathy without macular edema left eye
E113293,Type 2 diabetes mellitus with mild nonproliferative diabetic retinopathy without macular edema bilateral
E113299,Type 2 diabetes mellitus with mild nonproliferative diabetic retinopathy without macular edema unspecified eye
E11331,Type 2 diabetes mellitus with moderate nonproliferative diabetic retinopathy with macular edema
E113311,Type 2 diabetes mellitus with moderate nonproliferative diabetic retinopathy with macular edema right eye
E113312,Type 2 diabetes mellitus with moderate nonproliferative diabetic retinopathy with macular edema left eye
E113313,Type 2 diabetes mellitus with moderate nonproliferative diabetic retinopathy with macular edema bilateral
E113319,Type 2 diabetes mellitus with moderate nonproliferative diabetic retinopathy with macular edema unspecified eye
E11339,Type 2 diabetes mellitus with moderate nonproliferative diabetic retinopathy without macular edema
E113391,Type 2 diabetes mellitus with moderate nonproliferative diabetic retinopathy without macular edema right eye
E113392,Type 2 diabetes mellitus with moderate nonproliferative diabetic retinopathy without macular edema left eye
E113393,Type 2 diabetes mellitus with moderate nonproliferative diabetic retinopathy without macular edema bilateral
E113399,Type 2 diabetes mellitus with moderate nonproliferative diabetic retinopathy without macular edema unspecified eye
E11341,Type 2 diabetes mellitus with severe nonproliferative diabetic retinopathy with macular edema
E113411,Type 2 diabetes mellitus with severe nonproliferative diabetic retinopathy with macular edema right eye
E113412,Type 2 diabetes mellitus with severe nonproliferative diabetic retinopathy with macular edema left eye
E113413,Type 2 diabetes mellitus with severe nonproliferative diabetic retinopathy with macular edema bilateral
E113419,Type 2 diabetes mellitus with severe nonproliferative diabetic retinopathy with macular edema unspecified eye
E11349,Type 2 diabetes mellitus with severe nonproliferative diabetic retinopathy without macular edema
E113491,Type 2 diabetes mellitus with severe nonproliferative diabetic retinopathy without macular edema right eye
E113492,Type 2 diabetes mellitus with severe nonproliferative diabetic retinopathy without macular edema left eye
E113493,Type 2 diabetes mellitus with severe nonproliferative diabetic retinopathy without macular edema bilateral
E113499,Type 2 diabetes mellitus with severe nonproliferative diabetic retinopathy without macular edema unspecified eye
E11351,Type 2 diabetes mellitus with proliferative diabetic retinopathy with macular edema                                                                                                                                                                             
E113511,Type 2 diabetes mellitus with proliferative diabetic retinopathy with macular edema right eye
E113512,Type 2 diabetes mellitus with proliferative diabetic retinopathy with macular edema left eye
E113513,Type 2 diabetes mellitus with proliferative diabetic retinopathy with macular edema bilateral
E113519,Type 2 diabetes mellitus with proliferative diabetic retinopathy with macular edema unspecified eye
E113521,Type 2 diabetes mellitus with proliferative diabetic retinopathy with traction retinal detachment involving the macula right eye
E113522,Type 2 diabetes mellitus with proliferative diabetic retinopathy with traction retinal detachment involving the macula left eye
E113523,Type 2 diabetes mellitus with proliferative diabetic retinopathy with traction retinal detachment involving the macula bilateral
E113529,Type 2 diabetes mellitus with proliferative diabetic retinopathy with traction retinal detachment involving the macula unspecified eye
E113531,Type 2 diabetes mellitus with proliferative diabetic retinopathy with traction retinal detachment not involving the macula right eye
E113532,Type 2 diabetes mellitus with proliferative diabetic retinopathy with traction retinal detachment not involving the macula left eye
E113533,Type 2 diabetes mellitus with proliferative diabetic retinopathy with traction retinal detachment not involving the macula bilateral
E113539,Type 2 diabetes mellitus with proliferative diabetic retinopathy with traction retinal detachment not involving the macula unspecified eye
E113541,Type 2 diabetes mellitus with proliferative diabetic retinopathy with combined traction retinal detachment and rhegmatogenous retinal detachment right eye
E113542,Type 2 diabetes mellitus with proliferative diabetic retinopathy with combined traction retinal detachment and rhegmatogenous retinal detachment left eye
E113543,Type 2 diabetes mellitus with proliferative diabetic retinopathy with combined traction retinal detachment and rhegmatogenous retinal detachment bilateral
E113549,Type 2 diabetes mellitus with proliferative diabetic retinopathy with combined traction retinal detachment and rhegmatogenous retinal detachment unspecified eye
E113551,Type 2 diabetes mellitus with stable proliferative diabetic retinopathy right eye
E113552,Type 2 diabetes mellitus with stable proliferative diabetic retinopathy left eye
E113553,Type 2 diabetes mellitus with stable proliferative diabetic retinopathy bilateral
E113559,Type 2 diabetes mellitus with stable proliferative diabetic retinopathy unspecified eye
E11359,Type 2 diabetes mellitus with proliferative diabetic retinopathy without macular edema                                                                                                                                                                          
E113591,Type 2 diabetes mellitus with proliferative diabetic retinopathy without macular edema right eye
E113592,Type 2 diabetes mellitus with proliferative diabetic retinopathy without macular edema left eye
E113593,Type 2 diabetes mellitus with proliferative diabetic retinopathy without macular edema bilateral
E113599,Type 2 diabetes mellitus with proliferative diabetic retinopathy without macular edema unspecified eye
E1136,Type 2 diabetes mellitus with diabetic cataract                                                                                                                                                                                                                 
E1137X1,Type 2 diabetes mellitus with diabetic macular edema resolved following treatment right eye
E1137X2,Type 2 diabetes mellitus with diabetic macular edema resolved following treatment left eye
E1137X3,Type 2 diabetes mellitus with diabetic macular edema resolved following treatment bilateral
E1137X9,Type 2 diabetes mellitus with diabetic macular edema resolved following treatment unspecified eye
E1139,Type 2 diabetes mellitus with other diabetic ophthalmic complication                                                                                                                                                                                            
E1140,Type 2 diabetes mellitus with diabetic neuropathy unspecified                                                                                                                                                                                                  
E1141,Type 2 diabetes mellitus with diabetic mononeuropathy                                                                                                                                                                                                           
E1142,Type 2 diabetes mellitus with diabetic polyneuropathy                                                                                                                                                                                                           
E1143,Type 2 diabetes mellitus with diabetic autonomic (poly)neuropathy                                                                                                                                                                                               
E1144,Type 2 diabetes mellitus with diabetic amyotrophy                                                                                                                                                                                                               
E1149,Type 2 diabetes mellitus with other diabetic neurological complication                                                                                                                                                                                          
E1151,Type 2 diabetes mellitus with diabetic peripheral angiopathy without gangrene                                                                                                                                                                                   
E1152,Type 2 diabetes mellitus with diabetic peripheral angiopathy with gangrene                                                                                                                                                                                      
E1159,Type 2 diabetes mellitus with other circulatory complications                                                                                                                                                                                                   
E11610,Type 2 diabetes mellitus with diabetic neuropathic arthropathy                                                                                                                                                                                                  
E11618,Type 2 diabetes mellitus with other diabetic arthropathy                                                                                                                                                                                                        
E11620,Type 2 diabetes mellitus with diabetic dermatitis                                                                                                                                                                                                               
E11621,Type 2 diabetes mellitus with foot ulcer                                                                                                                                                                                                                        
E11622,Type 2 diabetes mellitus with other skin ulcer                                                                                                                                                                                                                  
E11628,Type 2 diabetes mellitus with other skin complications                                                                                                                                                                                                          
E11630,Type 2 diabetes mellitus with periodontal disease                                                                                                                                                                                                               
E11638,Type 2 diabetes mellitus with other oral complications                                                                                                                                                                                                          
E11641,Type 2 diabetes mellitus with hypoglycemia with coma                                                                                                                                                                                                            
E11649,Type 2 diabetes mellitus with hypoglycemia without coma                                                                                                                                                                                                         
E1165,Type 2 diabetes mellitus with hyperglycemia                                                                                                                                                                                                                     
E1169,Type 2 diabetes mellitus with other specified complication                                                                                                                                                                                                      
E118,Type 2 diabetes mellitus with unspecified complications                                                                                                                                                                                                         
E119,Type 2 diabetes mellitus without complications                                                                                                                                                                                                                  
E1300,Other specified diabetes mellitus with hyperosmolarity without nonketotic hyperglycemic-hyperosmolar coma (NKHHC)                                                                                                                                               
E1301,Other specified diabetes mellitus with hyperosmolarity with coma                                                                                                                                                                                                
E1310,Other specified diabetes mellitus with ketoacidosis without coma                                                                                                                                                                                                
E1311,Other specified diabetes mellitus with ketoacidosis with coma                                                                                                                                                                                                   
E1321,Other specified diabetes mellitus with diabetic nephropathy                                                                                                                                                                                                     
E1322,Other specified diabetes mellitus with diabetic chronic kidney disease                                                                                                                                                                                          
E1329,
E13311,Other specified diabetes mellitus with unspecified diabetic retinopathy with macular edema                                                                                                                                                                      
E13319,Other specified diabetes mellitus with unspecified diabetic retinopathy without macular edema                                                                                                                                                                   
E13321,Other specified diabetes mellitus with mild nonproliferative diabetic retinopathy with macular edema                                                                                                                                                            
E133211,Other specified diabetes mellitus with mild nonproliferative diabetic retinopathy with macular edema right eye
E133212,Other specified diabetes mellitus with mild nonproliferative diabetic retinopathy with macular edema left eye
E133213,Other specified diabetes mellitus with mild nonproliferative diabetic retinopathy with macular edema bilateral
E133219,Other specified diabetes mellitus with mild nonproliferative diabetic retinopathy with macular edema unspecified eye
E13329,Other specified diabetes mellitus with mild nonproliferative diabetic retinopathy without macular edema                                                                                                                                                         
E133291,Other specified diabetes mellitus with mild nonproliferative diabetic retinopathy without macular edema right eye
E133292,Other specified diabetes mellitus with mild nonproliferative diabetic retinopathy without macular edema left eye
E133293,Other specified diabetes mellitus with mild nonproliferative diabetic retinopathy without macular edema bilateral
E133299,Other specified diabetes mellitus with mild nonproliferative diabetic retinopathy without macular edema unspecified eye
E13331,Other specified diabetes mellitus with moderate nonproliferative diabetic retinopathy with macular edema                                                                                                                                                        
E133311,Other specified diabetes mellitus with moderate nonproliferative diabetic retinopathy with macular edema right eye
E133312,Other specified diabetes mellitus with moderate nonproliferative diabetic retinopathy with macular edema left eye
E133313,Other specified diabetes mellitus with moderate nonproliferative diabetic retinopathy with macular edema bilateral
E133319,Other specified diabetes mellitus with moderate nonproliferative diabetic retinopathy with macular edema unspecified eye
E13339,Other specified diabetes mellitus with moderate nonproliferative diabetic retinopathy without macular edema                                                                                                                                                     
E133391,Other specified diabetes mellitus with moderate nonproliferative diabetic retinopathy without macular edema right eye
E133392,Other specified diabetes mellitus with moderate nonproliferative diabetic retinopathy without macular edema left eye
E133393,Other specified diabetes mellitus with moderate nonproliferative diabetic retinopathy without macular edema bilateral
E133399,Other specified diabetes mellitus with moderate nonproliferative diabetic retinopathy without macular edema unspecified eye
E13341,Other specified diabetes mellitus with severe nonproliferative diabetic retinopathy with macular edema                                                                                                                                                          
E133411,Other specified diabetes mellitus with severe nonproliferative diabetic retinopathy with macular edema right eye
E133412,Other specified diabetes mellitus with severe nonproliferative diabetic retinopathy with macular edema left eye
E133413,Other specified diabetes mellitus with severe nonproliferative diabetic retinopathy with macular edema bilateral
E133419,Other specified diabetes mellitus with severe nonproliferative diabetic retinopathy with macular edema unspecified eye
E13349,Other specified diabetes mellitus with severe nonproliferative diabetic retinopathy without macular edema                                                                                                                                                       
E133491,Other specified diabetes mellitus with severe nonproliferative diabetic retinopathy without macular edema right eye
E133492,Other specified diabetes mellitus with severe nonproliferative diabetic retinopathy without macular edema left eye
E133493,Other specified diabetes mellitus with severe nonproliferative diabetic retinopathy without macular edema bilateral
E133499,Other specified diabetes mellitus with severe nonproliferative diabetic retinopathy without macular edema unspecified eye
E13351,Other specified diabetes mellitus with proliferative diabetic retinopathy with macular edema                                                                                                                                                                    
E133511,Other specified diabetes mellitus with proliferative diabetic retinopathy with macular edema right eye
E133512,Other specified diabetes mellitus with proliferative diabetic retinopathy with macular edema left eye
E133513,Other specified diabetes mellitus with proliferative diabetic retinopathy with macular edema bilateral
E133519,Other specified diabetes mellitus with proliferative diabetic retinopathy with macular edema unspecified eye
E133521,Other specified diabetes mellitus with proliferative diabetic retinopathy with traction retinal detachment involving the macula right eye
E133522,Other specified diabetes mellitus with proliferative diabetic retinopathy with traction retinal detachment involving the macula left eye
E133523,Other specified diabetes mellitus with proliferative diabetic retinopathy with traction retinal detachment involving the macula bilateral
E133529,Other specified diabetes mellitus with proliferative diabetic retinopathy with traction retinal detachment involving the macula unspecified eye
E133531,Other specified diabetes mellitus with proliferative diabetic retinopathy with traction retinal detachment not involving the macula right eye
E133532,Other specified diabetes mellitus with proliferative diabetic retinopathy with traction retinal detachment not involving the macula left eye
E133533,Other specified diabetes mellitus with proliferative diabetic retinopathy with traction retinal detachment not involving the macula bilateral
E133539,Other specified diabetes mellitus with proliferative diabetic retinopathy with traction retinal detachment not involving the macula unspecified eye
E133541,Other specified diabetes mellitus with proliferative diabetic retinopathy with combined traction retinal detachment and rhegmatogenous retinal detachment right eye
E133542,Other specified diabetes mellitus with proliferative diabetic retinopathy with combined traction retinal detachment and rhegmatogenous retinal detachment left eye
E133543,Other specified diabetes mellitus with proliferative diabetic retinopathy with combined traction retinal detachment and rhegmatogenous retinal detachment bilateral
E133549,Other specified diabetes mellitus with proliferative diabetic retinopathy with combined traction retinal detachment and rhegmatogenous retinal detachment unspecified eye
E133551,Other specified diabetes mellitus with stable proliferative diabetic retinopathy right eye
E133552,Other specified diabetes mellitus with stable proliferative diabetic retinopathy left eye
E133553,Other specified diabetes mellitus with stable proliferative diabetic retinopathy bilateral
E133559,Other specified diabetes mellitus with stable proliferative diabetic retinopathy unspecified eye
E13359,Other specified diabetes mellitus with proliferative diabetic retinopathy without macular edema                                                                                                                                                                 
E133591,Other specified diabetes mellitus with proliferative diabetic retinopathy without macular edema right eye
E133592,Other specified diabetes mellitus with proliferative diabetic retinopathy without macular edema left eye
E133593,Other specified diabetes mellitus with proliferative diabetic retinopathy without macular edema bilateral
E133599,Other specified diabetes mellitus with proliferative diabetic retinopathy without macular edema unspecified eye
E1336,Other specified diabetes mellitus with diabetic cataract                                                                                                                                                                                                        
E1337X1,Other specified diabetes mellitus with diabetic macular edema resolved following treatment right eye
E1337X2,Other specified diabetes mellitus with diabetic macular edema resolved following treatment left eye
E1337X3,Other specified diabetes mellitus with diabetic macular edema resolved following treatment bilateral
E1337X9,Other specified diabetes mellitus with diabetic macular edema resolved following treatment unspecified eye
E1339,Other specified diabetes mellitus with other diabetic ophthalmic complication                                                                                                                                                                                   
E1340,Other specified diabetes mellitus with diabetic neuropathy unspecified                                                                                                                                                                                         
E1341,Other specified diabetes mellitus with diabetic mononeuropathy                                                                                                                                                                                                  
E1342,Other specified diabetes mellitus with diabetic polyneuropathy                                                                                                                                                                                                  
E1343,Other specified diabetes mellitus with diabetic autonomic (poly)neuropathy                                                                                                                                                                                      
E1344,Other specified diabetes mellitus with diabetic amyotrophy                                                                                                                                                                                                      
E1349,Other specified diabetes mellitus with other diabetic neurological complication                                                                                                                                                                                 
E1351,Other specified diabetes mellitus with diabetic peripheral angiopathy without gangrene                                                                                                                                                                          
E1352,Other specified diabetes mellitus with diabetic peripheral angiopathy with gangrene                                                                                                                                                                             
E1359,Other specified diabetes mellitus with other circulatory complications                                                                                                                                                                                          
E13610,Other specified diabetes mellitus with diabetic neuropathic arthropathy                                                                                                                                                                                         
E13618,Other specified diabetes mellitus with other diabetic arthropathy                                                                                                                                                                                               
E13620,Other specified diabetes mellitus with diabetic dermatitis                                                                                                                                                                                                      
E13621,Other specified diabetes mellitus with foot ulcer                                                                                                                                                                                                               
E13622,Other specified diabetes mellitus with other skin ulcer                                                                                                                                                                                                         
E13628,Other specified diabetes mellitus with other skin complications                                                                                                                                                                                                 
E13630,Other specified diabetes mellitus with periodontal disease                                                                                                                                                                                                      
E13638,Other specified diabetes mellitus with other oral complications                                                                                                                                                                                                 
E13641,Other specified diabetes mellitus with hypoglycemia with coma                                                                                                                                                                                                   
E13649,Other specified diabetes mellitus with hypoglycemia without coma                                                                                                                                                                                                
E1365,Other specified diabetes mellitus with hyperglycemia                                                                                                                                                                                                            
E1369,Other specified diabetes mellitus with other specified complication                                                                                                                                                                                             
E138,Other specified diabetes mellitus with unspecified complications                                                                                                                                                                                                
E139,Other specified diabetes mellitus without complications                                                                                                                                                                                                         
E15,Nondiabetic hypoglycemic coma
E160,Drug-induced hypoglycemia without coma
E161,Other hypoglycemia
E162,Hypoglycemia unspecified
E163,Increased secretion of glucagon
E164,Increased secretion of gastrin
E168,Other specified disorders of pancreatic internal secretion
E169,Disorder of pancreatic internal secretion unspecified
E200,Idiopathic hypoparathyroidism
E201,Pseudohypoparathyroidism
E208,Other hypoparathyroidism
E20810,Autosomal dominant hypocalcemia
E20811,Secondary hypoparathyroidism in diseases classified elsewhere
E20812,Autoimmune hypoparathyroidism
E20818,Other specified hypoparathyroidism due to impaired parathyroid hormone secretion
E20819,Hypoparathyroidism due to impaired parathyroid hormone secretion unspecified
E2089,Other specified hypoparathyroidism
E209,Hypoparathyroidism unspecified
E210,Primary hyperparathyroidism
E211,Secondary hyperparathyroidism not elsewhere classified
E212,Other hyperparathyroidism
E213,Hyperparathyroidism unspecified
E214,Other specified disorders of parathyroid gland
E215,Disorder of parathyroid gland unspecified
E220,Acromegaly and pituitary gigantism
E221,Hyperprolactinemia
E222,Syndrome of inappropriate secretion of antidiuretic hormone
E228,Other hyperfunction of pituitary gland
E229,Hyperfunction of pituitary gland unspecified
E230,Hypopituitarism
E231,Drug-induced hypopituitarism
E232,Diabetes insipidus
E233,Hypothalamic dysfunction not elsewhere classified
E236,Other disorders of pituitary gland
E237,Disorder of pituitary gland unspecified
E240,Pituitary-dependent Cushing's disease
E241,Nelson's syndrome
E242,Drug-induced Cushing's syndrome
E243,Ectopic ACTH syndrome
E244,Alcohol-induced pseudo-Cushing's syndrome
E248,Other Cushing's syndrome
E249,Cushing's syndrome unspecified
E250,Congenital adrenogenital disorders associated with enzyme deficiency
E258,Other adrenogenital disorders
E259,Adrenogenital disorder unspecified
E2601,Conn's syndrome
E2602,Glucocorticoid-remediable aldosteronism
E2609,Other primary hyperaldosteronism
E261,Secondary hyperaldosteronism
E2681,Bartter's syndrome
E2689,Other hyperaldosteronism
E269,Hyperaldosteronism unspecified
E270,Other adrenocortical overactivity
E271,Primary adrenocortical insufficiency
E272,Addisonian crisis
E273,Drug-induced adrenocortical insufficiency
E2740,Unspecified adrenocortical insufficiency
E2749,Other adrenocortical insufficiency
E275,Adrenomedullary hyperfunction
E278,Other specified disorders of adrenal gland
E279,Disorder of adrenal gland unspecified
E280,Estrogen excess
E281,Androgen excess
E282,Polycystic ovarian syndrome
E28310,Symptomatic premature menopause
E28319,Asymptomatic premature menopause
E2839,Other primary ovarian failure
E288,Other ovarian dysfunction
E289,Ovarian dysfunction unspecified
E290,Testicular hyperfunction
E291,Testicular hypofunction
E298,Other testicular dysfunction
E299,Testicular dysfunction unspecified
E300,Delayed puberty
E301,Precocious puberty
E308,Other disorders of puberty
E309,Disorder of puberty unspecified
E310,Autoimmune polyglandular failure
E311,Polyglandular hyperfunction
E3120,Multiple endocrine neoplasia [MEN] syndrome unspecified
E3121,Multiple endocrine neoplasia [MEN] type I
E3122,Multiple endocrine neoplasia [MEN] type IIA
E3123,Multiple endocrine neoplasia [MEN] type IIB
E318,Other polyglandular dysfunction
E319,Polyglandular dysfunction unspecified
E320,Persistent hyperplasia of thymus
E321,Abscess of thymus
E328,Other diseases of thymus
E329,Disease of thymus unspecified
E340,Carcinoid syndrome
E341,Other hypersecretion of intestinal hormones
E342,Ectopic hormone secretion not elsewhere classified
E343,Short stature due to endocrine disorder
E3430,Short stature due to endocrine disorder unspecified
E3431,Constitutional short stature
E34321,Primary insulin-like growth factor-1 (IGF-1) deficiency
E34322,Insulin-like growth factor-1 (IGF-1) resistance
E344,Constitutional tall stature
E3450,Androgen insensitivity syndrome unspecified
E3451,Complete androgen insensitivity syndrome
E3452,Partial androgen insensitivity syndrome
E348,Other specified endocrine disorders
E349,Endocrine disorder unspecified
E35,Disorders of endocrine glands in diseases classified elsewhere
E3601,Intraoperative hemorrhage and hematoma of an endocrine system organ or structure complicating an endocrine system procedure
E3602,Intraoperative hemorrhage and hematoma of an endocrine system organ or structure complicating other procedure
E3611,Accidental puncture and laceration of an endocrine system organ or structure during an endocrine system procedure
E3612,Accidental puncture and laceration of an endocrine system organ or structure during other procedure
E368,Other intraoperative complications of endocrine system
E40,Kwashiorkor
E41,Nutritional marasmus
E42,Marasmic kwashiorkor
E43,Unspecified severe protein-calorie malnutrition
E440,Moderate protein-calorie malnutrition
E441,Mild protein-calorie malnutrition
E45,Retarded development following protein-calorie malnutrition
E46,Unspecified protein-calorie malnutrition
E500,Vitamin A deficiency with conjunctival xerosis
E501,Vitamin A deficiency with Bitot's spot and conjunctival xerosis
E502,Vitamin A deficiency with corneal xerosis
E503,Vitamin A deficiency with corneal ulceration and xerosis
E504,Vitamin A deficiency with keratomalacia
E505,Vitamin A deficiency with night blindness
E506,Vitamin A deficiency with xerophthalmic scars of cornea
E507,Other ocular manifestations of vitamin A deficiency
E508,Other manifestations of vitamin A deficiency
E509,Vitamin A deficiency unspecified
E5111,Dry beriberi
E5112,Wet beriberi
E512,Wernicke's encephalopathy
E518,Other manifestations of thiamine deficiency
E519,Thiamine deficiency unspecified
E52,Niacin deficiency [pellagra]
E530,Riboflavin deficiency
E531,Pyridoxine deficiency
E538,Deficiency of other specified B group vitamins
E539,Vitamin B deficiency unspecified
E54,Ascorbic acid deficiency
E550,Rickets active
E559,Vitamin D deficiency unspecified
E560,Deficiency of vitamin E
E561,Deficiency of vitamin K
E568,Deficiency of other vitamins
E569,Vitamin deficiency unspecified
E58,Dietary calcium deficiency
E59,Dietary selenium deficiency
E60,Dietary zinc deficiency
E610,Copper deficiency
E611,Iron deficiency
E612,Magnesium deficiency
E613,Manganese deficiency
E614,Chromium deficiency
E615,Molybdenum deficiency
E616,Vanadium deficiency
E617,Deficiency of multiple nutrient elements
E618,Deficiency of other specified nutrient elements
E619,Deficiency of nutrient element unspecified
E630,Essential fatty acid [EFA] deficiency
E631,Imbalance of constituents of food intake
E638,Other specified nutritional deficiencies
E639,Nutritional deficiency unspecified
E640,Sequelae of protein-calorie malnutrition
E641,Sequelae of vitamin A deficiency
E642,Sequelae of vitamin C deficiency
E643,Sequelae of rickets
E648,Sequelae of other nutritional deficiencies
E649,Sequelae of unspecified nutritional deficiency
E65,Localized adiposity
E6601,Morbid (severe) obesity due to excess calories
E6609,Other obesity due to excess calories
E661,Drug-induced obesity
E662,Morbid (severe) obesity with alveolar hypoventilation
E663,Overweight
E668,Other obesity
E669,Obesity unspecified
E670,Hypervitaminosis A
E671,Hypercarotenemia
E672,Megavitamin-B6 syndrome
E673,Hypervitaminosis D
E678,Other specified hyperalimentation
E68,Sequelae of hyperalimentation
E700,Classical phenylketonuria
E701,Other hyperphenylalaninemias
E7020,Disorder of tyrosine metabolism unspecified
E7021,Tyrosinemia
E7029,Other disorders of tyrosine metabolism
E7030,Albinism unspecified
E70310,X-linked ocular albinism
E70311,Autosomal recessive ocular albinism
E70318,Other ocular albinism
E70319,Ocular albinism unspecified
E70320,Tyrosinase negative oculocutaneous albinism
E70321,Tyrosinase positive oculocutaneous albinism
E70328,Other oculocutaneous albinism
E70329,Oculocutaneous albinism unspecified
E70330,Chediak-Higashi syndrome
E70331,Hermansky-Pudlak syndrome
E70338,Other albinism with hematologic abnormality
E70339,Albinism with hematologic abnormality unspecified
E7039,Other specified albinism
E7040,Disorders of histidine metabolism unspecified
E7041,Histidinemia
E7049,Other disorders of histidine metabolism
E705,Disorders of tryptophan metabolism
E708,Other disorders of aromatic amino-acid metabolism
E7081,Aromatic L-amino acid decarboxylase deficiency
E7089,Other disorders of aromatic amino-acid metabolism
E709,Disorder of aromatic amino-acid metabolism unspecified
E710,Maple-syrup-urine disease
E71110,Isovaleric acidemia
E71111,3-methylglutaconic aciduria
E71118,Other branched-chain organic acidurias
E71120,Methylmalonic acidemia
E71121,Propionic acidemia
E71128,Other disorders of propionate metabolism
E7119,Other disorders of branched-chain amino-acid metabolism
E712,Disorder of branched-chain amino-acid metabolism unspecified
E7130,Disorder of fatty-acid metabolism unspecified                                                                                                                                                                                                                  
E71310,Long chain/very long chain acyl CoA dehydrogenase deficiency
E71311,Medium chain acyl CoA dehydrogenase deficiency
E71312,Short chain acyl CoA dehydrogenase deficiency
E71313,Glutaric aciduria type II
E71314,Muscle carnitine palmitoyltransferase deficiency
E71318,Other disorders of fatty-acid oxidation
E7132,Disorders of ketone metabolism
E7139,Other disorders of fatty-acid metabolism
E7140,Disorder of carnitine metabolism unspecified
E7141,Primary carnitine deficiency
E7142,Carnitine deficiency due to inborn errors of metabolism
E7143,Iatrogenic carnitine deficiency
E71440,Ruvalcaba-Myhre-Smith syndrome
E71448,Other secondary carnitine deficiency
E7150,Peroxisomal disorder unspecified
E71510,Zellweger syndrome
E71511,Neonatal adrenoleukodystrophy
E71518,Other disorders of peroxisome biogenesis
E71520,Childhood cerebral X-linked adrenoleukodystrophy
E71521,Adolescent X-linked adrenoleukodystrophy
E71522,Adrenomyeloneuropathy
E71528,Other X-linked adrenoleukodystrophy
E71529,X-linked adrenoleukodystrophy unspecified type
E7153,Other group 2 peroxisomal disorders
E71540,Rhizomelic chondrodysplasia punctata
E71541,Zellweger-like syndrome
E71542,Other group 3 peroxisomal disorders
E71548,Other peroxisomal disorders
E7200,Disorders of amino-acid transport unspecified
E7201,Cystinuria
E7202,Hartnup's disease
E7203,Lowe's syndrome
E7204,Cystinosis
E7209,Other disorders of amino-acid transport
E7210,Disorders of sulfur-bearing amino-acid metabolism unspecified
E7211,Homocystinuria
E7212,Methylenetetrahydrofolate reductase deficiency
E7219,Other disorders of sulfur-bearing amino-acid metabolism
E7220,Disorder of urea cycle metabolism unspecified
E7221,Argininemia
E7222,Arginosuccinic aciduria
E7223,Citrullinemia
E7229,Other disorders of urea cycle metabolism
E723,Disorders of lysine and hydroxylysine metabolism
E724,Disorders of ornithine metabolism
E7250,Disorder of glycine metabolism unspecified
E7251,Non-ketotic hyperglycinemia
E7252,Trimethylaminuria
E7253,Primary hyperoxaluria
E7259,Other disorders of glycine metabolism
E728,Other specified disorders of amino-acid metabolism
E7281,Disorders of gamma aminobutyric acid metabolism
E7289,Other specified disorders of amino-acid metabolism
E729,Disorder of amino-acid metabolism unspecified
E730,Congenital lactase deficiency
E731,Secondary lactase deficiency
E738,Other lactose intolerance
E739,Lactose intolerance unspecified
E7400,Glycogen storage disease unspecified
E7401,von Gierke disease
E7402,Pompe disease
E7403,Cori disease
E7404,McArdle disease
E7405,Lysosome-associated membrane protein 2 [LAMP2] deficiency
E7409,Other glycogen storage disease
E7410,Disorder of fructose metabolism unspecified
E7411,Essential fructosuria
E7412,Hereditary fructose intolerance
E7419,Other disorders of fructose metabolism
E7420,Disorders of galactose metabolism unspecified
E7421,Galactosemia
E7429,Other disorders of galactose metabolism
E7431,Sucrase-isomaltase deficiency
E7439,Other disorders of intestinal carbohydrate absorption
E744,Disorders of pyruvate metabolism and gluconeogenesis
E748,Other specified disorders of carbohydrate metabolism
E74810,Glucose transporter protein type 1 deficiency
E74818,Other disorders of glucose transport
E74819,Disorders of glucose transport unspecified
E7489,Other specified disorders of carbohydrate metabolism
E749,Disorder of carbohydrate metabolism unspecified
E7500,GM2 gangliosidosis unspecified
E7501,Sandhoff disease
E7502,Tay-Sachs disease
E7509,Other GM2 gangliosidosis
E7510,Unspecified gangliosidosis
E7511,Mucolipidosis IV
E7519,Other gangliosidosis
E7521,Fabry (-Anderson) disease                                                                                                                                                                                                                                       
E7522,Gaucher disease                                                                                                                                                                                                                                                 
E7523,Krabbe disease
E75240,Niemann-Pick disease type A                                                                                                                                                                                                                                     
E75241,Niemann-Pick disease type B                                                                                                                                                                                                                                     
E75242,Niemann-Pick disease type C                                                                                                                                                                                                                                     
E75243,Niemann-Pick disease type D                                                                                                                                                                                                                                     
E75244,Niemann-Pick disease type A/B
E75248,Other Niemann-Pick disease                                                                                                                                                                                                                                      
E75249,Niemann-Pick disease unspecified                                                                                                                                                                                                                               
E7525,Metachromatic leukodystrophy
E7526,Sulfatase deficiency
E7527,Pelizaeus-Merzbacher disease
E7528,Canavan disease
E7529,Other sphingolipidosis
E753,Sphingolipidosis unspecified                                                                                                                                                                                                                                   
E754,Neuronal ceroid lipofuscinosis
E755,Other lipid storage disorders                                                                                                                                                                                                                                   
E756,Lipid storage disorder unspecified                                                                                                                                                                                                                             
E7601,Hurler's syndrome
E7602,Hurler-Scheie syndrome
E7603,Scheie's syndrome
E761,Mucopolysaccharidosis type II
E76210,Morquio A mucopolysaccharidoses
E76211,Morquio B mucopolysaccharidoses
E76219,Morquio mucopolysaccharidoses unspecified
E7622,Sanfilippo mucopolysaccharidoses
E7629,Other mucopolysaccharidoses
E763,Mucopolysaccharidosis unspecified
E768,Other disorders of glucosaminoglycan metabolism
E769,Glucosaminoglycan metabolism disorder unspecified
E770,Defects in post-translational modification of lysosomal enzymes                                                                                                                                                                                                 
E771,Defects in glycoprotein degradation                                                                                                                                                                                                                             
E778,Other disorders of glycoprotein metabolism                                                                                                                                                                                                                      
E779,Disorder of glycoprotein metabolism unspecified                                                                                                                                                                                                                
E780,Pure hypercholesterolemia                                                                                                                                                                                                                                       
E7800,Pure hypercholesterolemia unspecified
E7801,Familial hypercholesterolemia
E781,Pure hyperglyceridemia                                                                                                                                                                                                                                          
E782,Mixed hyperlipidemia                                                                                                                                                                                                                                            
E783,Hyperchylomicronemia                                                                                                                                                                                                                                            
E784,
E7841,Elevated Lipoprotein(a)
E7849,Other hyperlipidemia
E785,Hyperlipidemia unspecified                                                                                                                                                                                                                                     
E786,Lipoprotein deficiency                                                                                                                                                                                                                                          
E7870,Disorder of bile acid and cholesterol metabolism unspecified                                                                                                                                                                                                   
E7871,Barth syndrome
E7872,Smith-Lemli-Opitz syndrome
E7879,Other disorders of bile acid and cholesterol metabolism                                                                                                                                                                                                         
E7881,Lipoid dermatoarthritis                                                                                                                                                                                                                                         
E7889,Other lipoprotein metabolism disorders                                                                                                                                                                                                                          
E789,Disorder of lipoprotein metabolism unspecified                                                                                                                                                                                                                 
E790,Hyperuricemia without signs of inflammatory arthritis and tophaceous disease
E791,Lesch-Nyhan syndrome
E792,Myoadenylate deaminase deficiency
E798,Other disorders of purine and pyrimidine metabolism
E7981,Aicardi-Goutieres syndrome
E7982,Hereditary xanthinuria
E7989,Other specified disorders of purine and pyrimidine metabolism
E799,Disorder of purine and pyrimidine metabolism unspecified
E800,Hereditary erythropoietic porphyria
E801,Porphyria cutanea tarda
E8020,Unspecified porphyria
E8021,Acute intermittent (hepatic) porphyria
E8029,Other porphyria
E803,Defects of catalase and peroxidase
E804,Gilbert syndrome
E805,Crigler-Najjar syndrome
E806,Other disorders of bilirubin metabolism
E807,Disorder of bilirubin metabolism unspecified
E8300,Disorder of copper metabolism unspecified
E8301,Wilson's disease
E8309,Other disorders of copper metabolism
E8310,Disorder of iron metabolism unspecified
E83110,Hereditary hemochromatosis
E83111,Hemochromatosis due to repeated red blood cell transfusions
E83118,Other hemochromatosis
E83119,Hemochromatosis unspecified
E8319,Other disorders of iron metabolism
E832,Disorders of zinc metabolism
E8330,Disorder of phosphorus metabolism unspecified
E8331,Familial hypophosphatemia
E8332,Hereditary vitamin D-dependent rickets (type 1) (type 2)
E8339,Other disorders of phosphorus metabolism
E8340,Disorders of magnesium metabolism unspecified
E8341,Hypermagnesemia
E8342,Hypomagnesemia
E8349,Other disorders of magnesium metabolism
E8350,Unspecified disorder of calcium metabolism
E8351,Hypocalcemia
E8352,Hypercalcemia
E8359,Other disorders of calcium metabolism
E8381,Hungry bone syndrome
E8389,Other disorders of mineral metabolism
E839,Disorder of mineral metabolism unspecified
E840,Cystic fibrosis with pulmonary manifestations
E8411,Meconium ileus in cystic fibrosis
E8419,Cystic fibrosis with other intestinal manifestations
E848,Cystic fibrosis with other manifestations
E849,Cystic fibrosis unspecified
E850,Non-neuropathic heredofamilial amyloidosis
E851,Neuropathic heredofamilial amyloidosis
E852,Heredofamilial amyloidosis unspecified
E853,Secondary systemic amyloidosis
E854,Organ-limited amyloidosis
E858,Other amyloidosis
E8581,Light chain (AL) amyloidosis
E8582,Wild-type transthyretin-related (ATTR) amyloidosis
E8589,Other amyloidosis
E859,Amyloidosis unspecified
E860,Dehydration
E861,Hypovolemia
E869,Volume depletion unspecified
E870,Hyperosmolality and hypernatremia
E871,Hypo-osmolality and hyponatremia
E872,Acidosis
E8720,Acidosis unspecified
E8721,Acute metabolic acidosis
E8722,Chronic metabolic acidosis
E8729,Other acidosis
E873,Alkalosis
E874,Mixed disorder of acid-base balance
E875,Hyperkalemia
E876,Hypokalemia
E8770,Fluid overload unspecified
E8771,Transfusion associated circulatory overload
E8779,Other fluid overload
E878,Other disorders of electrolyte and fluid balance not elsewhere classified
E8801,Alpha-1-antitrypsin deficiency
E8802,Plasminogen deficiency
E8809,Other disorders of plasma-protein metabolism not elsewhere classified
E881,Lipodystrophy not elsewhere classified 
E882,Lipomatosis not elsewhere classified     
E883,Tumor lysis syndrome
E8840,Mitochondrial metabolism disorder unspecified
E8841,MELAS syndrome
E8842,MERRF syndrome
E8843,Disorders of mitochondrial tRNA synthetases
E8849,Other mitochondrial metabolism disorders
E8881,Metabolic syndrome
E88810,Metabolic syndrome
E88811,Insulin resistance syndrome Type A
E88818,Other insulin resistance
E88819,Insulin resistance unspecified
E8889,Other specified metabolic disorders
E889,Metabolic disorder unspecified
E88A,Wasting disease (syndrome) due to underlying condition
E890,Postprocedural hypothyroidism  
E891,Postprocedural hypoinsulinemia
E892,Postprocedural hypoparathyroidism
E893,Postprocedural hypopituitarism
E8940,Asymptomatic postprocedural ovarian failure
E8941,Symptomatic postprocedural ovarian failure
E895,Postprocedural testicular hypofunction
E896,Postprocedural adrenocortical (-medullary) hypofunction
E89810,Postprocedural hemorrhage of an endocrine system organ or structure following an endocrine system procedure
E89811,Postprocedural hemorrhage of an endocrine system organ or structure following other procedure
E89820,Postprocedural hematoma of an endocrine system organ or structure following an endocrine system procedure
E89821,Postprocedural hematoma of an endocrine system organ or structure following other procedure
E89822,Postprocedural seroma of an endocrine system organ or structure following an endocrine system procedure
E89823,Postprocedural seroma of an endocrine system organ or structure following other procedure
E8989,Other postprocedural endocrine and metabolic complications and disorders
F0150,Vascular dementia unspecified severity without behavioral disturbance psychotic disturbance mood disturbance and anxiety
F0151,Vascular dementia with behavioral disturbance
F01511,Vascular dementia unspecified severity with agitation
F01518,Vascular dementia unspecified severity with other behavioral disturbance
F0152,Vascular dementia unspecified severity with psychotic disturbance
F0153,Vascular dementia unspecified severity with mood disturbance
F0154,Vascular dementia unspecified severity with anxiety
F01A0,Vascular dementia mild without behavioral disturbance psychotic disturbance mood disturbance and anxiety
F01A11,Vascular dementia mild with agitation
F01A18,Vascular dementia mild with other behavioral disturbance
F01A2,Vascular dementia mild with psychotic disturbance
F01A3,Vascular dementia mild with mood disturbance
F01A4,Vascular dementia mild with anxiety
F01B0,Vascular dementia moderate without behavioral disturbance psychotic disturbance mood disturbance and anxiety
F01B11,Vascular dementia moderate with agitation
F01B18,Vascular dementia moderate with other behavioral disturbance
F01B2,Vascular dementia moderate with psychotic disturbance
F01B3,Vascular dementia moderate with mood disturbance
F01B4,Vascular dementia moderate with anxiety
F01C0,Vascular dementia severe without behavioral disturbance psychotic disturbance mood disturbance and anxiety
F01C11,Vascular dementia severe with agitation
F01C18,Vascular dementia severe with other behavioral disturbance
F01C2,Vascular dementia severe with psychotic disturbance
F01C3,Vascular dementia severe with mood disturbance
F01C4,Vascular dementia severe with anxiety
F0280,Dementia in other diseases classified elsewhere unspecified severity without behavioral disturbance psychotic disturbance mood disturbance and anxiety
F0281,Dementia in other diseases classified elsewhere with behavioral disturbance
F02811,Dementia in other diseases classified elsewhere unspecified severity with agitation
F02818,Dementia in other diseases classified elsewhere unspecified severity with other behavioral disturbance
F0282,Dementia in other diseases classified elsewhere unspecified severity with psychotic disturbance
F0283,Dementia in other diseases classified elsewhere unspecified severity with mood disturbance
F0284,Dementia in other diseases classified elsewhere unspecified severity with anxiety
F02A0,Dementia in other diseases classified elsewhere mild without behavioral disturbance psychotic disturbance mood disturbance and anxiety
F02A11,Dementia in other diseases classified elsewhere mild with agitation
F02A18,Dementia in other diseases classified elsewhere mild with other behavioral disturbance
F02A2,Dementia in other diseases classified elsewhere mild with psychotic disturbance
F02A3,Dementia in other diseases classified elsewhere mild with mood disturbance
F02A4,Dementia in other diseases classified elsewhere mild with anxiety
F02B0,Dementia in other diseases classified elsewhere moderate without behavioral disturbance psychotic disturbance mood disturbance and anxiety
F02B11,Dementia in other diseases classified elsewhere moderate with agitation
F02B18,Dementia in other diseases classified elsewhere moderate with other behavioral disturbance
F02B2,Dementia in other diseases classified elsewhere moderate with psychotic disturbance
F02B3,Dementia in other diseases classified elsewhere moderate with mood disturbance
F02B4,Dementia in other diseases classified elsewhere moderate with anxiety
F02C0,Dementia in other diseases classified elsewhere severe without behavioral disturbance psychotic disturbance mood disturbance and anxiety
F02C11,Dementia in other diseases classified elsewhere severe with agitation
F02C18,Dementia in other diseases classified elsewhere severe with other behavioral disturbance
F02C2,Dementia in other diseases classified elsewhere severe with psychotic disturbance
F02C3,Dementia in other diseases classified elsewhere severe with mood disturbance
F02C4,Dementia in other diseases classified elsewhere severe with anxiety
F0390,Unspecified dementia unspecified severity without behavioral disturbance psychotic disturbance mood disturbance and anxiety
F0391,Unspecified dementia with behavioral disturbance
F03911,Unspecified dementia unspecified severity with agitation
F03918,Unspecified dementia unspecified severity with other behavioral disturbance
F0392,Unspecified dementia unspecified severity with psychotic disturbance
F0393,Unspecified dementia unspecified severity with mood disturbance
F0394,Unspecified dementia unspecified severity with anxiety
F03A0,Unspecified dementia mild without behavioral disturbance psychotic disturbance mood disturbance and anxiety
F03A11,Unspecified dementia mild with agitation
F03A18,Unspecified dementia mild with other behavioral disturbance
F03A2,Unspecified dementia mild with psychotic disturbance
F03A3,Unspecified dementia mild with mood disturbance
F03A4,Unspecified dementia mild with anxiety
F03B0,Unspecified dementia moderate without behavioral disturbance psychotic disturbance mood disturbance and anxiety
F03B11,Unspecified dementia moderate with agitation
F03B18,Unspecified dementia moderate with other behavioral disturbance
F03B2,Unspecified dementia moderate with psychotic disturbance
F03B3,Unspecified dementia moderate with mood disturbance
F03B4,Unspecified dementia moderate with anxiety
F03C0,Unspecified dementia severe without behavioral disturbance psychotic disturbance mood disturbance and anxiety
F03C11,Unspecified dementia severe with agitation
F03C18,Unspecified dementia severe with other behavioral disturbance
F03C2,Unspecified dementia severe with psychotic disturbance
F03C3,Unspecified dementia severe with mood disturbance
F03C4,Unspecified dementia severe with anxiety
F04,Amnestic disorder due to known physiological condition
F05,Delirium due to known physiological condition
F060,Psychotic disorder with hallucinations due to known physiological condition
F061,Catatonic disorder due to known physiological condition
F062,Psychotic disorder with delusions due to known physiological condition
F0630,Mood disorder due to known physiological condition unspecified
F0631,Mood disorder due to known physiological condition with depressive features
F0632,Mood disorder due to known physiological condition with major depressive-like episode
F0633,Mood disorder due to known physiological condition with manic features
F0634,Mood disorder due to known physiological condition with mixed features
F064,Anxiety disorder due to known physiological condition
F0670,Mild neurocognitive disorder due to known physiological condition without behavioral disturbance
F0671,Mild neurocognitive disorder due to known physiological condition with behavioral disturbance
F068,Other specified mental disorders due to known physiological condition
F070,Personality change due to known physiological condition
F0781,Postconcussional syndrome
F0789,Other personality and behavioral disorders due to known physiological condition
F079,Unspecified personality and behavioral disorder due to known physiological condition
F09,Unspecified mental disorder due to known physiological condition
F1010,Alcohol abuse uncomplicated
F1011,Alcohol abuse in remission
F10120,Alcohol abuse with intoxication uncomplicated
F10121,Alcohol abuse with intoxication delirium
F10129,Alcohol abuse with intoxication unspecified
F10130 ,Alcohol abuse with withdrawal uncomplicated 
F10131,Alcohol abuse with withdrawal delirium 
F10132,Alcohol abuse with withdrawal with perceptual disturbance
F10139,Alcohol abuse with withdrawal unspecified
F1014,Alcohol abuse with alcohol-induced mood disorder
F10150,Alcohol abuse with alcohol-induced psychotic disorder with delusions
F10151,Alcohol abuse with alcohol-induced psychotic disorder with hallucinations
F10159,Alcohol abuse with alcohol-induced psychotic disorder unspecified
F10180,Alcohol abuse with alcohol-induced anxiety disorder
F10181,Alcohol abuse with alcohol-induced sexual dysfunction
F10182,Alcohol abuse with alcohol-induced sleep disorder
F10188,Alcohol abuse with other alcohol-induced disorder
F1019,Alcohol abuse with unspecified alcohol-induced disorder
F1020,Alcohol dependence uncomplicated
F1021,Alcohol dependence in remission
F10220,Alcohol dependence with intoxication uncomplicated
F10221,Alcohol dependence with intoxication delirium
F10229,Alcohol dependence with intoxication unspecified
F10230,Alcohol dependence with withdrawal uncomplicated
F10231,Alcohol dependence with withdrawal delirium
F10232,Alcohol dependence with withdrawal with perceptual disturbance
F10239,Alcohol dependence with withdrawal unspecified
F1024,Alcohol dependence with alcohol-induced mood disorder
F10250,Alcohol dependence with alcohol-induced psychotic disorder with delusions
F10251,Alcohol dependence with alcohol-induced psychotic disorder with hallucinations
F10259,Alcohol dependence with alcohol-induced psychotic disorder unspecified
F1026,Alcohol dependence with alcohol-induced persisting amnestic disorder
F1027,Alcohol dependence with alcohol-induced persisting dementia
F10280,Alcohol dependence with alcohol-induced anxiety disorder
F10281,Alcohol dependence with alcohol-induced sexual dysfunction
F10282,Alcohol dependence with alcohol-induced sleep disorder
F10288,Alcohol dependence with other alcohol-induced disorder
F1029,Alcohol dependence with unspecified alcohol-induced disorder
F1090,Alcohol use unspecified uncomplicated
F1091,Alcohol use unspecified in remission
F10920,Alcohol use unspecified with intoxication uncomplicated
F10921,Alcohol use unspecified with intoxication delirium
F10929,Alcohol use unspecified with intoxication unspecified
F10930 ,Alcohol use unspecified with withdrawal uncomplicated 
F10931,Alcohol use unspecified with withdrawal delirium 
F10932,Alcohol use unspecified with withdrawal with perceptual disturbance
F10939,Alcohol use unspecified with withdrawal unspecified
F1094,Alcohol use unspecified with alcohol-induced mood disorder
F10950,Alcohol use unspecified with alcohol-induced psychotic disorder with delusions
F10951,Alcohol use unspecified with alcohol-induced psychotic disorder with hallucinations
F10959,Alcohol use unspecified with alcohol-induced psychotic disorder unspecified
F1096,Alcohol use unspecified with alcohol-induced persisting amnestic disorder
F1097,Alcohol use unspecified with alcohol-induced persisting dementia
F10980,Alcohol use unspecified with alcohol-induced anxiety disorder
F10981,Alcohol use unspecified with alcohol-induced sexual dysfunction
F10982,Alcohol use unspecified with alcohol-induced sleep disorder
F10988,Alcohol use unspecified with other alcohol-induced disorder
F1099,Alcohol use unspecified with unspecified alcohol-induced disorder
F1110,Opioid abuse uncomplicated
F1111,Opioid abuse in remission
F11120,Opioid abuse with intoxication uncomplicated
F11121,Opioid abuse with intoxication delirium
F11122,Opioid abuse with intoxication with perceptual disturbance
F11129,Opioid abuse with intoxication unspecified
F1113,Opioid abuse with withdrawal
F1114,Opioid abuse with opioid-induced mood disorder
F11150,Opioid abuse with opioid-induced psychotic disorder with delusions
F11151,Opioid abuse with opioid-induced psychotic disorder with hallucinations
F11159,Opioid abuse with opioid-induced psychotic disorder unspecified
F11181,Opioid abuse with opioid-induced sexual dysfunction
F11182,Opioid abuse with opioid-induced sleep disorder
F11188,Opioid abuse with other opioid-induced disorder
F1119,Opioid abuse with unspecified opioid-induced disorder
F1120,Opioid dependence uncomplicated
F1121,Opioid dependence in remission
F11220,Opioid dependence with intoxication uncomplicated
F11221,Opioid dependence with intoxication delirium
F11222,Opioid dependence with intoxication with perceptual disturbance
F11229,Opioid dependence with intoxication unspecified
F1123,Opioid dependence with withdrawal
F1124,Opioid dependence with opioid-induced mood disorder
F11250,Opioid dependence with opioid-induced psychotic disorder with delusions
F11251,Opioid dependence with opioid-induced psychotic disorder with hallucinations
F11259,Opioid dependence with opioid-induced psychotic disorder unspecified
F11281,Opioid dependence with opioid-induced sexual dysfunction
F11282,Opioid dependence with opioid-induced sleep disorder
F11288,Opioid dependence with other opioid-induced disorder
F1129,Opioid dependence with unspecified opioid-induced disorder
F1190,Opioid use unspecified uncomplicated
F1191,Opioid use unspecified in remission
F11920,Opioid use unspecified with intoxication uncomplicated
F11921,Opioid use unspecified with intoxication delirium
F11922,Opioid use unspecified with intoxication with perceptual disturbance
F11929,Opioid use unspecified with intoxication unspecified
F1193,Opioid use unspecified with withdrawal
F1194,Opioid use unspecified with opioid-induced mood disorder
F11950,Opioid use unspecified with opioid-induced psychotic disorder with delusions
F11951,Opioid use unspecified with opioid-induced psychotic disorder with hallucinations
F11959,Opioid use unspecified with opioid-induced psychotic disorder unspecified
F11981,Opioid use unspecified with opioid-induced sexual dysfunction
F11982,Opioid use unspecified with opioid-induced sleep disorder
F11988,Opioid use unspecified with other opioid-induced disorder
F1199,Opioid use unspecified with unspecified opioid-induced disorder
F1210,Cannabis abuse uncomplicated
F1211,Cannabis abuse in remission
F12120,Cannabis abuse with intoxication uncomplicated
F12121,Cannabis abuse with intoxication delirium
F12122,Cannabis abuse with intoxication with perceptual disturbance
F12129,Cannabis abuse with intoxication unspecified
F1213,Cannabis abuse with withdrawal
F12150,Cannabis abuse with psychotic disorder with delusions
F12151,Cannabis abuse with psychotic disorder with hallucinations
F12159,Cannabis abuse with psychotic disorder unspecified
F12180,Cannabis abuse with cannabis-induced anxiety disorder
F12188,Cannabis abuse with other cannabis-induced disorder
F1219,Cannabis abuse with unspecified cannabis-induced disorder
F1220,Cannabis dependence uncomplicated
F1221,Cannabis dependence in remission
F12220,Cannabis dependence with intoxication uncomplicated
F12221,Cannabis dependence with intoxication delirium
F12222,Cannabis dependence with intoxication with perceptual disturbance
F12229,Cannabis dependence with intoxication unspecified
F1223,Cannabis dependence with withdrawal
F12250,Cannabis dependence with psychotic disorder with delusions
F12251,Cannabis dependence with psychotic disorder with hallucinations
F12259,Cannabis dependence with psychotic disorder unspecified
F12280,Cannabis dependence with cannabis-induced anxiety disorder
F12288,Cannabis dependence with other cannabis-induced disorder
F1229,Cannabis dependence with unspecified cannabis-induced disorder
F1290,Cannabis use unspecified uncomplicated
F1291,Cannabis use unspecified in remission
F12920,Cannabis use unspecified with intoxication uncomplicated
F12921,Cannabis use unspecified with intoxication delirium
F12922,Cannabis use unspecified with intoxication with perceptual disturbance
F12929,Cannabis use unspecified with intoxication unspecified
F1293,Cannabis use unspecified with withdrawal
F12950,Cannabis use unspecified with psychotic disorder with delusions
F12951,Cannabis use unspecified with psychotic disorder with hallucinations
F12959,Cannabis use unspecified with psychotic disorder unspecified
F12980,Cannabis use unspecified with anxiety disorder
F12988,Cannabis use unspecified with other cannabis-induced disorder
F1299,Cannabis use unspecified with unspecified cannabis-induced disorder
F1310,Sedative hypnotic or anxiolytic abuse uncomplicated
F1311,Sedative hypnotic or anxiolytic abuse in remission
F13120,Sedative hypnotic or anxiolytic abuse with intoxication uncomplicated
F13121,Sedative hypnotic or anxiolytic abuse with intoxication delirium
F13129,Sedative hypnotic or anxiolytic abuse with intoxication unspecified
F13130,Sedative hypnotic or anxiolytic abuse with withdrawal uncomplicated
F13131,Sedative hypnotic or anxiolytic abuse with withdrawal delirium
F13132,Sedative hypnotic or anxiolytic abuse with withdrawal with perceptual disturbance
F13139,Sedative hypnotic or anxiolytic abuse with withdrawal unspecified
F1314,Sedative hypnotic or anxiolytic abuse with sedative hypnotic or anxiolytic-induced mood disorder
F13150,Sedative hypnotic or anxiolytic abuse with sedative hypnotic or anxiolytic-induced psychotic disorder with delusions
F13151,Sedative hypnotic or anxiolytic abuse with sedative hypnotic or anxiolytic-induced psychotic disorder with hallucinations
F13159,Sedative hypnotic or anxiolytic abuse with sedative hypnotic or anxiolytic-induced psychotic disorder unspecified
F13180,Sedative hypnotic or anxiolytic abuse with sedative hypnotic or anxiolytic-induced anxiety disorder
F13181,Sedative hypnotic or anxiolytic abuse with sedative hypnotic or anxiolytic-induced sexual dysfunction
F13182,Sedative hypnotic or anxiolytic abuse with sedative hypnotic or anxiolytic-induced sleep disorder
F13188,Sedative hypnotic or anxiolytic abuse with other sedative hypnotic or anxiolytic-induced disorder
F1319,Sedative hypnotic or anxiolytic abuse with unspecified sedative hypnotic or anxiolytic-induced disorder
F1320,Sedative hypnotic or anxiolytic dependence uncomplicated
F1321,Sedative hypnotic or anxiolytic dependence in remission
F13220,Sedative hypnotic or anxiolytic dependence with intoxication uncomplicated
F13221,Sedative hypnotic or anxiolytic dependence with intoxication delirium
F13229,Sedative hypnotic or anxiolytic dependence with intoxication unspecified
F13230,Sedative hypnotic or anxiolytic dependence with withdrawal uncomplicated
F13231,Sedative hypnotic or anxiolytic dependence with withdrawal delirium
F13232,Sedative hypnotic or anxiolytic dependence with withdrawal with perceptual disturbance
F13239,Sedative hypnotic or anxiolytic dependence with withdrawal unspecified
F1324,Sedative hypnotic or anxiolytic dependence with sedative hypnotic or anxiolytic-induced mood disorder
F13250,Sedative hypnotic or anxiolytic dependence with sedative hypnotic or anxiolytic-induced psychotic disorder with delusions
F13251,Sedative hypnotic or anxiolytic dependence with sedative hypnotic or anxiolytic-induced psychotic disorder with hallucinations
F13259,Sedative hypnotic or anxiolytic dependence with sedative hypnotic or anxiolytic-induced psychotic disorder unspecified
F1326,Sedative hypnotic or anxiolytic dependence with sedative hypnotic or anxiolytic-induced persisting amnestic disorder
F1327,Sedative hypnotic or anxiolytic dependence with sedative hypnotic or anxiolytic-induced persisting dementia
F13280,Sedative hypnotic or anxiolytic dependence with sedative hypnotic or anxiolytic-induced anxiety disorder
F13281,Sedative hypnotic or anxiolytic dependence with sedative hypnotic or anxiolytic-induced sexual dysfunction
F13282,Sedative hypnotic or anxiolytic dependence with sedative hypnotic or anxiolytic-induced sleep disorder
F13288,Sedative hypnotic or anxiolytic dependence with other sedative hypnotic or anxiolytic-induced disorder
F1329,Sedative hypnotic or anxiolytic dependence with unspecified sedative hypnotic or anxiolytic-induced disorder
F1390,Sedative hypnotic or anxiolytic use unspecified uncomplicated
F1391,Sedative hypnotic or anxiolytic use unspecified in remission
F13920,Sedative hypnotic or anxiolytic use unspecified with intoxication uncomplicated
F13921,Sedative hypnotic or anxiolytic use unspecified with intoxication delirium
F13929,Sedative hypnotic or anxiolytic use unspecified with intoxication unspecified
F13930,Sedative hypnotic or anxiolytic use unspecified with withdrawal uncomplicated
F13931,Sedative hypnotic or anxiolytic use unspecified with withdrawal delirium
F13932,Sedative hypnotic or anxiolytic use unspecified with withdrawal with perceptual disturbances
F13939,Sedative hypnotic or anxiolytic use unspecified with withdrawal unspecified
F1394,Sedative hypnotic or anxiolytic use unspecified with sedative hypnotic or anxiolytic-induced mood disorder
F13950,Sedative hypnotic or anxiolytic use unspecified with sedative hypnotic or anxiolytic-induced psychotic disorder with delusions
F13951,Sedative hypnotic or anxiolytic use unspecified with sedative hypnotic or anxiolytic-induced psychotic disorder with hallucinations
F13959,Sedative hypnotic or anxiolytic use unspecified with sedative hypnotic or anxiolytic-induced psychotic disorder unspecified
F1396,Sedative hypnotic or anxiolytic use unspecified with sedative hypnotic or anxiolytic-induced persisting amnestic disorder
F1397,Sedative hypnotic or anxiolytic use unspecified with sedative hypnotic or anxiolytic-induced persisting dementia
F13980,Sedative hypnotic or anxiolytic use unspecified with sedative hypnotic or anxiolytic-induced anxiety disorder
F13981,Sedative hypnotic or anxiolytic use unspecified with sedative hypnotic or anxiolytic-induced sexual dysfunction
F13982,Sedative hypnotic or anxiolytic use unspecified with sedative hypnotic or anxiolytic-induced sleep disorder
F13988,Sedative hypnotic or anxiolytic use unspecified with other sedative hypnotic or anxiolytic-induced disorder
F1399,Sedative hypnotic or anxiolytic use unspecified with unspecified sedative hypnotic or anxiolytic-induced disorder
F1410,Cocaine abuse uncomplicated
F1411,Cocaine abuse in remission
F14120,Cocaine abuse with intoxication uncomplicated
F14121,Cocaine abuse with intoxication with delirium
F14122,Cocaine abuse with intoxication with perceptual disturbance
F14129,Cocaine abuse with intoxication unspecified
F1413,Cocaine abuse unspecified with withdrawal
F1414,Cocaine abuse with cocaine-induced mood disorder
F14150,Cocaine abuse with cocaine-induced psychotic disorder with delusions
F14151,Cocaine abuse with cocaine-induced psychotic disorder with hallucinations
F14159,Cocaine abuse with cocaine-induced psychotic disorder unspecified
F14180,Cocaine abuse with cocaine-induced anxiety disorder
F14181,Cocaine abuse with cocaine-induced sexual dysfunction
F14182,Cocaine abuse with cocaine-induced sleep disorder
F14188,Cocaine abuse with other cocaine-induced disorder
F1419,Cocaine abuse with unspecified cocaine-induced disorder
F1420,Cocaine dependence uncomplicated
F1421,Cocaine dependence in remission
F14220,Cocaine dependence with intoxication uncomplicated
F14221,Cocaine dependence with intoxication delirium
F14222,Cocaine dependence with intoxication with perceptual disturbance
F14229,Cocaine dependence with intoxication unspecified
F1423,Cocaine dependence with withdrawal
F1424,Cocaine dependence with cocaine-induced mood disorder
F14250,Cocaine dependence with cocaine-induced psychotic disorder with delusions
F14251,Cocaine dependence with cocaine-induced psychotic disorder with hallucinations
F14259,Cocaine dependence with cocaine-induced psychotic disorder unspecified
F14280,Cocaine dependence with cocaine-induced anxiety disorder
F14281,Cocaine dependence with cocaine-induced sexual dysfunction
F14282,Cocaine dependence with cocaine-induced sleep disorder
F14288,Cocaine dependence with other cocaine-induced disorder
F1429,Cocaine dependence with unspecified cocaine-induced disorder
F1490,Cocaine use unspecified uncomplicated
F1491,Cocaine use unspecified in remission
F14920,Cocaine use unspecified with intoxication uncomplicated
F14921,Cocaine use unspecified with intoxication delirium
F14922,Cocaine use unspecified with intoxication with perceptual disturbance
F14929,Cocaine use unspecified with intoxication unspecified
F1493,Cocaine use unspecified with withdrawal
F1494,Cocaine use unspecified with cocaine-induced mood disorder
F14950,Cocaine use unspecified with cocaine-induced psychotic disorder with delusions
F14951,Cocaine use unspecified with cocaine-induced psychotic disorder with hallucinations
F14959,Cocaine use unspecified with cocaine-induced psychotic disorder unspecified
F14980,Cocaine use unspecified with cocaine-induced anxiety disorder
F14981,Cocaine use unspecified with cocaine-induced sexual dysfunction
F14982,Cocaine use unspecified with cocaine-induced sleep disorder
F14988,Cocaine use unspecified with other cocaine-induced disorder
F1499,Cocaine use unspecified with unspecified cocaine-induced disorder
F1510,Other stimulant abuse uncomplicated
F1511,Other stimulant abuse in remission
F15120,Other stimulant abuse with intoxication uncomplicated
F15121,Other stimulant abuse with intoxication delirium
F15122,Other stimulant abuse with intoxication with perceptual disturbance
F15129,Other stimulant abuse with intoxication unspecified
F1513,Other stimulant abuse with withdrawal 
F1514,Other stimulant abuse with stimulant-induced mood disorder
F15150,Other stimulant abuse with stimulant-induced psychotic disorder with delusions
F15151,Other stimulant abuse with stimulant-induced psychotic disorder with hallucinations
F15159,Other stimulant abuse with stimulant-induced psychotic disorder unspecified
F15180,Other stimulant abuse with stimulant-induced anxiety disorder
F15181,Other stimulant abuse with stimulant-induced sexual dysfunction
F15182,Other stimulant abuse with stimulant-induced sleep disorder
F15188,Other stimulant abuse with other stimulant-induced disorder
F1519,Other stimulant abuse with unspecified stimulant-induced disorder
F1520,Other stimulant dependence uncomplicated
F1521,Other stimulant dependence in remission
F15220,Other stimulant dependence with intoxication uncomplicated
F15221,Other stimulant dependence with intoxication delirium
F15222,Other stimulant dependence with intoxication with perceptual disturbance
F15229,Other stimulant dependence with intoxication unspecified
F1523,Other stimulant dependence with withdrawal
F1524,Other stimulant dependence with stimulant-induced mood disorder
F15250,Other stimulant dependence with stimulant-induced psychotic disorder with delusions
F15251,Other stimulant dependence with stimulant-induced psychotic disorder with hallucinations
F15259,Other stimulant dependence with stimulant-induced psychotic disorder unspecified
F15280,Other stimulant dependence with stimulant-induced anxiety disorder
F15281,Other stimulant dependence with stimulant-induced sexual dysfunction
F15282,Other stimulant dependence with stimulant-induced sleep disorder
F15288,Other stimulant dependence with other stimulant-induced disorder
F1529,Other stimulant dependence with unspecified stimulant-induced disorder
F1590,Other stimulant use unspecified uncomplicated
F1591,Other stimulant use unspecified in remission
F15920,Other stimulant use unspecified with intoxication uncomplicated
F15921,Other stimulant use unspecified with intoxication delirium
F15922,Other stimulant use unspecified with intoxication with perceptual disturbance
F15929,Other stimulant use unspecified with intoxication unspecified
F1593,Other stimulant use unspecified with withdrawal
F1594,Other stimulant use unspecified with stimulant-induced mood disorder
F15950,Other stimulant use unspecified with stimulant-induced psychotic disorder with delusions
F15951,Other stimulant use unspecified with stimulant-induced psychotic disorder with hallucinations
F15959,Other stimulant use unspecified with stimulant-induced psychotic disorder unspecified
F15980,Other stimulant use unspecified with stimulant-induced anxiety disorder
F15981,Other stimulant use unspecified with stimulant-induced sexual dysfunction
F15982,Other stimulant use unspecified with stimulant-induced sleep disorder
F15988,Other stimulant use unspecified with other stimulant-induced disorder
F1599,Other stimulant use unspecified with unspecified stimulant-induced disorder
F1610,Hallucinogen abuse uncomplicated
F1611,Hallucinogen abuse in remission
F16120,Hallucinogen abuse with intoxication uncomplicated
F16121,Hallucinogen abuse with intoxication with delirium
F16122,Hallucinogen abuse with intoxication with perceptual disturbance
F16129,Hallucinogen abuse with intoxication unspecified
F1614,Hallucinogen abuse with hallucinogen-induced mood disorder
F16150,Hallucinogen abuse with hallucinogen-induced psychotic disorder with delusions
F16151,Hallucinogen abuse with hallucinogen-induced psychotic disorder with hallucinations
F16159,Hallucinogen abuse with hallucinogen-induced psychotic disorder unspecified
F16180,Hallucinogen abuse with hallucinogen-induced anxiety disorder
F16183,Hallucinogen abuse with hallucinogen persisting perception disorder (flashbacks)
F16188,Hallucinogen abuse with other hallucinogen-induced disorder
F1619,Hallucinogen abuse with unspecified hallucinogen-induced disorder
F1620,Hallucinogen dependence uncomplicated
F1621,Hallucinogen dependence in remission
F16220,Hallucinogen dependence with intoxication uncomplicated
F16221,Hallucinogen dependence with intoxication with delirium
F16229,Hallucinogen dependence with intoxication unspecified
F1624,Hallucinogen dependence with hallucinogen-induced mood disorder
F16250,Hallucinogen dependence with hallucinogen-induced psychotic disorder with delusions
F16251,Hallucinogen dependence with hallucinogen-induced psychotic disorder with hallucinations
F16259,Hallucinogen dependence with hallucinogen-induced psychotic disorder unspecified
F16280,Hallucinogen dependence with hallucinogen-induced anxiety disorder
F16283,Hallucinogen dependence with hallucinogen persisting perception disorder (flashbacks)
F16288,Hallucinogen dependence with other hallucinogen-induced disorder
F1629,Hallucinogen dependence with unspecified hallucinogen-induced disorder
F1690,Hallucinogen use unspecified uncomplicated
F1691,Hallucinogen use unspecified in remission
F16920,Hallucinogen use unspecified with intoxication uncomplicated
F16921,Hallucinogen use unspecified with intoxication with delirium
F16929,Hallucinogen use unspecified with intoxication unspecified
F1694,Hallucinogen use unspecified with hallucinogen-induced mood disorder
F16950,Hallucinogen use unspecified with hallucinogen-induced psychotic disorder with delusions
F16951,Hallucinogen use unspecified with hallucinogen-induced psychotic disorder with hallucinations
F16959,Hallucinogen use unspecified with hallucinogen-induced psychotic disorder unspecified
F16980,Hallucinogen use unspecified with hallucinogen-induced anxiety disorder
F16983,Hallucinogen use unspecified with hallucinogen persisting perception disorder (flashbacks)
F16988,Hallucinogen use unspecified with other hallucinogen-induced disorder
F1699,Hallucinogen use unspecified with unspecified hallucinogen-induced disorder
F17200,Nicotine dependence unspecified uncomplicated  
F17201,Nicotine dependence unspecified in remission 
F17203,Nicotine dependence unspecified with withdrawal
F17208,Nicotine dependence unspecified with other nicotine-induced disorders
F17209,Nicotine dependence unspecified with unspecified nicotine-induced disorders
F17210,Nicotine dependence cigarettes uncomplicated   
F17211,Nicotine dependence cigarettes in remission    
F17213,Nicotine dependence cigarettes with withdrawal
F17218,Nicotine dependence cigarettes with other nicotine-induced disorders
F17219,Nicotine dependence cigarettes with unspecified nicotine-induced disorders
F17220,Nicotine dependence chewing tobacco uncomplicated   
F17221,Nicotine dependence chewing tobacco in remission  
F17223,Nicotine dependence chewing tobacco with withdrawal
F17228,Nicotine dependence chewing tobacco with other nicotine-induced disorders
F17229,Nicotine dependence chewing tobacco with unspecified nicotine-induced disorders
F17290,Nicotine dependence other tobacco product uncomplicated   
F17291,Nicotine dependence other tobacco product in remission   
F17293,Nicotine dependence other tobacco product with withdrawal
F17298,Nicotine dependence other tobacco product with other nicotine-induced disorders
F17299,Nicotine dependence other tobacco product with unspecified nicotine-induced disorders
F1810,Inhalant abuse uncomplicated
F1811,Inhalant abuse in remission
F18120,Inhalant abuse with intoxication uncomplicated
F18121,Inhalant abuse with intoxication delirium
F18129,Inhalant abuse with intoxication unspecified
F1814,Inhalant abuse with inhalant-induced mood disorder
F18150,Inhalant abuse with inhalant-induced psychotic disorder with delusions
F18151,Inhalant abuse with inhalant-induced psychotic disorder with hallucinations
F18159,Inhalant abuse with inhalant-induced psychotic disorder unspecified
F1817,Inhalant abuse with inhalant-induced dementia
F18180,Inhalant abuse with inhalant-induced anxiety disorder
F18188,Inhalant abuse with other inhalant-induced disorder
F1819,Inhalant abuse with unspecified inhalant-induced disorder
F1820,Inhalant dependence uncomplicated
F1821,Inhalant dependence in remission
F18220,Inhalant dependence with intoxication uncomplicated
F18221,Inhalant dependence with intoxication delirium
F18229,Inhalant dependence with intoxication unspecified
F1824,Inhalant dependence with inhalant-induced mood disorder
F18250,Inhalant dependence with inhalant-induced psychotic disorder with delusions
F18251,Inhalant dependence with inhalant-induced psychotic disorder with hallucinations
F18259,Inhalant dependence with inhalant-induced psychotic disorder unspecified
F1827,Inhalant dependence with inhalant-induced dementia
F18280,Inhalant dependence with inhalant-induced anxiety disorder
F18288,Inhalant dependence with other inhalant-induced disorder
F1829,Inhalant dependence with unspecified inhalant-induced disorder
F1890,Inhalant use unspecified uncomplicated
F1891,Inhalant use unspecified in remission
F18920,Inhalant use unspecified with intoxication uncomplicated
F18921,Inhalant use unspecified with intoxication with delirium
F18929,Inhalant use unspecified with intoxication unspecified
F1894,Inhalant use unspecified with inhalant-induced mood disorder
F18950,Inhalant use unspecified with inhalant-induced psychotic disorder with delusions
F18951,Inhalant use unspecified with inhalant-induced psychotic disorder with hallucinations
F18959,Inhalant use unspecified with inhalant-induced psychotic disorder unspecified
F1897,Inhalant use unspecified with inhalant-induced persisting dementia
F18980,Inhalant use unspecified with inhalant-induced anxiety disorder
F18988,Inhalant use unspecified with other inhalant-induced disorder
F1899,Inhalant use unspecified with unspecified inhalant-induced disorder
F1910,Other psychoactive substance abuse uncomplicated
F1911,Other psychoactive substance abuse in remission
F19120,Other psychoactive substance abuse with intoxication uncomplicated
F19121,Other psychoactive substance abuse with intoxication delirium
F19122,Other psychoactive substance abuse with intoxication with perceptual disturbances
F19129,Other psychoactive substance abuse with intoxication unspecified
F19130,Other psychoactive substance abuse with withdrawal uncomplicated
F19131,Other psychoactive substance abuse with withdrawal delirium
F19132,Other psychoactive substance abuse with withdrawal with perceptual disturbance
F19139,Other psychoactive substance abuse with withdrawal unspecified
F1914,Other psychoactive substance abuse with psychoactive substance-induced mood disorder
F19150,Other psychoactive substance abuse with psychoactive substance-induced psychotic disorder with delusions
F19151,Other psychoactive substance abuse with psychoactive substance-induced psychotic disorder with hallucinations
F19159,Other psychoactive substance abuse with psychoactive substance-induced psychotic disorder unspecified
F1916,Other psychoactive substance abuse with psychoactive substance-induced persisting amnestic disorder
F1917,Other psychoactive substance abuse with psychoactive substance-induced persisting dementia
F19180,Other psychoactive substance abuse with psychoactive substance-induced anxiety disorder
F19181,Other psychoactive substance abuse with psychoactive substance-induced sexual dysfunction
F19182,Other psychoactive substance abuse with psychoactive substance-induced sleep disorder
F19188,Other psychoactive substance abuse with other psychoactive substance-induced disorder
F1919,Other psychoactive substance abuse with unspecified psychoactive substance-induced disorder
F1920,Other psychoactive substance dependence uncomplicated
F1921,Other psychoactive substance dependence in remission
F19220,Other psychoactive substance dependence with intoxication uncomplicated
F19221,Other psychoactive substance dependence with intoxication delirium
F19222,Other psychoactive substance dependence with intoxication with perceptual disturbance
F19229,Other psychoactive substance dependence with intoxication unspecified
F19230,Other psychoactive substance dependence with withdrawal uncomplicated
F19231,Other psychoactive substance dependence with withdrawal delirium
F19232,Other psychoactive substance dependence with withdrawal with perceptual disturbance
F19239,Other psychoactive substance dependence with withdrawal unspecified
F1924,Other psychoactive substance dependence with psychoactive substance-induced mood disorder
F19250,Other psychoactive substance dependence with psychoactive substance-induced psychotic disorder with delusions
F19251,Other psychoactive substance dependence with psychoactive substance-induced psychotic disorder with hallucinations
F19259,Other psychoactive substance dependence with psychoactive substance-induced psychotic disorder unspecified
F1926,Other psychoactive substance dependence with psychoactive substance-induced persisting amnestic disorder
F1927,Other psychoactive substance dependence with psychoactive substance-induced persisting dementia
F19280,Other psychoactive substance dependence with psychoactive substance-induced anxiety disorder
F19281,Other psychoactive substance dependence with psychoactive substance-induced sexual dysfunction
F19282,Other psychoactive substance dependence with psychoactive substance-induced sleep disorder
F19288,Other psychoactive substance dependence with other psychoactive substance-induced disorder
F1929,Other psychoactive substance dependence with unspecified psychoactive substance-induced disorder
F1990,Other psychoactive substance use unspecified uncomplicated
F1991,Other psychoactive substance use unspecified in remission
F19920,Other psychoactive substance use unspecified with intoxication uncomplicated
F19921,Other psychoactive substance use unspecified with intoxication with delirium
F19922,Other psychoactive substance use unspecified with intoxication with perceptual disturbance
F19929,Other psychoactive substance use unspecified with intoxication unspecified
F19930,Other psychoactive substance use unspecified with withdrawal uncomplicated
F19931,Other psychoactive substance use unspecified with withdrawal delirium
F19932,Other psychoactive substance use unspecified with withdrawal with perceptual disturbance
F19939,Other psychoactive substance use unspecified with withdrawal unspecified
F1994,Other psychoactive substance use unspecified with psychoactive substance-induced mood disorder
F19950,Other psychoactive substance use unspecified with psychoactive substance-induced psychotic disorder with delusions
F19951,Other psychoactive substance use unspecified with psychoactive substance-induced psychotic disorder with hallucinations
F19959,Other psychoactive substance use unspecified with psychoactive substance-induced psychotic disorder unspecified
F1996,Other psychoactive substance use unspecified with psychoactive substance-induced persisting amnestic disorder
F1997,Other psychoactive substance use unspecified with psychoactive substance-induced persisting dementia
F19980,Other psychoactive substance use unspecified with psychoactive substance-induced anxiety disorder
F19981,Other psychoactive substance use unspecified with psychoactive substance-induced sexual dysfunction
F19982,Other psychoactive substance use unspecified with psychoactive substance-induced sleep disorder
F19988,Other psychoactive substance use unspecified with other psychoactive substance-induced disorder
F1999,Other psychoactive substance use unspecified with unspecified psychoactive substance-induced disorder
F200,Paranoid schizophrenia
F201,Disorganized schizophrenia
F202,Catatonic schizophrenia
F203,Undifferentiated schizophrenia
F205,Residual schizophrenia
F2081,Schizophreniform disorder
F2089,Other schizophrenia
F209,Schizophrenia unspecified
F21,Schizotypal disorder
F22,Delusional disorders
F23,Brief psychotic disorder
F24,Shared psychotic disorder
F250,Schizoaffective disorder bipolar type
F251,Schizoaffective disorder depressive type
F258,Other schizoaffective disorders
F259,Schizoaffective disorder unspecified
F28,Other psychotic disorder not due to a substance or known physiological condition
F29,Unspecified psychosis not due to a substance or known physiological condition
F3010,Manic episode without psychotic symptoms unspecified
F3011,Manic episode without psychotic symptoms mild
F3012,Manic episode without psychotic symptoms moderate
F3013,Manic episode severe without psychotic symptoms
F302,Manic episode severe with psychotic symptoms
F303,Manic episode in partial remission
F304,Manic episode in full remission
F308,Other manic episodes
F309,Manic episode unspecified
F310,Bipolar disorder current episode hypomanic
F3110,Bipolar disorder current episode manic without psychotic features unspecified
F3111,Bipolar disorder current episode manic without psychotic features mild
F3112,Bipolar disorder current episode manic without psychotic features moderate
F3113,Bipolar disorder current episode manic without psychotic features severe
F312,Bipolar disorder current episode manic severe with psychotic features
F3130,Bipolar disorder current episode depressed mild or moderate severity unspecified
F3131,Bipolar disorder current episode depressed mild
F3132,Bipolar disorder current episode depressed moderate
F314,Bipolar disorder current episode depressed severe without psychotic features
F315,Bipolar disorder current episode depressed severe with psychotic features
F3160,Bipolar disorder current episode mixed unspecified
F3161,Bipolar disorder current episode mixed mild
F3162,Bipolar disorder current episode mixed moderate
F3163,Bipolar disorder current episode mixed severe without psychotic features
F3164,Bipolar disorder current episode mixed severe with psychotic features
F3170,Bipolar disorder currently in remission most recent episode unspecified
F3171,Bipolar disorder in partial remission most recent episode hypomanic
F3172,Bipolar disorder in full remission most recent episode hypomanic
F3173,Bipolar disorder in partial remission most recent episode manic
F3174,Bipolar disorder in full remission most recent episode manic
F3175,Bipolar disorder in partial remission most recent episode depressed
F3176,Bipolar disorder in full remission most recent episode depressed
F3177,Bipolar disorder in partial remission most recent episode mixed
F3178,Bipolar disorder in full remission most recent episode mixed
F3181,Bipolar II disorder
F3189,Other bipolar disorder
F319,Bipolar disorder unspecified
F320,Major depressive disorder single episode mild
F321,Major depressive disorder single episode moderate
F322,Major depressive disorder single episode severe without psychotic features
F323,Major depressive disorder single episode severe with psychotic features
F324,Major depressive disorder single episode in partial remission
F325,Major depressive disorder single episode in full remission
F328,Other depressive episodes
F3281,Premenstrual dysphoric disorder
F3289,Other specified depressive episodes
F329,Major depressive disorder single episode unspecified
F32A,Depression unspecified
F330,Major depressive disorder recurrent mild
F331,Major depressive disorder recurrent moderate
F332,Major depressive disorder recurrent severe without psychotic features
F333,Major depressive disorder recurrent severe with psychotic symptoms
F3340,Major depressive disorder recurrent in remission unspecified
F3341,Major depressive disorder recurrent in partial remission
F3342,Major depressive disorder recurrent in full remission
F338,Other recurrent depressive disorders
F339,Major depressive disorder recurrent unspecified
F340,Cyclothymic disorder
F341,Dysthymic disorder                                                                                                                                                                                                                                              
F348,Other persistent mood [affective] disorders
F3481,Disruptive mood dysregulation disorder
F3489,Other specified persistent mood disorders
F349,Persistent mood [affective] disorder unspecified
F39,Unspecified mood [affective] disorder
F4000,Agoraphobia unspecified  
F4001,Agoraphobia with panic disorder   
F4002,Agoraphobia without panic disorder 
F4010,Social phobia unspecified 
F4011,Social phobia generalized 
F40210,Arachnophobia 
F40218,Other animal type phobia 
F40220,Fear of thunderstorms  
F40228,Other natural environment type phobia   
F40230,Fear of blood    
F40231,Fear of injections and transfusions 
F40232,Fear of other medical care 
F40233,Fear of injury  
F40240,Claustrophobia  
F40241,Acrophobia
F40242,Fear of bridges  
F40243,Fear of flying 
F40248,Other situational type phobia   
F40290,Androphobia 
F40291,Gynephobia  
F40298,Other specified phobia 
F408,Other phobic anxiety disorders 
F409,Phobic anxiety disorder unspecified  
F410,Panic disorder [episodic paroxysmal anxiety] 
F411,Generalized anxiety disorder 
F413,Other mixed anxiety disorders   
F418,Other specified anxiety disorders 
F419,Anxiety disorder unspecified 
F42,Obsessive-compulsive disorder
F422,Mixed obsessional thoughts and acts
F423,Hoarding disorder
F424,Excoriation (skin-picking) disorder
F428,Other obsessive-compulsive disorder
F429,Obsessive-compulsive disorder unspecified
F430,Acute stress reaction
F4310,Post-traumatic stress disorder unspecified
F4311,Post-traumatic stress disorder acute
F4312,Post-traumatic stress disorder chronic
F4320,Adjustment disorder unspecified
F4321,Adjustment disorder with depressed mood
F4322,Adjustment disorder with anxiety
F4323,Adjustment disorder with mixed anxiety and depressed mood
F4324,Adjustment disorder with disturbance of conduct
F4325,Adjustment disorder with mixed disturbance of emotions and conduct
F4329,Adjustment disorder with other symptoms
F438,Other reactions to severe stress
F4381,Prolonged grief disorder
F4389,Other reactions to severe stress
F439,Reaction to severe stress unspecified
F440,Dissociative amnesia  
F441,Dissociative fugue   
F442,Dissociative stupor  
F444,Conversion disorder with motor symptom or deficit 
F445,Conversion disorder with seizures or convulsions 
F446,Conversion disorder with sensory symptom or deficit  
F447,Conversion disorder with mixed symptom presentation
F4481,Dissociative identity disorder  
F4489,Other dissociative and conversion disorders  
F449,Dissociative and conversion disorder unspecified 
F450,Somatization disorder
F451,Undifferentiated somatoform disorder   
F4520,Hypochondriacal disorder unspecified
F4521,Hypochondriasis  
F4522,Body dysmorphic disorder 
F4529,Other hypochondriacal disorders 
F4541,Pain disorder exclusively related to psychological factors
F4542,Pain disorder with related psychological factors
F458,Other somatoform disorders   
F459,Somatoform disorder unspecified  
F481,Depersonalization-derealization syndrome
F482,Pseudobulbar affect
F488,Other specified nonpsychotic mental disorders 
F489,Nonpsychotic mental disorder unspecified    
F5000,Anorexia nervosa unspecified
F5001,Anorexia nervosa restricting type
F5002,Anorexia nervosa binge eating/purging type
F502,Bulimia nervosa
F508,Other eating disorders
F5081,Binge eating disorder
F5082,Avoidant/restrictive food intake disorder
F5089,Other specified eating disorder
F509,Eating disorder unspecified
F5101,Primary insomnia
F5102,Adjustment insomnia
F5103,Paradoxical insomnia
F5104,Psychophysiologic insomnia
F5105,Insomnia due to other mental disorder
F5109,Other insomnia not due to a substance or known physiological condition
F5111,Primary hypersomnia
F5112,Insufficient sleep syndrome
F5113,Hypersomnia due to other mental disorder
F5119,Other hypersomnia not due to a substance or known physiological condition
F513,Sleepwalking [somnambulism]
F514,Sleep terrors [night terrors]
F515,Nightmare disorder
F518,Other sleep disorders not due to a substance or known physiological condition
F519,Sleep disorder not due to a substance or known physiological condition unspecified
F520,Hypoactive sexual desire disorder
F521,Sexual aversion disorder
F5221,Male erectile disorder
F5222,Female sexual arousal disorder
F5231,Female orgasmic disorder
F5232,Male orgasmic disorder
F524,Premature ejaculation
F525,Vaginismus not due to a substance or known physiological condition
F526,Dyspareunia not due to a substance or known physiological condition
F528,Other sexual dysfunction not due to a substance or known physiological condition
F529,Unspecified sexual dysfunction not due to a substance or known physiological condition
F53,Puerperal psychosis
F530,Postpartum depression
F531,Puerperal psychosis
F54,Psychological and behavioral factors associated with disorders or diseases classified elsewhere
F550,Abuse of antacids
F551,Abuse of herbal or folk remedies
F552,Abuse of laxatives
F553,Abuse of steroids or hormones
F554,Abuse of vitamins
F558,Abuse of other non-psychoactive substances
F59,Unspecified behavioral syndromes associated with physiological disturbances and physical factors
F600,Paranoid personality disorder
F601,Schizoid personality disorder
F602,Antisocial personality disorder
F603,Borderline personality disorder
F604,Histrionic personality disorder
F605,Obsessive-compulsive personality disorder
F606,Avoidant personality disorder
F607,Dependent personality disorder
F6081,Narcissistic personality disorder
F6089,Other specific personality disorders
F609,Personality disorder unspecified
F630,Pathological gambling
F631,Pyromania
F632,Kleptomania
F633,Trichotillomania
F6381,Intermittent explosive disorder
F6389,Other impulse disorders
F639,Impulse disorder unspecified
F640,Transsexualism
F641,Dual role transvestism
F642,Gender identity disorder of childhood
F648,Other gender identity disorders
F649,Gender identity disorder unspecified
F650,Fetishism
F651,Transvestic fetishism
F652,Exhibitionism
F653,Voyeurism
F654,Pedophilia
F6550,Sadomasochism unspecified
F6551,Sexual masochism
F6552,Sexual sadism
F6581,Frotteurism
F6589,Other paraphilias
F659,Paraphilia unspecified
F66,Other sexual disorders
F6810,Factitious disorder imposed on self unspecified
F6811,Factitious disorder imposed on self with predominantly psychological signs and symptoms
F6812,Factitious disorder imposed on self with predominantly physical signs and symptoms
F6813,Factitious disorder imposed on self with combined psychological and physical signs and symptoms
F688,Other specified disorders of adult personality and behavior  
F68A,Factitious disorder imposed on another
F69,Unspecified disorder of adult personality and behavior
F70,Mild intellectual disabilities
F71,Moderate intellectual disabilities
F72,Severe intellectual disabilities
F73,Profound intellectual disabilities
F78,Other intellectual disabilities
F78A1,SYNGAP1-related intellectual disability
F78A9,Other genetic related intellectual disability
F79,Unspecified intellectual disabilities
F800,Phonological disorder
F801,Expressive language disorder
F802,Mixed receptive-expressive language disorder
F804,Speech and language development delay due to hearing loss
F8081,Childhood onset fluency disorder
F8082,Social pragmatic communication disorder
F8089,Other developmental disorders of speech and language
F809,Developmental disorder of speech and language unspecified
F810,Specific reading disorder
F812,Mathematics disorder
F8181,Disorder of written expression
F8189,Other developmental disorders of scholastic skills
F819,Developmental disorder of scholastic skills unspecified
F82,Specific developmental disorder of motor function
F840,Autistic disorder
F842,Rett's syndrome
F843,Other childhood disintegrative disorder
F845,Asperger's syndrome
F848,Other pervasive developmental disorders
F849,Pervasive developmental disorder unspecified
F88,Other disorders of psychological development
F89,Unspecified disorder of psychological development
F900,Attention-deficit hyperactivity disorder predominantly inattentive type
F901,Attention-deficit hyperactivity disorder predominantly hyperactive type
F902,Attention-deficit hyperactivity disorder combined type
F908,Attention-deficit hyperactivity disorder other type
F909,Attention-deficit hyperactivity disorder unspecified type
F910,Conduct disorder confined to family context
F911,Conduct disorder childhood-onset type
F912,Conduct disorder adolescent-onset type
F913,Oppositional defiant disorder
F918,Other conduct disorders
F919,Conduct disorder unspecified
F930,Separation anxiety disorder of childhood
F938,Other childhood emotional disorders
F939,Childhood emotional disorder unspecified
F940,Selective mutism
F941,Reactive attachment disorder of childhood
F942,Disinhibited attachment disorder of childhood
F948,Other childhood disorders of social functioning
F949,Childhood disorder of social functioning unspecified
F950,Transient tic disorder
F951,Chronic motor or vocal tic disorder
F952,Tourette's disorder
F958,Other tic disorders
F959,Tic disorder unspecified
F980,Enuresis not due to a substance or known physiological condition
F981,Encopresis not due to a substance or known physiological condition
F9821,Rumination disorder of infancy
F9829,Other feeding disorders of infancy and early childhood
F983,Pica of infancy and childhood
F984,Stereotyped movement disorders
F985,Adult onset fluency disorder
F988,Other specified behavioral and emotional disorders with onset usually occurring in childhood and adolescence
F989,Unspecified behavioral and emotional disorders with onset usually occurring in childhood and adolescence
F99,Mental disorder not otherwise specified                                                                                                                                                                                                                        
G000,Hemophilus meningitis
G001,Pneumococcal meningitis
G002,Streptococcal meningitis
G003,Staphylococcal meningitis
G008,Other bacterial meningitis
G009,Bacterial meningitis unspecified
G01,Meningitis in bacterial diseases classified elsewhere
G02,Meningitis in other infectious and parasitic diseases classified elsewhere
G030,Nonpyogenic meningitis
G031,Chronic meningitis
G032,Benign recurrent meningitis [Mollaret]
G038,Meningitis due to other specified causes
G039,Meningitis unspecified
G0400,Acute disseminated encephalitis and encephalomyelitis unspecified
G0401,Postinfectious acute disseminated encephalitis and encephalomyelitis (postinfectious ADEM)
G0402,Postimmunization acute disseminated encephalitis myelitis and encephalomyelitis
G041,Tropical spastic paraplegia
G042,Bacterial meningoencephalitis and meningomyelitis not elsewhere classified
G0430,Acute necrotizing hemorrhagic encephalopathy unspecified
G0431,Postinfectious acute necrotizing hemorrhagic encephalopathy
G0432,Postimmunization acute necrotizing hemorrhagic encephalopathy
G0439,Other acute necrotizing hemorrhagic encephalopathy
G0481,Other encephalitis and encephalomyelitis
G0482,Acute flaccid myelitis
G0489,Other myelitis
G0490,Encephalitis and encephalomyelitis unspecified
G0491,Myelitis unspecified
G053,Encephalitis and encephalomyelitis in diseases classified elsewhere
G054,Myelitis in diseases classified elsewhere
G060,Intracranial abscess and granuloma
G061,Intraspinal abscess and granuloma
G062,Extradural and subdural abscess unspecified
G07,Intracranial and intraspinal abscess and granuloma in diseases classified elsewhere
G08,Intracranial and intraspinal phlebitis and thrombophlebitis
G09,Sequelae of inflammatory diseases of central nervous system
G10,Huntington's disease
G110,Congenital nonprogressive ataxia
G111,Early-onset cerebellar ataxia
G1110,Early-onset cerebellar ataxia unspecified
G1111,Friedreich ataxia
G1119,Other early-onset cerebellar ataxia 
G112,Late-onset cerebellar ataxia
G113,Cerebellar ataxia with defective DNA repair
G114,Hereditary spastic paraplegia
G115,Hypomyelination - hypogonadotropic hypogonadism - hypodontia
G116,Leukodystrophy with vanishing white matter disease
G118,Other hereditary ataxias
G119,Hereditary ataxia unspecified
G120,Infantile spinal muscular atrophy type I [Werdnig-Hoffman]
G121,Other inherited spinal muscular atrophy
G1220,Motor neuron disease unspecified
G1221,Amyotrophic lateral sclerosis
G1222,Progressive bulbar palsy
G1223,Primary lateral sclerosis
G1224,Familial motor neuron disease
G1225,Progressive spinal muscle atrophy
G1229,Other motor neuron disease
G128,Other spinal muscular atrophies and related syndromes
G129,Spinal muscular atrophy unspecified
G130,Paraneoplastic neuromyopathy and neuropathy
G131,Other systemic atrophy primarily affecting central nervous system in neoplastic disease
G132,Systemic atrophy primarily affecting the central nervous system in myxedema
G138,Systemic atrophy primarily affecting central nervous system in other diseases classified elsewhere
G14,Postpolio syndrome
G20,Parkinson's disease
G20A1,Parkinson's disease without dyskinesia without mention of fluctuations
G20A2,Parkinson's disease without dyskinesia with fluctuations
G20B1,Parkinson's disease with dyskinesia without mention of fluctuations
G20B2,Parkinson's disease with dyskinesia with fluctuations
G20C,Parkinsonism unspecified
G210,Malignant neuroleptic syndrome
G2111,Neuroleptic induced parkinsonism
G2119,Other drug induced secondary parkinsonism
G212,Secondary parkinsonism due to other external agents
G213,Postencephalitic parkinsonism
G214,Vascular parkinsonism
G218,Other secondary parkinsonism
G219,Secondary parkinsonism unspecified
G230,Hallervorden-Spatz disease
G231,Progressive supranuclear ophthalmoplegia [Steele-Richardson-Olszewski]
G232,Striatonigral degeneration
G233,Hypomyelination with atrophy of the basal ganglia and cerebellum
G238,Other specified degenerative diseases of basal ganglia
G239,Degenerative disease of basal ganglia unspecified
G2401,Drug induced subacute dyskinesia
G2402,Drug induced acute dystonia
G2409,Other drug induced dystonia
G241,Genetic torsion dystonia
G242,Idiopathic nonfamilial dystonia
G243,Spasmodic torticollis
G244,Idiopathic orofacial dystonia
G245,Blepharospasm
G248,Other dystonia
G249,Dystonia unspecified
G250,Essential tremor
G251,Drug-induced tremor
G252,Other specified forms of tremor
G253,Myoclonus
G254,Drug-induced chorea
G255,Other chorea
G2561,Drug induced tics
G2569,Other tics of organic origin
G2570,Drug induced movement disorder unspecified
G2571,Drug induced akathisia
G2579,Other drug induced movement disorders
G2581,Restless legs syndrome
G2582,Stiff-man syndrome
G2583,Benign shuddering attacks
G2589,Other specified extrapyramidal and movement disorders
G259,Extrapyramidal and movement disorder unspecified
G26,Extrapyramidal and movement disorders in diseases classified elsewhere
G300,Alzheimer's disease with early onset
G301,Alzheimer's disease with late onset
G308,Other Alzheimer's disease
G309,Alzheimer's disease unspecified
G3101,Pick's disease
G3109,Other frontotemporal neurocognitive disorder
G311,Senile degeneration of brain not elsewhere classified
G312,Degeneration of nervous system due to alcohol
G3180,Leukodystrophy unspecified
G3181,Alpers disease
G3182,Leigh's disease
G3183,Neurocognitive disorder with Lewy bodies
G3184,Mild cognitive impairment of uncertain or unknown etiology
G3185,Corticobasal degeneration
G3186,Alexander disease
G3189,Other specified degenerative diseases of nervous system
G319,Degenerative disease of nervous system unspecified
G320,Subacute combined degeneration of spinal cord in diseases classified elsewhere
G3281,Cerebellar ataxia in diseases classified elsewhere
G3289,Other specified degenerative disorders of nervous system in diseases classified elsewhere
G35,Multiple sclerosis
G360,Neuromyelitis optica [Devic]
G361,Acute and subacute hemorrhagic leukoencephalitis [Hurst]
G368,Other specified acute disseminated demyelination
G369,Acute disseminated demyelination unspecified
G370,Diffuse sclerosis of central nervous system
G371,Central demyelination of corpus callosum
G372,Central pontine myelinolysis
G373,Acute transverse myelitis in demyelinating disease of central nervous system
G374,Subacute necrotizing myelitis of central nervous system
G375,Concentric sclerosis [Balo] of central nervous system
G378,Other specified demyelinating diseases of central nervous system
G3781,Myelin oligodendrocyte glycoprotein antibody disease
G3789,Other specified demyelinating diseases of central nervous system
G379,Demyelinating disease of central nervous system unspecified
G40001,Localization-related (focal) (partial) idiopathic epilepsy and epileptic syndromes with seizures of localized onset not intractable with status epilepticus
G40009,Localization-related (focal) (partial) idiopathic epilepsy and epileptic syndromes with seizures of localized onset not intractable without status epilepticus
G40011,Localization-related (focal) (partial) idiopathic epilepsy and epileptic syndromes with seizures of localized onset intractable with status epilepticus
G40019,Localization-related (focal) (partial) idiopathic epilepsy and epileptic syndromes with seizures of localized onset intractable without status epilepticus
G40101,Localization-related (focal) (partial) symptomatic epilepsy and epileptic syndromes with simple partial seizures not intractable with status epilepticus
G40109,Localization-related (focal) (partial) symptomatic epilepsy and epileptic syndromes with simple partial seizures not intractable without status epilepticus
G40111,Localization-related (focal) (partial) symptomatic epilepsy and epileptic syndromes with simple partial seizures intractable with status epilepticus
G40119,Localization-related (focal) (partial) symptomatic epilepsy and epileptic syndromes with simple partial seizures intractable without status epilepticus
G40201,Localization-related (focal) (partial) symptomatic epilepsy and epileptic syndromes with complex partial seizures not intractable with status epilepticus
G40209,Localization-related (focal) (partial) symptomatic epilepsy and epileptic syndromes with complex partial seizures not intractable without status epilepticus
G40211,Localization-related (focal) (partial) symptomatic epilepsy and epileptic syndromes with complex partial seizures intractable with status epilepticus
G40219,Localization-related (focal) (partial) symptomatic epilepsy and epileptic syndromes with complex partial seizures intractable without status epilepticus
G40301,Generalized idiopathic epilepsy and epileptic syndromes not intractable with status epilepticus
G40309,Generalized idiopathic epilepsy and epileptic syndromes not intractable without status epilepticus
G40311,Generalized idiopathic epilepsy and epileptic syndromes intractable with status epilepticus
G40319,Generalized idiopathic epilepsy and epileptic syndromes intractable without status epilepticus
G40401,Other generalized epilepsy and epileptic syndromes not intractable with status epilepticus
G40409,Other generalized epilepsy and epileptic syndromes not intractable without status epilepticus
G40411,Other generalized epilepsy and epileptic syndromes intractable with status epilepticus
G40419,Other generalized epilepsy and epileptic syndromes intractable without status epilepticus
G4042 ,Cyclin-Dependent Kinase-Like 5 Deficiency Disorder
G40501,Epileptic seizures related to external causes not intractable with status epilepticus
G40509,Epileptic seizures related to external causes not intractable without status epilepticus
G40801,Other epilepsy not intractable with status epilepticus
G40802,Other epilepsy not intractable without status epilepticus
G40803,Other epilepsy intractable with status epilepticus
G40804,Other epilepsy intractable without status epilepticus
G40811,Lennox-Gastaut syndrome not intractable with status epilepticus
G40812,Lennox-Gastaut syndrome not intractable without status epilepticus
G40813,Lennox-Gastaut syndrome intractable with status epilepticus
G40814,Lennox-Gastaut syndrome intractable without status epilepticus
G40821,Epileptic spasms not intractable with status epilepticus
G40822,Epileptic spasms not intractable without status epilepticus
G40823,Epileptic spasms intractable with status epilepticus
G40824,Epileptic spasms intractable without status epilepticus
G40833,Dravet syndrome intractable with status epilepticus
G40834,Dravet syndrome intractable without status epilepticus
G4089,Other seizures
G40901,Epilepsy unspecified not intractable with status epilepticus
G40909,Epilepsy unspecified not intractable without status epilepticus
G40911,Epilepsy unspecified intractable with status epilepticus
G40919,Epilepsy unspecified intractable without status epilepticus
G40A01,Absence epileptic syndrome not intractable with status epilepticus
G40A09,Absence epileptic syndrome not intractable without status epilepticus
G40A11,Absence epileptic syndrome intractable with status epilepticus
G40A19,Absence epileptic syndrome intractable without status epilepticus
G40B01,Juvenile myoclonic epilepsy not intractable with status epilepticus
G40B09,Juvenile myoclonic epilepsy not intractable without status epilepticus
G40B11,Juvenile myoclonic epilepsy intractable with status epilepticus
G40B19,Juvenile myoclonic epilepsy intractable without status epilepticus
G40C01,Lafora progressive myoclonus epilepsy not intractable with status epilepticus
G40C09,Lafora progressive myoclonus epilepsy not intractable without status epilepticus
G40C11,Lafora progressive myoclonus epilepsy intractable with status epilepticus
G40C19,Lafora progressive myoclonus epilepsy intractable without status epilepticus
G43001,Migraine without aura not intractable with status migrainosus
G43009,Migraine without aura not intractable without status migrainosus
G43011,Migraine without aura intractable with status migrainosus
G43019,Migraine without aura intractable without status migrainosus
G43101,Migraine with aura not intractable with status migrainosus
G43109,Migraine with aura not intractable without status migrainosus
G43111,Migraine with aura intractable with status migrainosus
G43119,Migraine with aura intractable without status migrainosus
G43401,Hemiplegic migraine not intractable with status migrainosus
G43409,Hemiplegic migraine not intractable without status migrainosus
G43411,Hemiplegic migraine intractable with status migrainosus
G43419,Hemiplegic migraine intractable without status migrainosus
G43501,Persistent migraine aura without cerebral infarction not intractable with status migrainosus
G43509,Persistent migraine aura without cerebral infarction not intractable without status migrainosus
G43511,Persistent migraine aura without cerebral infarction intractable with status migrainosus
G43519,Persistent migraine aura without cerebral infarction intractable without status migrainosus
G43601,Persistent migraine aura with cerebral infarction not intractable with status migrainosus
G43609,Persistent migraine aura with cerebral infarction not intractable without status migrainosus
G43611,Persistent migraine aura with cerebral infarction intractable with status migrainosus
G43619,Persistent migraine aura with cerebral infarction intractable without status migrainosus
G43701,Chronic migraine without aura not intractable with status migrainosus
G43709,Chronic migraine without aura not intractable without status migrainosus
G43711,Chronic migraine without aura intractable with status migrainosus
G43719,Chronic migraine without aura intractable without status migrainosus
G43801,Other migraine not intractable with status migrainosus
G43809,Other migraine not intractable without status migrainosus
G43811,Other migraine intractable with status migrainosus
G43819,Other migraine intractable without status migrainosus
G43821,Menstrual migraine not intractable with status migrainosus
G43829,Menstrual migraine not intractable without status migrainosus
G43831,Menstrual migraine intractable with status migrainosus
G43839,Menstrual migraine intractable without status migrainosus
G43901,Migraine unspecified not intractable with status migrainosus
G43909,Migraine unspecified not intractable without status migrainosus
G43911,Migraine unspecified intractable with status migrainosus
G43919,Migraine unspecified intractable without status migrainosus
G43A0,Cyclical vomiting in migraine not intractable
G43A1,Cyclical vomiting in migraine intractable
G43B0,Ophthalmoplegic migraine not intractable
G43B1,Ophthalmoplegic migraine intractable
G43C0,Periodic headache syndromes in child or adult not intractable
G43C1,Periodic headache syndromes in child or adult intractable
G43D0,Abdominal migraine not intractable
G43D1,Abdominal migraine intractable
G43E01,Chronic migraine with aura not intractable with status migrainosus
G43E09,Chronic migraine with aura not intractable without status migrainosus
G43E11,Chronic migraine with aura intractable with status migrainosus
G43E19,Chronic migraine with aura intractable without status migrainosus
G44001,Cluster headache syndrome unspecified intractable
G44009,Cluster headache syndrome unspecified not intractable
G44011,Episodic cluster headache intractable
G44019,Episodic cluster headache not intractable
G44021,Chronic cluster headache intractable
G44029,Chronic cluster headache not intractable
G44031,Episodic paroxysmal hemicrania intractable
G44039,Episodic paroxysmal hemicrania not intractable
G44041,Chronic paroxysmal hemicrania intractable
G44049,Chronic paroxysmal hemicrania not intractable
G44051,Short lasting unilateral neuralgiform headache with conjunctival injection and tearing (SUNCT) intractable
G44059,Short lasting unilateral neuralgiform headache with conjunctival injection and tearing (SUNCT) not intractable
G44091,Other trigeminal autonomic cephalgias (TAC) intractable
G44099,Other trigeminal autonomic cephalgias (TAC) not intractable
G441,Vascular headache not elsewhere classified  
G44201,Tension-type headache unspecified intractable
G44209,Tension-type headache unspecified not intractable
G44211,Episodic tension-type headache intractable
G44219,Episodic tension-type headache not intractable
G44221,Chronic tension-type headache intractable
G44229,Chronic tension-type headache not intractable
G44301,Post-traumatic headache unspecified intractable
G44309,Post-traumatic headache unspecified not intractable
G44311,Acute post-traumatic headache intractable
G44319,Acute post-traumatic headache not intractable
G44321,Chronic post-traumatic headache intractable
G44329,Chronic post-traumatic headache not intractable
G4440,Drug-induced headache not elsewhere classified not intractable
G4441,Drug-induced headache not elsewhere classified intractable
G4451,Hemicrania continua
G4452,New daily persistent headache (NDPH)
G4453,Primary thunderclap headache
G4459,Other complicated headache syndrome
G4481,Hypnic headache
G4482,Headache associated with sexual activity
G4483,Primary cough headache
G4484,Primary exertional headache
G4485,Primary stabbing headache
G4486,Cervicogenic headache 
G4489,Other headache syndrome
G450,Vertebro-basilar artery syndrome
G451,Carotid artery syndrome (hemispheric)
G452,Multiple and bilateral precerebral artery syndromes
G453,Amaurosis fugax
G454,Transient global amnesia
G458,Other transient cerebral ischemic attacks and related syndromes
G459,Transient cerebral ischemic attack unspecified
G460,Middle cerebral artery syndrome
G461,Anterior cerebral artery syndrome
G462,Posterior cerebral artery syndrome
G463,Brain stem stroke syndrome
G464,Cerebellar stroke syndrome
G465,Pure motor lacunar syndrome
G466,Pure sensory lacunar syndrome
G467,Other lacunar syndromes
G468,Other vascular syndromes of brain in cerebrovascular diseases
G4700,Insomnia unspecified
G4701,Insomnia due to medical condition
G4709,Other insomnia
G4710,Hypersomnia unspecified
G4711,Idiopathic hypersomnia with long sleep time
G4712,Idiopathic hypersomnia without long sleep time
G4713,Recurrent hypersomnia
G4714,Hypersomnia due to medical condition
G4719,Other hypersomnia
G4720,Circadian rhythm sleep disorder unspecified type
G4721,Circadian rhythm sleep disorder delayed sleep phase type
G4722,Circadian rhythm sleep disorder advanced sleep phase type
G4723,Circadian rhythm sleep disorder irregular sleep wake type
G4724,Circadian rhythm sleep disorder free running type
G4725,Circadian rhythm sleep disorder jet lag type
G4726,Circadian rhythm sleep disorder shift work type
G4727,Circadian rhythm sleep disorder in conditions classified elsewhere
G4729,Other circadian rhythm sleep disorder
G4730,Sleep apnea unspecified
G4731,Primary central sleep apnea
G4732,High altitude periodic breathing
G4733,Obstructive sleep apnea (adult) (pediatric)
G4734,Idiopathic sleep related nonobstructive alveolar hypoventilation
G4735,Congenital central alveolar hypoventilation syndrome
G4736,Sleep related hypoventilation in conditions classified elsewhere
G4737,Central sleep apnea in conditions classified elsewhere
G4739,Other sleep apnea
G47411,Narcolepsy with cataplexy
G47419,Narcolepsy without cataplexy
G47421,Narcolepsy in conditions classified elsewhere with cataplexy
G47429,Narcolepsy in conditions classified elsewhere without cataplexy
G4750,Parasomnia unspecified
G4751,Confusional arousals
G4752,REM sleep behavior disorder
G4753,Recurrent isolated sleep paralysis
G4754,Parasomnia in conditions classified elsewhere
G4759,Other parasomnia
G4761,Periodic limb movement disorder
G4762,Sleep related leg cramps
G4763,Sleep related bruxism
G4769,Other sleep related movement disorders
G478,Other sleep disorders
G479,Sleep disorder unspecified
G500,Trigeminal neuralgia
G501,Atypical facial pain
G508,Other disorders of trigeminal nerve
G509,Disorder of trigeminal nerve unspecified
G510,Bell's palsy
G511,Geniculate ganglionitis
G512,Melkersson's syndrome
G513,Clonic hemifacial spasm
G5131,Clonic hemifacial spasm right
G5132,Clonic hemifacial spasm left
G5133,Clonic hemifacial spasm bilateral
G5139,Clonic hemifacial spasm unspecified
G514,Facial myokymia
G518,Other disorders of facial nerve
G519,Disorder of facial nerve unspecified
G520,Disorders of olfactory nerve
G521,Disorders of glossopharyngeal nerve
G522,Disorders of vagus nerve
G523,Disorders of hypoglossal nerve
G527,Disorders of multiple cranial nerves
G528,Disorders of other specified cranial nerves
G529,Cranial nerve disorder unspecified
G53,Cranial nerve disorders in diseases classified elsewhere
G540,Brachial plexus disorders
G541,Lumbosacral plexus disorders
G542,Cervical root disorders not elsewhere classified
G543,Thoracic root disorders not elsewhere classified
G544,Lumbosacral root disorders not elsewhere classified
G545,Neuralgic amyotrophy
G546,Phantom limb syndrome with pain
G547,Phantom limb syndrome without pain
G548,Other nerve root and plexus disorders
G549,Nerve root and plexus disorder unspecified
G55,Nerve root and plexus compressions in diseases classified elsewhere
G5600,Carpal tunnel syndrome unspecified upper limb
G5601,Carpal tunnel syndrome right upper limb
G5602,Carpal tunnel syndrome left upper limb
G5603,Carpal tunnel syndrome bilateral upper limbs
G5610,Other lesions of median nerve unspecified upper limb
G5611,Other lesions of median nerve right upper limb
G5612,Other lesions of median nerve left upper limb
G5613,Other lesions of median nerve bilateral upper limbs
G5620,Lesion of ulnar nerve unspecified upper limb
G5621,Lesion of ulnar nerve right upper limb
G5622,Lesion of ulnar nerve left upper limb
G5623,Lesion of ulnar nerve bilateral upper limbs
G5630,Lesion of radial nerve unspecified upper limb
G5631,Lesion of radial nerve right upper limb
G5632,Lesion of radial nerve left upper limb
G5633,Lesion of radial nerve bilateral upper limbs
G5640,Causalgia of unspecified upper limb
G5641,Causalgia of right upper limb
G5642,Causalgia of left upper limb
G5643,Causalgia of bilateral upper limbs
G5680,Other specified mononeuropathies of unspecified upper limb
G5681,Other specified mononeuropathies of right upper limb
G5682,Other specified mononeuropathies of left upper limb
G5683,Other specified mononeuropathies of bilateral upper limbs
G5690,Unspecified mononeuropathy of unspecified upper limb
G5691,Unspecified mononeuropathy of right upper limb
G5692,Unspecified mononeuropathy of left upper limb
G5693,Unspecified mononeuropathy of bilateral upper limbs
G5700,Lesion of sciatic nerve unspecified lower limb
G5701,Lesion of sciatic nerve right lower limb
G5702,Lesion of sciatic nerve left lower limb
G5703,Lesion of sciatic nerve bilateral lower limbs
G5710,Meralgia paresthetica unspecified lower limb
G5711,Meralgia paresthetica right lower limb
G5712,Meralgia paresthetica left lower limb
G5713,Meralgia paresthetica bilateral lower limbs
G5720,Lesion of femoral nerve unspecified lower limb
G5721,Lesion of femoral nerve right lower limb
G5722,Lesion of femoral nerve left lower limb
G5723,Lesion of femoral nerve bilateral lower limbs
G5730,Lesion of lateral popliteal nerve unspecified lower limb
G5731,Lesion of lateral popliteal nerve right lower limb
G5732,Lesion of lateral popliteal nerve left lower limb
G5733,Lesion of lateral popliteal nerve bilateral lower limbs
G5740,Lesion of medial popliteal nerve unspecified lower limb
G5741,Lesion of medial popliteal nerve right lower limb
G5742,Lesion of medial popliteal nerve left lower limb
G5743,Lesion of medial popliteal nerve bilateral lower limbs
G5750,Tarsal tunnel syndrome unspecified lower limb
G5751,Tarsal tunnel syndrome right lower limb
G5752,Tarsal tunnel syndrome left lower limb
G5753,Tarsal tunnel syndrome bilateral lower limbs
G5760,Lesion of plantar nerve unspecified lower limb
G5761,Lesion of plantar nerve right lower limb
G5762,Lesion of plantar nerve left lower limb
G5763,Lesion of plantar nerve bilateral lower limbs
G5770,Causalgia of unspecified lower limb
G5771,Causalgia of right lower limb
G5772,Causalgia of left lower limb
G5773,Causalgia of bilateral lower limbs
G5780,Other specified mononeuropathies of unspecified lower limb
G5781,Other specified mononeuropathies of right lower limb
G5782,Other specified mononeuropathies of left lower limb
G5783,Other specified mononeuropathies of bilateral lower limbs
G5790,Unspecified mononeuropathy of unspecified lower limb
G5791,Unspecified mononeuropathy of right lower limb
G5792,Unspecified mononeuropathy of left lower limb
G5793,Unspecified mononeuropathy of bilateral lower limbs
G580,Intercostal neuropathy
G587,Mononeuritis multiplex
G588,Other specified mononeuropathies
G589,Mononeuropathy unspecified
G59,Mononeuropathy in diseases classified elsewhere
G600,Hereditary motor and sensory neuropathy
G601,Refsum's disease
G602,Neuropathy in association with hereditary ataxia
G603,Idiopathic progressive neuropathy
G608,Other hereditary and idiopathic neuropathies
G609,Hereditary and idiopathic neuropathy unspecified
G610,Guillain-Barre syndrome
G611,Serum neuropathy
G6181,Chronic inflammatory demyelinating polyneuritis
G6182,Multifocal motor neuropathy
G6189,Other inflammatory polyneuropathies
G619,Inflammatory polyneuropathy unspecified
G620,Drug-induced polyneuropathy
G621,Alcoholic polyneuropathy
G622,Polyneuropathy due to other toxic agents
G6281,Critical illness polyneuropathy
G6282,Radiation-induced polyneuropathy
G6289,Other specified polyneuropathies
G629,Polyneuropathy unspecified
G63,Polyneuropathy in diseases classified elsewhere
G64,Other disorders of peripheral nervous system
G650,Sequelae of Guillain-Barre syndrome
G651,Sequelae of other inflammatory polyneuropathy
G652,Sequelae of toxic polyneuropathy
G7000,Myasthenia gravis without (acute) exacerbation
G7001,Myasthenia gravis with (acute) exacerbation
G701,Toxic myoneural disorders
G702,Congenital and developmental myasthenia
G7080,Lambert-Eaton syndrome unspecified
G7081,Lambert-Eaton syndrome in disease classified elsewhere
G7089,Other specified myoneural disorders
G709,Myoneural disorder unspecified
G710,Muscular dystrophy
G7100,Muscular dystrophy unspecified
G7101,Duchenne or Becker muscular dystrophy
G7102,Facioscapulohumeral muscular dystrophy
G7109,Other specified muscular dystrophies
G7111,Myotonic muscular dystrophy
G7112,Myotonia congenita
G7113,Myotonic chondrodystrophy
G7114,Drug induced myotonia
G7119,Other specified myotonic disorders
G712,Congenital myopathies
G7120,Congenital myopathy unspecified
G7121,Nemaline myopathy
G71220,X-linked myotubular myopathy 
G71228,Other centronuclear myopathy
G7129,Other congenital myopathy
G713,Mitochondrial myopathy not elsewhere classified
G718,Other primary disorders of muscles
G719,Primary disorder of muscle unspecified
G720,Drug-induced myopathy
G721,Alcoholic myopathy
G722,Myopathy due to other toxic agents
G723,Periodic paralysis
G7241,Inclusion body myositis [IBM]
G7249,Other inflammatory and immune myopathies not elsewhere classified
G7281,Critical illness myopathy
G7289,Other specified myopathies
G729,Myopathy unspecified
G731,Lambert-Eaton syndrome in neoplastic disease
G733,Myasthenic syndromes in other diseases classified elsewhere
G737,Myopathy in diseases classified elsewhere
G800,Spastic quadriplegic cerebral palsy
G801,Spastic diplegic cerebral palsy
G802,Spastic hemiplegic cerebral palsy
G803,Athetoid cerebral palsy
G804,Ataxic cerebral palsy
G808,Other cerebral palsy
G809,Cerebral palsy unspecified
G8100,Flaccid hemiplegia affecting unspecified side
G8101,Flaccid hemiplegia affecting right dominant side
G8102,Flaccid hemiplegia affecting left dominant side
G8103,Flaccid hemiplegia affecting right nondominant side
G8104,Flaccid hemiplegia affecting left nondominant side
G8110,Spastic hemiplegia affecting unspecified side
G8111,Spastic hemiplegia affecting right dominant side
G8112,Spastic hemiplegia affecting left dominant side
G8113,Spastic hemiplegia affecting right nondominant side
G8114,Spastic hemiplegia affecting left nondominant side
G8190,Hemiplegia unspecified affecting unspecified side
G8191,Hemiplegia unspecified affecting right dominant side
G8192,Hemiplegia unspecified affecting left dominant side
G8193,Hemiplegia unspecified affecting right nondominant side
G8194,Hemiplegia unspecified affecting left nondominant side
G8220,Paraplegia unspecified
G8221,Paraplegia complete
G8222,Paraplegia incomplete
G8250,Quadriplegia unspecified
G8251,Quadriplegia C1-C4 complete
G8252,Quadriplegia C1-C4 incomplete
G8253,Quadriplegia C5-C7 complete
G8254,Quadriplegia C5-C7 incomplete
G830,Diplegia of upper limbs
G8310,Monoplegia of lower limb affecting unspecified side
G8311,Monoplegia of lower limb affecting right dominant side
G8312,Monoplegia of lower limb affecting left dominant side
G8313,Monoplegia of lower limb affecting right nondominant side
G8314,Monoplegia of lower limb affecting left nondominant side
G8320,Monoplegia of upper limb affecting unspecified side
G8321,Monoplegia of upper limb affecting right dominant side
G8322,Monoplegia of upper limb affecting left dominant side
G8323,Monoplegia of upper limb affecting right nondominant side
G8324,Monoplegia of upper limb affecting left nondominant side
G8330,Monoplegia unspecified affecting unspecified side
G8331,Monoplegia unspecified affecting right dominant side
G8332,Monoplegia unspecified affecting left dominant side
G8333,Monoplegia unspecified affecting right nondominant side
G8334,Monoplegia unspecified affecting left nondominant side
G834,Cauda equina syndrome
G835,Locked-in state
G8381,Brown-Sequard syndrome
G8382,Anterior cord syndrome
G8383,Posterior cord syndrome
G8384,Todd's paralysis (postepileptic)
G8389,Other specified paralytic syndromes
G839,Paralytic syndrome unspecified
G890,Central pain syndrome
G8911,Acute pain due to trauma
G8912,Acute post-thoracotomy pain
G8918,Other acute postprocedural pain
G8921,Chronic pain due to trauma
G8922,Chronic post-thoracotomy pain
G8928,Other chronic postprocedural pain
G8929,Other chronic pain
G893,Neoplasm related pain (acute) (chronic)
G894,Chronic pain syndrome
G9001,Carotid sinus syncope
G9009,Other idiopathic peripheral autonomic neuropathy
G901,Familial dysautonomia [Riley-Day]
G902,Horner's syndrome
G903,Multi-system degeneration of the autonomic nervous system
G904,Autonomic dysreflexia
G9050,Complex regional pain syndrome I unspecified
G90511,Complex regional pain syndrome I of right upper limb
G90512,Complex regional pain syndrome I of left upper limb
G90513,Complex regional pain syndrome I of upper limb bilateral
G90519,Complex regional pain syndrome I of unspecified upper limb
G90521,Complex regional pain syndrome I of right lower limb
G90522,Complex regional pain syndrome I of left lower limb
G90523,Complex regional pain syndrome I of lower limb bilateral
G90529,Complex regional pain syndrome I of unspecified lower limb
G9059,Complex regional pain syndrome I of other specified site
G908,Other disorders of autonomic nervous system
G909,Disorder of the autonomic nervous system unspecified
G90A,Postural orthostatic tachycardia syndrome [POTS]
G90B,LMNB1-related autosomal dominant leukodystrophy
G910,Communicating hydrocephalus
G911,Obstructive hydrocephalus
G912,(Idiopathic) normal pressure hydrocephalus
G913,Post-traumatic hydrocephalus unspecified
G914,Hydrocephalus in diseases classified elsewhere
G918,Other hydrocephalus
G919,Hydrocephalus unspecified
G92,Toxic encephalopathy
G9200,Immune effector cell-associated neurotoxicity syndrome grade unspecified
G9201,Immune effector cell-associated neurotoxicity syndrome grade 1
G9202,Immune effector cell-associated neurotoxicity syndrome grade 2
G9203,Immune effector cell-associated neurotoxicity syndrome grade 3
G9204,Immune effector cell-associated neurotoxicity syndrome grade 4
G9205,Immune effector cell-associated neurotoxicity syndrome grade 5
G928,Other toxic encephalopathy
G929,Unspecified toxic encephalopathy
G930,Cerebral cysts
G931,Anoxic brain damage not elsewhere classified
G932,Benign intracranial hypertension
G933,Postviral fatigue syndrome
G9331,Postviral fatigue syndrome
G9332,Myalgic encephalomyelitis/chronic fatigue syndrome
G9339,Other post infection and related fatigue syndromes
G9340,Encephalopathy unspecified
G9341,Metabolic encephalopathy
G9342,Megaloencephalic leukoencephalopathy with subcortical cysts
G9343,Leukoencephalopathy with calcifications and cysts
G9344,Adult-onset leukodystrophy with axonal spheroids
G9349,Other encephalopathy
G935,Compression of brain
G936,Cerebral edema
G937,Reye's syndrome
G9381,Temporal sclerosis
G9382,Brain death
G9389,Other specified disorders of brain
G939,Disorder of brain unspecified
G94,Other disorders of brain in diseases classified elsewhere
G950,Syringomyelia and syringobulbia
G9511,Acute infarction of spinal cord (embolic) (nonembolic)
G9519,Other vascular myelopathies
G9520,Unspecified cord compression
G9529,Other cord compression
G9581,Conus medullaris syndrome
G9589,Other specified diseases of spinal cord
G959,Disease of spinal cord unspecified
G960,Cerebrospinal fluid leak
G9600,Cerebrospinal fluid leak unspecified
G9601,Cranial cerebrospinal fluid leak spontaneous
G9602,Spinal cerebrospinal fluid leak spontaneous
G9608 ,Other cranial cerebrospinal fluid leak
G9609,Other spinal cerebrospinal fluid leak
G9611,Dural tear
G9612,Meningeal adhesions (cerebral) (spinal)
G9619,Other disorders of meninges not elsewhere classified
G96191,Perineural cyst
G96198,Other disorders of meninges not elsewhere classified
G968,Other specified disorders of central nervous system
G96810,Intracranial hypotension unspecified
G96811,Intracranial hypotension spontaneous
G96819,Other intracranial hypotension
G9689,Other specified disorders of central nervous system
G969,Disorder of central nervous system unspecified
G970,Cerebrospinal fluid leak from spinal puncture
G971,Other reaction to spinal and lumbar puncture
G972,Intracranial hypotension following ventricular shunting
G9731,Intraoperative hemorrhage and hematoma of a nervous system organ or structure complicating a nervous system procedure
G9732,Intraoperative hemorrhage and hematoma of a nervous system organ or structure complicating other procedure
G9741,Accidental puncture or laceration of dura during a procedure
G9748,Accidental puncture and laceration of other nervous system organ or structure during a nervous system procedure
G9749,Accidental puncture and laceration of other nervous system organ or structure during other procedure
G9751,Postprocedural hemorrhage of a nervous system organ or structure following a nervous system procedure
G9752,Postprocedural hemorrhage of a nervous system organ or structure following other procedure
G9761,Postprocedural hematoma of a nervous system organ or structure following a nervous system procedure
G9762,Postprocedural hematoma of a nervous system organ or structure following other procedure
G9763,Postprocedural seroma of a nervous system organ or structure following a nervous system procedure
G9764,Postprocedural seroma of a nervous system organ or structure following other procedure
G9781,Other intraoperative complications of nervous system
G9782,Other postprocedural complications and disorders of nervous system
G9783,Intracranial hypotension following lumbar cerebrospinal fluid shunting
G9784,Intracranial hypotension following other procedure
G980,Neurogenic arthritis not elsewhere classified
G988,Other disorders of nervous system
G990,Autonomic neuropathy in diseases classified elsewhere
G992,Myelopathy in diseases classified elsewhere
G998,Other specified disorders of nervous system in diseases classified elsewhere
H00011,Hordeolum externum right upper eyelid
H00012,Hordeolum externum right lower eyelid
H00013,Hordeolum externum right eye unspecified eyelid
H00014,Hordeolum externum left upper eyelid
H00015,Hordeolum externum left lower eyelid
H00016,Hordeolum externum left eye unspecified eyelid
H00019,Hordeolum externum unspecified eye unspecified eyelid
H00021,Hordeolum internum right upper eyelid
H00022,Hordeolum internum right lower eyelid
H00023,Hordeolum internum right eye unspecified eyelid
H00024,Hordeolum internum left upper eyelid
H00025,Hordeolum internum left lower eyelid
H00026,Hordeolum internum left eye unspecified eyelid
H00029,Hordeolum internum unspecified eye unspecified eyelid
H00031,Abscess of right upper eyelid
H00032,Abscess of right lower eyelid
H00033,Abscess of eyelid right eye unspecified eyelid
H00034,Abscess of left upper eyelid
H00035,Abscess of left lower eyelid
H00036,Abscess of eyelid left eye unspecified eyelid
H00039,Abscess of eyelid unspecified eye unspecified eyelid
H0011,Chalazion right upper eyelid
H0012,Chalazion right lower eyelid
H0013,Chalazion right eye unspecified eyelid
H0014,Chalazion left upper eyelid
H0015,Chalazion left lower eyelid
H0016,Chalazion left eye unspecified eyelid
H0019,Chalazion unspecified eye unspecified eyelid
H01001,Unspecified blepharitis right upper eyelid
H01002,Unspecified blepharitis right lower eyelid
H01003,Unspecified blepharitis right eye unspecified eyelid
H01004,Unspecified blepharitis left upper eyelid
H01005,Unspecified blepharitis left lower eyelid
H01006,Unspecified blepharitis left eye unspecified eyelid
H01009,Unspecified blepharitis unspecified eye unspecified eyelid
H0100A,Unspecified blepharitis right eye upper and lower eyelids
H0100B,Unspecified blepharitis left eye upper and lower eyelids
H01011,Ulcerative blepharitis right upper eyelid
H01012,Ulcerative blepharitis right lower eyelid
H01013,Ulcerative blepharitis right eye unspecified eyelid
H01014,Ulcerative blepharitis left upper eyelid
H01015,Ulcerative blepharitis left lower eyelid
H01016,Ulcerative blepharitis left eye unspecified eyelid
H01019,Ulcerative blepharitis unspecified eye unspecified eyelid
H0101A,Ulcerative blepharitis right eye upper and lower eyelids
H0101B,Ulcerative blepharitis left eye upper and lower eyelids
H01021,Squamous blepharitis right upper eyelid
H01022,Squamous blepharitis right lower eyelid
H01023,Squamous blepharitis right eye unspecified eyelid
H01024,Squamous blepharitis left upper eyelid
H01025,Squamous blepharitis left lower eyelid
H01026,Squamous blepharitis left eye unspecified eyelid
H01029,Squamous blepharitis unspecified eye unspecified eyelid
H0102A,Squamous blepharitis right eye upper and lower eyelids
H0102B,Squamous blepharitis left eye upper and lower eyelids
H01111,Allergic dermatitis of right upper eyelid
H01112,Allergic dermatitis of right lower eyelid
H01113,Allergic dermatitis of right eye unspecified eyelid
H01114,Allergic dermatitis of left upper eyelid
H01115,Allergic dermatitis of left lower eyelid
H01116,Allergic dermatitis of left eye unspecified eyelid
H01119,Allergic dermatitis of unspecified eye unspecified eyelid
H01121,Discoid lupus erythematosus of right upper eyelid
H01122,Discoid lupus erythematosus of right lower eyelid
H01123,Discoid lupus erythematosus of right eye unspecified eyelid
H01124,Discoid lupus erythematosus of left upper eyelid
H01125,Discoid lupus erythematosus of left lower eyelid
H01126,Discoid lupus erythematosus of left eye unspecified eyelid
H01129,Discoid lupus erythematosus of unspecified eye unspecified eyelid
H01131,Eczematous dermatitis of right upper eyelid
H01132,Eczematous dermatitis of right lower eyelid
H01133,Eczematous dermatitis of right eye unspecified eyelid
H01134,Eczematous dermatitis of left upper eyelid
H01135,Eczematous dermatitis of left lower eyelid
H01136,Eczematous dermatitis of left eye unspecified eyelid
H01139,Eczematous dermatitis of unspecified eye unspecified eyelid
H01141,Xeroderma of right upper eyelid
H01142,Xeroderma of right lower eyelid
H01143,Xeroderma of right eye unspecified eyelid
H01144,Xeroderma of left upper eyelid
H01145,Xeroderma of left lower eyelid
H01146,Xeroderma of left eye unspecified eyelid
H01149,Xeroderma of unspecified eye unspecified eyelid
H018,Other specified inflammations of eyelid
H019,Unspecified inflammation of eyelid
H02001,Unspecified entropion of right upper eyelid
H02002,Unspecified entropion of right lower eyelid
H02003,Unspecified entropion of right eye unspecified eyelid
H02004,Unspecified entropion of left upper eyelid
H02005,Unspecified entropion of left lower eyelid
H02006,Unspecified entropion of left eye unspecified eyelid
H02009,Unspecified entropion of unspecified eye unspecified eyelid
H02011,Cicatricial entropion of right upper eyelid
H02012,Cicatricial entropion of right lower eyelid
H02013,Cicatricial entropion of right eye unspecified eyelid
H02014,Cicatricial entropion of left upper eyelid
H02015,Cicatricial entropion of left lower eyelid
H02016,Cicatricial entropion of left eye unspecified eyelid
H02019,Cicatricial entropion of unspecified eye unspecified eyelid
H02021,Mechanical entropion of right upper eyelid
H02022,Mechanical entropion of right lower eyelid
H02023,Mechanical entropion of right eye unspecified eyelid
H02024,Mechanical entropion of left upper eyelid
H02025,Mechanical entropion of left lower eyelid
H02026,Mechanical entropion of left eye unspecified eyelid
H02029,Mechanical entropion of unspecified eye unspecified eyelid
H02031,Senile entropion of right upper eyelid
H02032,Senile entropion of right lower eyelid
H02033,Senile entropion of right eye unspecified eyelid
H02034,Senile entropion of left upper eyelid
H02035,Senile entropion of left lower eyelid
H02036,Senile entropion of left eye unspecified eyelid
H02039,Senile entropion of unspecified eye unspecified eyelid
H02041,Spastic entropion of right upper eyelid
H02042,Spastic entropion of right lower eyelid
H02043,Spastic entropion of right eye unspecified eyelid
H02044,Spastic entropion of left upper eyelid
H02045,Spastic entropion of left lower eyelid
H02046,Spastic entropion of left eye unspecified eyelid
H02049,Spastic entropion of unspecified eye unspecified eyelid
H02051,Trichiasis without entropion right upper eyelid
H02052,Trichiasis without entropion right lower eyelid
H02053,Trichiasis without entropion right eye unspecified eyelid
H02054,Trichiasis without entropion left upper eyelid
H02055,Trichiasis without entropion left lower eyelid
H02056,Trichiasis without entropion left eye unspecified eyelid
H02059,Trichiasis without entropion unspecified eye unspecified eyelid
H02101,Unspecified ectropion of right upper eyelid
H02102,Unspecified ectropion of right lower eyelid
H02103,Unspecified ectropion of right eye unspecified eyelid
H02104,Unspecified ectropion of left upper eyelid
H02105,Unspecified ectropion of left lower eyelid
H02106,Unspecified ectropion of left eye unspecified eyelid
H02109,Unspecified ectropion of unspecified eye unspecified eyelid
H02111,Cicatricial ectropion of right upper eyelid
H02112,Cicatricial ectropion of right lower eyelid
H02113,Cicatricial ectropion of right eye unspecified eyelid
H02114,Cicatricial ectropion of left upper eyelid
H02115,Cicatricial ectropion of left lower eyelid
H02116,Cicatricial ectropion of left eye unspecified eyelid
H02119,Cicatricial ectropion of unspecified eye unspecified eyelid
H02121,Mechanical ectropion of right upper eyelid
H02122,Mechanical ectropion of right lower eyelid
H02123,Mechanical ectropion of right eye unspecified eyelid
H02124,Mechanical ectropion of left upper eyelid
H02125,Mechanical ectropion of left lower eyelid
H02126,Mechanical ectropion of left eye unspecified eyelid
H02129,Mechanical ectropion of unspecified eye unspecified eyelid
H02131,Senile ectropion of right upper eyelid
H02132,Senile ectropion of right lower eyelid
H02133,Senile ectropion of right eye unspecified eyelid
H02134,Senile ectropion of left upper eyelid
H02135,Senile ectropion of left lower eyelid
H02136,Senile ectropion of left eye unspecified eyelid
H02139,Senile ectropion of unspecified eye unspecified eyelid
H02141,Spastic ectropion of right upper eyelid
H02142,Spastic ectropion of right lower eyelid
H02143,Spastic ectropion of right eye unspecified eyelid
H02144,Spastic ectropion of left upper eyelid
H02145,Spastic ectropion of left lower eyelid
H02146,Spastic ectropion of left eye unspecified eyelid
H02149,Spastic ectropion of unspecified eye unspecified eyelid
H02151,Paralytic ectropion of right upper eyelid
H02152,Paralytic ectropion of right lower eyelid
H02153,Paralytic ectropion of right eye unspecified eyelid
H02154,Paralytic ectropion of left upper eyelid
H02155,Paralytic ectropion of left lower eyelid
H02156,Paralytic ectropion of left eye unspecified eyelid
H02159,Paralytic ectropion of unspecified eye unspecified eyelid
H02201,Unspecified lagophthalmos right upper eyelid
H02202,Unspecified lagophthalmos right lower eyelid
H02203,Unspecified lagophthalmos right eye unspecified eyelid
H02204,Unspecified lagophthalmos left upper eyelid
H02205,Unspecified lagophthalmos left lower eyelid
H02206,Unspecified lagophthalmos left eye unspecified eyelid
H02209,Unspecified lagophthalmos unspecified eye unspecified eyelid
H0220A,Unspecified lagophthalmos right eye upper and lower eyelids
H0220B,Unspecified lagophthalmos left eye upper and lower eyelids
H0220C,Unspecified lagophthalmos bilateral upper and lower eyelids
H02211,Cicatricial lagophthalmos right upper eyelid
H02212,Cicatricial lagophthalmos right lower eyelid
H02213,Cicatricial lagophthalmos right eye unspecified eyelid
H02214,Cicatricial lagophthalmos left upper eyelid
H02215,Cicatricial lagophthalmos left lower eyelid
H02216,Cicatricial lagophthalmos left eye unspecified eyelid
H02219,Cicatricial lagophthalmos unspecified eye unspecified eyelid
H0221A,Cicatricial lagophthalmos right eye upper and lower eyelids
H0221B,Cicatricial lagophthalmos left eye upper and lower eyelids
H0221C,Cicatricial lagophthalmos bilateral upper and lower eyelids
H02221,Mechanical lagophthalmos right upper eyelid
H02222,Mechanical lagophthalmos right lower eyelid
H02223,Mechanical lagophthalmos right eye unspecified eyelid
H02224,Mechanical lagophthalmos left upper eyelid
H02225,Mechanical lagophthalmos left lower eyelid
H02226,Mechanical lagophthalmos left eye unspecified eyelid
H02229,Mechanical lagophthalmos unspecified eye unspecified eyelid
H0222A,Mechanical lagophthalmos right eye upper and lower eyelids
H0222B,Mechanical lagophthalmos left eye upper and lower eyelids
H0222C,Mechanical lagophthalmos bilateral upper and lower eyelids
H02231,Paralytic lagophthalmos right upper eyelid
H02232,Paralytic lagophthalmos right lower eyelid
H02233,Paralytic lagophthalmos right eye unspecified eyelid
H02234,Paralytic lagophthalmos left upper eyelid
H02235,Paralytic lagophthalmos left lower eyelid
H02236,Paralytic lagophthalmos left eye unspecified eyelid
H02239,Paralytic lagophthalmos unspecified eye unspecified eyelid
H0223A,Paralytic lagophthalmos right eye upper and lower eyelids
H0223B,Paralytic lagophthalmos left eye upper and lower eyelids
H0223C,Paralytic lagophthalmos bilateral upper and lower eyelids
H0230,Blepharochalasis unspecified eye unspecified eyelid
H0231,Blepharochalasis right upper eyelid
H0232,Blepharochalasis right lower eyelid
H0233,Blepharochalasis right eye unspecified eyelid
H0234,Blepharochalasis left upper eyelid
H0235,Blepharochalasis left lower eyelid
H0236,Blepharochalasis left eye unspecified eyelid
H02401,Unspecified ptosis of right eyelid
H02402,Unspecified ptosis of left eyelid
H02403,Unspecified ptosis of bilateral eyelids
H02409,Unspecified ptosis of unspecified eyelid
H02411,Mechanical ptosis of right eyelid
H02412,Mechanical ptosis of left eyelid
H02413,Mechanical ptosis of bilateral eyelids
H02419,Mechanical ptosis of unspecified eyelid
H02421,Myogenic ptosis of right eyelid
H02422,Myogenic ptosis of left eyelid
H02423,Myogenic ptosis of bilateral eyelids
H02429,Myogenic ptosis of unspecified eyelid
H02431,Paralytic ptosis of right eyelid
H02432,Paralytic ptosis of left eyelid
H02433,Paralytic ptosis of bilateral eyelids
H02439,Paralytic ptosis unspecified eyelid
H02511,Abnormal innervation syndrome right upper eyelid
H02512,Abnormal innervation syndrome right lower eyelid
H02513,Abnormal innervation syndrome right eye unspecified eyelid
H02514,Abnormal innervation syndrome left upper eyelid
H02515,Abnormal innervation syndrome left lower eyelid
H02516,Abnormal innervation syndrome left eye unspecified eyelid
H02519,Abnormal innervation syndrome unspecified eye unspecified eyelid
H02521,Blepharophimosis right upper eyelid
H02522,Blepharophimosis right lower eyelid
H02523,Blepharophimosis right eye unspecified eyelid
H02524,Blepharophimosis left upper eyelid
H02525,Blepharophimosis left lower eyelid
H02526,Blepharophimosis left eye unspecified eyelid
H02529,Blepharophimosis unspecified eye unspecified lid
H02531,Eyelid retraction right upper eyelid
H02532,Eyelid retraction right lower eyelid
H02533,Eyelid retraction right eye unspecified eyelid
H02534,Eyelid retraction left upper eyelid
H02535,Eyelid retraction left lower eyelid
H02536,Eyelid retraction left eye unspecified eyelid
H02539,Eyelid retraction unspecified eye unspecified lid
H0259,Other disorders affecting eyelid function
H0260,Xanthelasma of unspecified eye unspecified eyelid
H0261,Xanthelasma of right upper eyelid
H0262,Xanthelasma of right lower eyelid
H0263,Xanthelasma of right eye unspecified eyelid
H0264,Xanthelasma of left upper eyelid
H0265,Xanthelasma of left lower eyelid
H0266,Xanthelasma of left eye unspecified eyelid
H0270,Unspecified degenerative disorders of eyelid and periocular area
H02711,Chloasma of right upper eyelid and periocular area
H02712,Chloasma of right lower eyelid and periocular area
H02713,Chloasma of right eye unspecified eyelid and periocular area
H02714,Chloasma of left upper eyelid and periocular area
H02715,Chloasma of left lower eyelid and periocular area
H02716,Chloasma of left eye unspecified eyelid and periocular area
H02719,Chloasma of unspecified eye unspecified eyelid and periocular area
H02721,Madarosis of right upper eyelid and periocular area
H02722,Madarosis of right lower eyelid and periocular area
H02723,Madarosis of right eye unspecified eyelid and periocular area
H02724,Madarosis of left upper eyelid and periocular area
H02725,Madarosis of left lower eyelid and periocular area
H02726,Madarosis of left eye unspecified eyelid and periocular area
H02729,Madarosis of unspecified eye unspecified eyelid and periocular area
H02731,Vitiligo of right upper eyelid and periocular area
H02732,Vitiligo of right lower eyelid and periocular area
H02733,Vitiligo of right eye unspecified eyelid and periocular area
H02734,Vitiligo of left upper eyelid and periocular area
H02735,Vitiligo of left lower eyelid and periocular area
H02736,Vitiligo of left eye unspecified eyelid and periocular area
H02739,Vitiligo of unspecified eye unspecified eyelid and periocular area
H0279,Other degenerative disorders of eyelid and periocular area
H02811,Retained foreign body in right upper eyelid
H02812,Retained foreign body in right lower eyelid
H02813,Retained foreign body in right eye unspecified eyelid
H02814,Retained foreign body in left upper eyelid
H02815,Retained foreign body in left lower eyelid
H02816,Retained foreign body in left eye unspecified eyelid
H02819,Retained foreign body in unspecified eye unspecified eyelid
H02821,Cysts of right upper eyelid
H02822,Cysts of right lower eyelid
H02823,Cysts of right eye unspecified eyelid
H02824,Cysts of left upper eyelid
H02825,Cysts of left lower eyelid
H02826,Cysts of left eye unspecified eyelid
H02829,Cysts of unspecified eye unspecified eyelid
H02831,Dermatochalasis of right upper eyelid
H02832,Dermatochalasis of right lower eyelid
H02833,Dermatochalasis of right eye unspecified eyelid
H02834,Dermatochalasis of left upper eyelid
H02835,Dermatochalasis of left lower eyelid
H02836,Dermatochalasis of left eye unspecified eyelid
H02839,Dermatochalasis of unspecified eye unspecified eyelid
H02841,Edema of right upper eyelid
H02842,Edema of right lower eyelid
H02843,Edema of right eye unspecified eyelid
H02844,Edema of left upper eyelid
H02845,Edema of left lower eyelid
H02846,Edema of left eye unspecified eyelid
H02849,Edema of unspecified eye unspecified eyelid
H02851,Elephantiasis of right upper eyelid
H02852,Elephantiasis of right lower eyelid
H02853,Elephantiasis of right eye unspecified eyelid
H02854,Elephantiasis of left upper eyelid
H02855,Elephantiasis of left lower eyelid
H02856,Elephantiasis of left eye unspecified eyelid
H02859,Elephantiasis of unspecified eye unspecified eyelid
H02861,Hypertrichosis of right upper eyelid
H02862,Hypertrichosis of right lower eyelid
H02863,Hypertrichosis of right eye unspecified eyelid
H02864,Hypertrichosis of left upper eyelid
H02865,Hypertrichosis of left lower eyelid
H02866,Hypertrichosis of left eye unspecified eyelid
H02869,Hypertrichosis of unspecified eye unspecified eyelid
H02871,Vascular anomalies of right upper eyelid
H02872,Vascular anomalies of right lower eyelid
H02873,Vascular anomalies of right eye unspecified eyelid
H02874,Vascular anomalies of left upper eyelid
H02875,Vascular anomalies of left lower eyelid
H02876,Vascular anomalies of left eye unspecified eyelid
H02879,Vascular anomalies of unspecified eye unspecified eyelid
"H02881
,Meibomian gland dysfunction right upper eyelid"
"H02882
,Meibomian gland dysfunction right lower eyelid"
"H02883
,Meibomian gland dysfunction of right eye unspecified eyelid"
"H02884
,Meibomian gland dysfunction left upper eyelid"
"H02885
,Meibomian gland dysfunction left lower eyelid"
"H02886
,Meibomian gland dysfunction of left eye unspecified eyelid"
"H02889
,Meibomian gland dysfunction of unspecified eye unspecified eyelid"
"H0288A
,Meibomian gland dysfunction right eye upper and lower eyelids"
"H0288B
,Meibomian gland dysfunction left eye upper and lower eyelid"
H0289,Other specified disorders of eyelid
H029,Unspecified disorder of eyelid
H04001,Unspecified dacryoadenitis right lacrimal gland
H04002,Unspecified dacryoadenitis left lacrimal gland
H04003,Unspecified dacryoadenitis bilateral lacrimal glands
H04009,Unspecified dacryoadenitis unspecified lacrimal gland
H04011,Acute dacryoadenitis right lacrimal gland
H04012,Acute dacryoadenitis left lacrimal gland
H04013,Acute dacryoadenitis bilateral lacrimal glands
H04019,Acute dacryoadenitis unspecified lacrimal gland
H04021,Chronic dacryoadenitis right lacrimal gland
H04022,Chronic dacryoadenitis left lacrimal gland
H04023,Chronic dacryoadenitis bilateral lacrimal gland
H04029,Chronic dacryoadenitis unspecified lacrimal gland
H04031,Chronic enlargement of right lacrimal gland
H04032,Chronic enlargement of left lacrimal gland
H04033,Chronic enlargement of bilateral lacrimal glands
H04039,Chronic enlargement of unspecified lacrimal gland
H04111,Dacryops of right lacrimal gland
H04112,Dacryops of left lacrimal gland
H04113,Dacryops of bilateral lacrimal glands
H04119,Dacryops of unspecified lacrimal gland
H04121,Dry eye syndrome of right lacrimal gland
H04122,Dry eye syndrome of left lacrimal gland
H04123,Dry eye syndrome of bilateral lacrimal glands
H04129,Dry eye syndrome of unspecified lacrimal gland
H04131,Lacrimal cyst right lacrimal gland
H04132,Lacrimal cyst left lacrimal gland
H04133,Lacrimal cyst bilateral lacrimal glands
H04139,Lacrimal cyst unspecified lacrimal gland
H04141,Primary lacrimal gland atrophy right lacrimal gland
H04142,Primary lacrimal gland atrophy left lacrimal gland
H04143,Primary lacrimal gland atrophy bilateral lacrimal glands
H04149,Primary lacrimal gland atrophy unspecified lacrimal gland
H04151,Secondary lacrimal gland atrophy right lacrimal gland
H04152,Secondary lacrimal gland atrophy left lacrimal gland
H04153,Secondary lacrimal gland atrophy bilateral lacrimal glands
H04159,Secondary lacrimal gland atrophy unspecified lacrimal gland
H04161,Lacrimal gland dislocation right lacrimal gland
H04162,Lacrimal gland dislocation left lacrimal gland
H04163,Lacrimal gland dislocation bilateral lacrimal glands
H04169,Lacrimal gland dislocation unspecified lacrimal gland
H0419,Other specified disorders of lacrimal gland
H04201,Unspecified epiphora right side
H04202,Unspecified epiphora left side
H04203,Unspecified epiphora bilateral
H04209,Unspecified epiphora unspecified side
H04211,Epiphora due to excess lacrimation right lacrimal gland
H04212,Epiphora due to excess lacrimation left lacrimal gland
H04213,Epiphora due to excess lacrimation bilateral lacrimal glands
H04219,Epiphora due to excess lacrimation unspecified lacrimal gland
H04221,Epiphora due to insufficient drainage right side
H04222,Epiphora due to insufficient drainage left side
H04223,Epiphora due to insufficient drainage bilateral
H04229,Epiphora due to insufficient drainage unspecified side
H04301,Unspecified dacryocystitis of right lacrimal passage
H04302,Unspecified dacryocystitis of left lacrimal passage
H04303,Unspecified dacryocystitis of bilateral lacrimal passages
H04309,Unspecified dacryocystitis of unspecified lacrimal passage
H04311,Phlegmonous dacryocystitis of right lacrimal passage
H04312,Phlegmonous dacryocystitis of left lacrimal passage
H04313,Phlegmonous dacryocystitis of bilateral lacrimal passages
H04319,Phlegmonous dacryocystitis of unspecified lacrimal passage
H04321,Acute dacryocystitis of right lacrimal passage
H04322,Acute dacryocystitis of left lacrimal passage
H04323,Acute dacryocystitis of bilateral lacrimal passages
H04329,Acute dacryocystitis of unspecified lacrimal passage
H04331,Acute lacrimal canaliculitis of right lacrimal passage
H04332,Acute lacrimal canaliculitis of left lacrimal passage
H04333,Acute lacrimal canaliculitis of bilateral lacrimal passages
H04339,Acute lacrimal canaliculitis of unspecified lacrimal passage
H04411,Chronic dacryocystitis of right lacrimal passage
H04412,Chronic dacryocystitis of left lacrimal passage
H04413,Chronic dacryocystitis of bilateral lacrimal passages
H04419,Chronic dacryocystitis of unspecified lacrimal passage
H04421,Chronic lacrimal canaliculitis of right lacrimal passage
H04422,Chronic lacrimal canaliculitis of left lacrimal passage
H04423,Chronic lacrimal canaliculitis of bilateral lacrimal passages
H04429,Chronic lacrimal canaliculitis of unspecified lacrimal passage
H04431,Chronic lacrimal mucocele of right lacrimal passage
H04432,Chronic lacrimal mucocele of left lacrimal passage
H04433,Chronic lacrimal mucocele of bilateral lacrimal passages
H04439,Chronic lacrimal mucocele of unspecified lacrimal passage
H04511,Dacryolith of right lacrimal passage
H04512,Dacryolith of left lacrimal passage
H04513,Dacryolith of bilateral lacrimal passages
H04519,Dacryolith of unspecified lacrimal passage
H04521,Eversion of right lacrimal punctum
H04522,Eversion of left lacrimal punctum
H04523,Eversion of bilateral lacrimal punctum
H04529,Eversion of unspecified lacrimal punctum
H04531,Neonatal obstruction of right nasolacrimal duct
H04532,Neonatal obstruction of left nasolacrimal duct
H04533,Neonatal obstruction of bilateral nasolacrimal duct
H04539,Neonatal obstruction of unspecified nasolacrimal duct
H04541,Stenosis of right lacrimal canaliculi
H04542,Stenosis of left lacrimal canaliculi
H04543,Stenosis of bilateral lacrimal canaliculi
H04549,Stenosis of unspecified lacrimal canaliculi
H04551,Acquired stenosis of right nasolacrimal duct
H04552,Acquired stenosis of left nasolacrimal duct
H04553,Acquired stenosis of bilateral nasolacrimal duct
H04559,Acquired stenosis of unspecified nasolacrimal duct
H04561,Stenosis of right lacrimal punctum
H04562,Stenosis of left lacrimal punctum
H04563,Stenosis of bilateral lacrimal punctum
H04569,Stenosis of unspecified lacrimal punctum
H04571,Stenosis of right lacrimal sac
H04572,Stenosis of left lacrimal sac
H04573,Stenosis of bilateral lacrimal sac
H04579,Stenosis of unspecified lacrimal sac
H04611,Lacrimal fistula right lacrimal passage
H04612,Lacrimal fistula left lacrimal passage
H04613,Lacrimal fistula bilateral lacrimal passages
H04619,Lacrimal fistula unspecified lacrimal passage
H0469,Other changes of lacrimal passages
H04811,Granuloma of right lacrimal passage
H04812,Granuloma of left lacrimal passage
H04813,Granuloma of bilateral lacrimal passages
H04819,Granuloma of unspecified lacrimal passage
H0489,Other disorders of lacrimal system
H049,Disorder of lacrimal system unspecified
H0500,Unspecified acute inflammation of orbit
H05011,Cellulitis of right orbit
H05012,Cellulitis of left orbit
H05013,Cellulitis of bilateral orbits
H05019,Cellulitis of unspecified orbit
H05021,Osteomyelitis of right orbit
H05022,Osteomyelitis of left orbit
H05023,Osteomyelitis of bilateral orbits
H05029,Osteomyelitis of unspecified orbit
H05031,Periostitis of right orbit
H05032,Periostitis of left orbit
H05033,Periostitis of bilateral orbits
H05039,Periostitis of unspecified orbit
H05041,Tenonitis of right orbit
H05042,Tenonitis of left orbit
H05043,Tenonitis of bilateral orbits
H05049,Tenonitis of unspecified orbit
H0510,Unspecified chronic inflammatory disorders of orbit
H05111,Granuloma of right orbit
H05112,Granuloma of left orbit
H05113,Granuloma of bilateral orbits
H05119,Granuloma of unspecified orbit
H05121,Orbital myositis right orbit
H05122,Orbital myositis left orbit
H05123,Orbital myositis bilateral
H05129,Orbital myositis unspecified orbit
H0520,Unspecified exophthalmos
H05211,Displacement (lateral) of globe right eye
H05212,Displacement (lateral) of globe left eye
H05213,Displacement (lateral) of globe bilateral
H05219,Displacement (lateral) of globe unspecified eye
H05221,Edema of right orbit
H05222,Edema of left orbit
H05223,Edema of bilateral orbit
H05229,Edema of unspecified orbit
H05231,Hemorrhage of right orbit
H05232,Hemorrhage of left orbit
H05233,Hemorrhage of bilateral orbit
H05239,Hemorrhage of unspecified orbit
H05241,Constant exophthalmos right eye
H05242,Constant exophthalmos left eye
H05243,Constant exophthalmos bilateral
H05249,Constant exophthalmos unspecified eye
H05251,Intermittent exophthalmos right eye
H05252,Intermittent exophthalmos left eye
H05253,Intermittent exophthalmos bilateral
H05259,Intermittent exophthalmos unspecified eye
H05261,Pulsating exophthalmos right eye
H05262,Pulsating exophthalmos left eye
H05263,Pulsating exophthalmos bilateral
H05269,Pulsating exophthalmos unspecified eye
H0530,Unspecified deformity of orbit
H05311,Atrophy of right orbit
H05312,Atrophy of left orbit
H05313,Atrophy of bilateral orbit
H05319,Atrophy of unspecified orbit
H05321,Deformity of right orbit due to bone disease
H05322,Deformity of left orbit due to bone disease
H05323,Deformity of bilateral orbits due to bone disease
H05329,Deformity of unspecified orbit due to bone disease
H05331,Deformity of right orbit due to trauma or surgery
H05332,Deformity of left orbit due to trauma or surgery
H05333,Deformity of bilateral orbits due to trauma or surgery
H05339,Deformity of unspecified orbit due to trauma or surgery
H05341,Enlargement of right orbit
H05342,Enlargement of left orbit
H05343,Enlargement of bilateral orbits
H05349,Enlargement of unspecified orbit
H05351,Exostosis of right orbit
H05352,Exostosis of left orbit
H05353,Exostosis of bilateral orbits
H05359,Exostosis of unspecified orbit
H05401,Unspecified enophthalmos right eye
H05402,Unspecified enophthalmos left eye
H05403,Unspecified enophthalmos bilateral
H05409,Unspecified enophthalmos unspecified eye
H05411,Enophthalmos due to atrophy of orbital tissue right eye
H05412,Enophthalmos due to atrophy of orbital tissue left eye
H05413,Enophthalmos due to atrophy of orbital tissue bilateral
H05419,Enophthalmos due to atrophy of orbital tissue unspecified eye
H05421,Enophthalmos due to trauma or surgery right eye
H05422,Enophthalmos due to trauma or surgery left eye
H05423,Enophthalmos due to trauma or surgery bilateral
H05429,Enophthalmos due to trauma or surgery unspecified eye
H0550,Retained (old) foreign body following penetrating wound of unspecified orbit
H0551,Retained (old) foreign body following penetrating wound of right orbit
H0552,Retained (old) foreign body following penetrating wound of left orbit
H0553,Retained (old) foreign body following penetrating wound of bilateral orbits
H05811,Cyst of right orbit
H05812,Cyst of left orbit
H05813,Cyst of bilateral orbits
H05819,Cyst of unspecified orbit
H05821,Myopathy of extraocular muscles right orbit
H05822,Myopathy of extraocular muscles left orbit
H05823,Myopathy of extraocular muscles bilateral
H05829,Myopathy of extraocular muscles unspecified orbit
H0589,Other disorders of orbit
H059,Unspecified disorder of orbit
H10011,Acute follicular conjunctivitis right eye
H10012,Acute follicular conjunctivitis left eye
H10013,Acute follicular conjunctivitis bilateral
H10019,Acute follicular conjunctivitis unspecified eye
H10021,Other mucopurulent conjunctivitis right eye
H10022,Other mucopurulent conjunctivitis left eye
H10023,Other mucopurulent conjunctivitis bilateral
H10029,Other mucopurulent conjunctivitis unspecified eye
H1010,Acute atopic conjunctivitis unspecified eye
H1011,Acute atopic conjunctivitis right eye
H1012,Acute atopic conjunctivitis left eye
H1013,Acute atopic conjunctivitis bilateral
H10211,Acute toxic conjunctivitis right eye
H10212,Acute toxic conjunctivitis left eye
H10213,Acute toxic conjunctivitis bilateral
H10219,Acute toxic conjunctivitis unspecified eye
H10221,Pseudomembranous conjunctivitis right eye
H10222,Pseudomembranous conjunctivitis left eye
H10223,Pseudomembranous conjunctivitis bilateral
H10229,Pseudomembranous conjunctivitis unspecified eye
H10231,Serous conjunctivitis except viral right eye
H10232,Serous conjunctivitis except viral left eye
H10233,Serous conjunctivitis except viral bilateral
H10239,Serous conjunctivitis except viral unspecified eye
H1030,Unspecified acute conjunctivitis unspecified eye
H1031,Unspecified acute conjunctivitis right eye
H1032,Unspecified acute conjunctivitis left eye
H1033,Unspecified acute conjunctivitis bilateral
H10401,Unspecified chronic conjunctivitis right eye
H10402,Unspecified chronic conjunctivitis left eye
H10403,Unspecified chronic conjunctivitis bilateral
H10409,Unspecified chronic conjunctivitis unspecified eye
H10411,Chronic giant papillary conjunctivitis right eye
H10412,Chronic giant papillary conjunctivitis left eye
H10413,Chronic giant papillary conjunctivitis bilateral
H10419,Chronic giant papillary conjunctivitis unspecified eye
H10421,Simple chronic conjunctivitis right eye
H10422,Simple chronic conjunctivitis left eye
H10423,Simple chronic conjunctivitis bilateral
H10429,Simple chronic conjunctivitis unspecified eye
H10431,Chronic follicular conjunctivitis right eye
H10432,Chronic follicular conjunctivitis left eye
H10433,Chronic follicular conjunctivitis bilateral
H10439,Chronic follicular conjunctivitis unspecified eye
H1044,Vernal conjunctivitis
H1045,Other chronic allergic conjunctivitis
H10501,Unspecified blepharoconjunctivitis right eye
H10502,Unspecified blepharoconjunctivitis left eye
H10503,Unspecified blepharoconjunctivitis bilateral
H10509,Unspecified blepharoconjunctivitis unspecified eye
H10511,Ligneous conjunctivitis right eye
H10512,Ligneous conjunctivitis left eye
H10513,Ligneous conjunctivitis bilateral
H10519,Ligneous conjunctivitis unspecified eye
H10521,Angular blepharoconjunctivitis right eye
H10522,Angular blepharoconjunctivitis left eye
H10523,Angular blepharoconjunctivitis bilateral
H10529,Angular blepharoconjunctivitis unspecified eye
H10531,Contact blepharoconjunctivitis right eye
H10532,Contact blepharoconjunctivitis left eye
H10533,Contact blepharoconjunctivitis bilateral
H10539,Contact blepharoconjunctivitis unspecified eye
H10811,Pingueculitis right eye
H10812,Pingueculitis left eye
H10813,Pingueculitis bilateral
H10819,Pingueculitis unspecified eye
H10821,Rosacea conjunctivitis right eye
H10822,Rosacea conjunctivitis left eye
H10823,Rosacea conjunctivitis bilateral
H10829,Rosacea conjunctivitis unspecified eye
H1089,Other conjunctivitis
H109,Unspecified conjunctivitis
H11001,Unspecified pterygium of right eye
H11002,Unspecified pterygium of left eye
H11003,Unspecified pterygium of eye bilateral
H11009,Unspecified pterygium of unspecified eye
H11011,Amyloid pterygium of right eye
H11012,Amyloid pterygium of left eye
H11013,Amyloid pterygium of eye bilateral
H11019,Amyloid pterygium of unspecified eye
H11021,Central pterygium of right eye
H11022,Central pterygium of left eye
H11023,Central pterygium of eye bilateral
H11029,Central pterygium of unspecified eye
H11031,Double pterygium of right eye
H11032,Double pterygium of left eye
H11033,Double pterygium of eye bilateral
H11039,Double pterygium of unspecified eye
H11041,Peripheral pterygium stationary right eye
H11042,Peripheral pterygium stationary left eye
H11043,Peripheral pterygium stationary bilateral
H11049,Peripheral pterygium stationary unspecified eye
H11051,Peripheral pterygium progressive right eye
H11052,Peripheral pterygium progressive left eye
H11053,Peripheral pterygium progressive bilateral
H11059,Peripheral pterygium progressive unspecified eye
H11061,Recurrent pterygium of right eye
H11062,Recurrent pterygium of left eye
H11063,Recurrent pterygium of eye bilateral
H11069,Recurrent pterygium of unspecified eye
H1110,Unspecified conjunctival degenerations
H11111,Conjunctival deposits right eye
H11112,Conjunctival deposits left eye
H11113,Conjunctival deposits bilateral
H11119,Conjunctival deposits unspecified eye
H11121,Conjunctival concretions right eye
H11122,Conjunctival concretions left eye
H11123,Conjunctival concretions bilateral
H11129,Conjunctival concretions unspecified eye
H11131,Conjunctival pigmentations right eye
H11132,Conjunctival pigmentations left eye
H11133,Conjunctival pigmentations bilateral
H11139,Conjunctival pigmentations unspecified eye
H11141,Conjunctival xerosis unspecified right eye
H11142,Conjunctival xerosis unspecified left eye
H11143,Conjunctival xerosis unspecified bilateral
H11149,Conjunctival xerosis unspecified unspecified eye
H11151,Pinguecula right eye
H11152,Pinguecula left eye
H11153,Pinguecula bilateral
H11159,Pinguecula unspecified eye
H11211,Conjunctival adhesions and strands (localized) right eye
H11212,Conjunctival adhesions and strands (localized) left eye
H11213,Conjunctival adhesions and strands (localized) bilateral
H11219,Conjunctival adhesions and strands (localized) unspecified eye
H11221,Conjunctival granuloma right eye
H11222,Conjunctival granuloma left eye
H11223,Conjunctival granuloma bilateral
H11229,Conjunctival granuloma unspecified
H11231,Symblepharon right eye
H11232,Symblepharon left eye
H11233,Symblepharon bilateral
H11239,Symblepharon unspecified eye
H11241,Scarring of conjunctiva right eye
H11242,Scarring of conjunctiva left eye
H11243,Scarring of conjunctiva bilateral
H11249,Scarring of conjunctiva unspecified eye
H1130,Conjunctival hemorrhage unspecified eye
H1131,Conjunctival hemorrhage right eye
H1132,Conjunctival hemorrhage left eye
H1133,Conjunctival hemorrhage bilateral
H11411,Vascular abnormalities of conjunctiva right eye
H11412,Vascular abnormalities of conjunctiva left eye
H11413,Vascular abnormalities of conjunctiva bilateral
H11419,Vascular abnormalities of conjunctiva unspecified eye
H11421,Conjunctival edema right eye
H11422,Conjunctival edema left eye
H11423,Conjunctival edema bilateral
H11429,Conjunctival edema unspecified eye
H11431,Conjunctival hyperemia right eye
H11432,Conjunctival hyperemia left eye
H11433,Conjunctival hyperemia bilateral
H11439,Conjunctival hyperemia unspecified eye
H11441,Conjunctival cysts right eye
H11442,Conjunctival cysts left eye
H11443,Conjunctival cysts bilateral
H11449,Conjunctival cysts unspecified eye
H11811,Pseudopterygium of conjunctiva right eye
H11812,Pseudopterygium of conjunctiva left eye
H11813,Pseudopterygium of conjunctiva bilateral
H11819,Pseudopterygium of conjunctiva unspecified eye
H11821,Conjunctivochalasis right eye
H11822,Conjunctivochalasis left eye
H11823,Conjunctivochalasis bilateral
H11829,Conjunctivochalasis unspecified eye
H1189,Other specified disorders of conjunctiva
H119,Unspecified disorder of conjunctiva
H15001,Unspecified scleritis right eye
H15002,Unspecified scleritis left eye
H15003,Unspecified scleritis bilateral
H15009,Unspecified scleritis unspecified eye
H15011,Anterior scleritis right eye
H15012,Anterior scleritis left eye
H15013,Anterior scleritis bilateral
H15019,Anterior scleritis unspecified eye
H15021,Brawny scleritis right eye
H15022,Brawny scleritis left eye
H15023,Brawny scleritis bilateral
H15029,Brawny scleritis unspecified eye
H15031,Posterior scleritis right eye
H15032,Posterior scleritis left eye
H15033,Posterior scleritis bilateral
H15039,Posterior scleritis unspecified eye
H15041,Scleritis with corneal involvement right eye
H15042,Scleritis with corneal involvement left eye
H15043,Scleritis with corneal involvement bilateral
H15049,Scleritis with corneal involvement unspecified eye
H15051,Scleromalacia perforans right eye
H15052,Scleromalacia perforans left eye
H15053,Scleromalacia perforans bilateral
H15059,Scleromalacia perforans unspecified eye
H15091,Other scleritis right eye
H15092,Other scleritis left eye
H15093,Other scleritis bilateral
H15099,Other scleritis unspecified eye
H15101,Unspecified episcleritis right eye
H15102,Unspecified episcleritis left eye
H15103,Unspecified episcleritis bilateral
H15109,Unspecified episcleritis unspecified eye
H15111,Episcleritis periodica fugax right eye
H15112,Episcleritis periodica fugax left eye
H15113,Episcleritis periodica fugax bilateral
H15119,Episcleritis periodica fugax unspecified eye
H15121,Nodular episcleritis right eye
H15122,Nodular episcleritis left eye
H15123,Nodular episcleritis bilateral
H15129,Nodular episcleritis unspecified eye
H15811,Equatorial staphyloma right eye
H15812,Equatorial staphyloma left eye
H15813,Equatorial staphyloma bilateral
H15819,Equatorial staphyloma unspecified eye
H15821,Localized anterior staphyloma right eye
H15822,Localized anterior staphyloma left eye
H15823,Localized anterior staphyloma bilateral
H15829,Localized anterior staphyloma unspecified eye
H15831,Staphyloma posticum right eye
H15832,Staphyloma posticum left eye
H15833,Staphyloma posticum bilateral
H15839,Staphyloma posticum unspecified eye
H15841,Scleral ectasia right eye
H15842,Scleral ectasia left eye
H15843,Scleral ectasia bilateral
H15849,Scleral ectasia unspecified eye
H15851,Ring staphyloma right eye
H15852,Ring staphyloma left eye
H15853,Ring staphyloma bilateral
H15859,Ring staphyloma unspecified eye
H1589,Other disorders of sclera
H159,Unspecified disorder of sclera
H16001,Unspecified corneal ulcer right eye
H16002,Unspecified corneal ulcer left eye
H16003,Unspecified corneal ulcer bilateral
H16009,Unspecified corneal ulcer unspecified eye
H16011,Central corneal ulcer right eye
H16012,Central corneal ulcer left eye
H16013,Central corneal ulcer bilateral
H16019,Central corneal ulcer unspecified eye
H16021,Ring corneal ulcer right eye
H16022,Ring corneal ulcer left eye
H16023,Ring corneal ulcer bilateral
H16029,Ring corneal ulcer unspecified eye
H16031,Corneal ulcer with hypopyon right eye
H16032,Corneal ulcer with hypopyon left eye
H16033,Corneal ulcer with hypopyon bilateral
H16039,Corneal ulcer with hypopyon unspecified eye
H16041,Marginal corneal ulcer right eye
H16042,Marginal corneal ulcer left eye
H16043,Marginal corneal ulcer bilateral
H16049,Marginal corneal ulcer unspecified eye
H16051,Mooren's corneal ulcer right eye
H16052,Mooren's corneal ulcer left eye
H16053,Mooren's corneal ulcer bilateral
H16059,Mooren's corneal ulcer unspecified eye
H16061,Mycotic corneal ulcer right eye
H16062,Mycotic corneal ulcer left eye
H16063,Mycotic corneal ulcer bilateral
H16069,Mycotic corneal ulcer unspecified eye
H16071,Perforated corneal ulcer right eye
H16072,Perforated corneal ulcer left eye
H16073,Perforated corneal ulcer bilateral
H16079,Perforated corneal ulcer unspecified eye
H16101,Unspecified superficial keratitis right eye
H16102,Unspecified superficial keratitis left eye
H16103,Unspecified superficial keratitis bilateral
H16109,Unspecified superficial keratitis unspecified eye
H16111,Macular keratitis right eye
H16112,Macular keratitis left eye
H16113,Macular keratitis bilateral
H16119,Macular keratitis unspecified eye
H16121,Filamentary keratitis right eye
H16122,Filamentary keratitis left eye
H16123,Filamentary keratitis bilateral
H16129,Filamentary keratitis unspecified eye
H16131,Photokeratitis right eye
H16132,Photokeratitis left eye
H16133,Photokeratitis bilateral
H16139,Photokeratitis unspecified eye
H16141,Punctate keratitis right eye
H16142,Punctate keratitis left eye
H16143,Punctate keratitis bilateral
H16149,Punctate keratitis unspecified eye
H16201,Unspecified keratoconjunctivitis right eye
H16202,Unspecified keratoconjunctivitis left eye
H16203,Unspecified keratoconjunctivitis bilateral
H16209,Unspecified keratoconjunctivitis unspecified eye
H16211,Exposure keratoconjunctivitis right eye
H16212,Exposure keratoconjunctivitis left eye
H16213,Exposure keratoconjunctivitis bilateral
H16219,Exposure keratoconjunctivitis unspecified eye
H16221,Keratoconjunctivitis sicca not specified as Sjogren's right eye
H16222,Keratoconjunctivitis sicca not specified as Sjogren's left eye
H16223,Keratoconjunctivitis sicca not specified as Sjogren's bilateral
H16229,Keratoconjunctivitis sicca not specified as Sjogren's unspecified eye
H16231,Neurotrophic keratoconjunctivitis right eye
H16232,Neurotrophic keratoconjunctivitis left eye
H16233,Neurotrophic keratoconjunctivitis bilateral
H16239,Neurotrophic keratoconjunctivitis unspecified eye
H16241,Ophthalmia nodosa right eye
H16242,Ophthalmia nodosa left eye
H16243,Ophthalmia nodosa bilateral
H16249,Ophthalmia nodosa unspecified eye
H16251,Phlyctenular keratoconjunctivitis right eye
H16252,Phlyctenular keratoconjunctivitis left eye
H16253,Phlyctenular keratoconjunctivitis bilateral
H16259,Phlyctenular keratoconjunctivitis unspecified eye
H16261,Vernal keratoconjunctivitis with limbar and corneal involvement right eye
H16262,Vernal keratoconjunctivitis with limbar and corneal involvement left eye
H16263,Vernal keratoconjunctivitis with limbar and corneal involvement bilateral
H16269,Vernal keratoconjunctivitis with limbar and corneal involvement unspecified eye
H16291,Other keratoconjunctivitis right eye
H16292,Other keratoconjunctivitis left eye
H16293,Other keratoconjunctivitis bilateral
H16299,Other keratoconjunctivitis unspecified eye
H16301,Unspecified interstitial keratitis right eye
H16302,Unspecified interstitial keratitis left eye
H16303,Unspecified interstitial keratitis bilateral
H16309,Unspecified interstitial keratitis unspecified eye
H16311,Corneal abscess right eye
H16312,Corneal abscess left eye
H16313,Corneal abscess bilateral
H16319,Corneal abscess unspecified eye
H16321,Diffuse interstitial keratitis right eye
H16322,Diffuse interstitial keratitis left eye
H16323,Diffuse interstitial keratitis bilateral
H16329,Diffuse interstitial keratitis unspecified eye
H16331,Sclerosing keratitis right eye
H16332,Sclerosing keratitis left eye
H16333,Sclerosing keratitis bilateral
H16339,Sclerosing keratitis unspecified eye
H16391,Other interstitial and deep keratitis right eye
H16392,Other interstitial and deep keratitis left eye
H16393,Other interstitial and deep keratitis bilateral
H16399,Other interstitial and deep keratitis unspecified eye
H16401,Unspecified corneal neovascularization right eye
H16402,Unspecified corneal neovascularization left eye
H16403,Unspecified corneal neovascularization bilateral
H16409,Unspecified corneal neovascularization unspecified eye
H16411,Ghost vessels (corneal) right eye
H16412,Ghost vessels (corneal) left eye
H16413,Ghost vessels (corneal) bilateral
H16419,Ghost vessels (corneal) unspecified eye
H16421,Pannus (corneal) right eye
H16422,Pannus (corneal) left eye
H16423,Pannus (corneal) bilateral
H16429,Pannus (corneal) unspecified eye
H16431,Localized vascularization of cornea right eye
H16432,Localized vascularization of cornea left eye
H16433,Localized vascularization of cornea bilateral
H16439,Localized vascularization of cornea unspecified eye
H16441,Deep vascularization of cornea right eye
H16442,Deep vascularization of cornea left eye
H16443,Deep vascularization of cornea bilateral
H16449,Deep vascularization of cornea unspecified eye
H168,Other keratitis
H169,Unspecified keratitis
H1700,Adherent leukoma unspecified eye
H1701,Adherent leukoma right eye
H1702,Adherent leukoma left eye
H1703,Adherent leukoma bilateral
H1710,Central corneal opacity unspecified eye
H1711,Central corneal opacity right eye
H1712,Central corneal opacity left eye
H1713,Central corneal opacity bilateral
H17811,Minor opacity of cornea right eye
H17812,Minor opacity of cornea left eye
H17813,Minor opacity of cornea bilateral
H17819,Minor opacity of cornea unspecified eye
H17821,Peripheral opacity of cornea right eye
H17822,Peripheral opacity of cornea left eye
H17823,Peripheral opacity of cornea bilateral
H17829,Peripheral opacity of cornea unspecified eye
H1789,Other corneal scars and opacities
H179,Unspecified corneal scar and opacity
H18001,Unspecified corneal deposit right eye
H18002,Unspecified corneal deposit left eye
H18003,Unspecified corneal deposit bilateral
H18009,Unspecified corneal deposit unspecified eye
H18011,Anterior corneal pigmentations right eye
H18012,Anterior corneal pigmentations left eye
H18013,Anterior corneal pigmentations bilateral
H18019,Anterior corneal pigmentations unspecified eye
H18021,Argentous corneal deposits right eye
H18022,Argentous corneal deposits left eye
H18023,Argentous corneal deposits bilateral
H18029,Argentous corneal deposits unspecified eye
H18031,Corneal deposits in metabolic disorders right eye
H18032,Corneal deposits in metabolic disorders left eye
H18033,Corneal deposits in metabolic disorders bilateral
H18039,Corneal deposits in metabolic disorders unspecified eye
H18041,Kayser-Fleischer ring right eye
H18042,Kayser-Fleischer ring left eye
H18043,Kayser-Fleischer ring bilateral
H18049,Kayser-Fleischer ring unspecified eye
H18051,Posterior corneal pigmentations right eye
H18052,Posterior corneal pigmentations left eye
H18053,Posterior corneal pigmentations bilateral
H18059,Posterior corneal pigmentations unspecified eye
H18061,Stromal corneal pigmentations right eye
H18062,Stromal corneal pigmentations left eye
H18063,Stromal corneal pigmentations bilateral
H18069,Stromal corneal pigmentations unspecified eye
H1810,Bullous keratopathy unspecified eye
H1811,Bullous keratopathy right eye
H1812,Bullous keratopathy left eye
H1813,Bullous keratopathy bilateral
H1820,Unspecified corneal edema
H18211,Corneal edema secondary to contact lens right eye
H18212,Corneal edema secondary to contact lens left eye
H18213,Corneal edema secondary to contact lens bilateral
H18219,Corneal edema secondary to contact lens unspecified eye
H18221,Idiopathic corneal edema right eye
H18222,Idiopathic corneal edema left eye
H18223,Idiopathic corneal edema bilateral
H18229,Idiopathic corneal edema unspecified eye
H18231,Secondary corneal edema right eye
H18232,Secondary corneal edema left eye
H18233,Secondary corneal edema bilateral
H18239,Secondary corneal edema unspecified eye
H1830,Unspecified corneal membrane change
H18311,Folds and rupture in Bowman's membrane right eye
H18312,Folds and rupture in Bowman's membrane left eye
H18313,Folds and rupture in Bowman's membrane bilateral
H18319,Folds and rupture in Bowman's membrane unspecified eye
H18321,Folds in Descemet's membrane right eye
H18322,Folds in Descemet's membrane left eye
H18323,Folds in Descemet's membrane bilateral
H18329,Folds in Descemet's membrane unspecified eye
H18331,Rupture in Descemet's membrane right eye
H18332,Rupture in Descemet's membrane left eye
H18333,Rupture in Descemet's membrane bilateral
H18339,Rupture in Descemet's membrane unspecified eye
H1840,Unspecified corneal degeneration
H18411,Arcus senilis right eye
H18412,Arcus senilis left eye
H18413,Arcus senilis bilateral
H18419,Arcus senilis unspecified eye
H18421,Band keratopathy right eye
H18422,Band keratopathy left eye
H18423,Band keratopathy bilateral
H18429,Band keratopathy unspecified eye
H1843,Other calcerous corneal degeneration
H18441,Keratomalacia right eye
H18442,Keratomalacia left eye
H18443,Keratomalacia bilateral
H18449,Keratomalacia unspecified eye
H18451,Nodular corneal degeneration right eye
H18452,Nodular corneal degeneration left eye
H18453,Nodular corneal degeneration bilateral
H18459,Nodular corneal degeneration unspecified eye
H18461,Peripheral corneal degeneration right eye
H18462,Peripheral corneal degeneration left eye
H18463,Peripheral corneal degeneration bilateral
H18469,Peripheral corneal degeneration unspecified eye
H1849,Other corneal degeneration
H1850,Unspecified hereditary corneal dystrophies
H18501,Unspecified hereditary corneal dystrophies right eye
H18502,Unspecified hereditary corneal dystrophies left eye
H18503,Unspecified hereditary corneal dystrophies bilateral
H18509,Unspecified hereditary corneal dystrophies unspecified eye
H1851,Endothelial corneal dystrophy
H18511,Endothelial corneal dystrophy right eye
H18512,Endothelial corneal dystrophy left eye
H18513,Endothelial corneal dystrophy bilateral
H18519,Endothelial corneal dystrophy unspecified eye
H1852,Epithelial (juvenile) corneal dystrophy
H18521,Epithelial (juvenile) corneal dystrophy right eye
H18522,Epithelial (juvenile) corneal dystrophy left eye
H18523,Epithelial (juvenile) corneal dystrophy bilateral
H18529,Epithelial (juvenile) corneal dystrophy unspecified eye
H1853,Granular corneal dystrophy
H18531,Granular corneal dystrophy right eye
H18532,Granular corneal dystrophy left eye
H18533,Granular corneal dystrophy bilateral
H18539,Granular corneal dystrophy unspecified eye
H1854,Lattice corneal dystrophy
H18541,Lattice corneal dystrophy right eye
H18542,Lattice corneal dystrophy left eye
H18543,Lattice corneal dystrophy bilateral
H18549,Lattice corneal dystrophy unspecified eye
H1855,Macular corneal dystrophy
H18551,Macular corneal dystrophy right eye
H18552,Macular corneal dystrophy left eye
H18553,Macular corneal dystrophy bilateral
H18559,Macular corneal dystrophy unspecified eye
H1859,Other hereditary corneal dystrophies
H18591,Other hereditary corneal dystrophies right eye
H18592,Other hereditary corneal dystrophies left eye
H18593,Other hereditary corneal dystrophies bilateral
H18599,Other hereditary corneal dystrophies unspecified eye
H18601,Keratoconus unspecified right eye
H18602,Keratoconus unspecified left eye
H18603,Keratoconus unspecified bilateral
H18609,Keratoconus unspecified unspecified eye
H18611,Keratoconus stable right eye
H18612,Keratoconus stable left eye
H18613,Keratoconus stable bilateral
H18619,Keratoconus stable unspecified eye
H18621,Keratoconus unstable right eye
H18622,Keratoconus unstable left eye
H18623,Keratoconus unstable bilateral
H18629,Keratoconus unstable unspecified eye
H1870,Unspecified corneal deformity
H18711,Corneal ectasia right eye
H18712,Corneal ectasia left eye
H18713,Corneal ectasia bilateral
H18719,Corneal ectasia unspecified eye
H18721,Corneal staphyloma right eye
H18722,Corneal staphyloma left eye
H18723,Corneal staphyloma bilateral
H18729,Corneal staphyloma unspecified eye
H18731,Descemetocele right eye
H18732,Descemetocele left eye
H18733,Descemetocele bilateral
H18739,Descemetocele unspecified eye
H18791,Other corneal deformities right eye
H18792,Other corneal deformities left eye
H18793,Other corneal deformities bilateral
H18799,Other corneal deformities unspecified eye
H18811,Anesthesia and hypoesthesia of cornea right eye
H18812,Anesthesia and hypoesthesia of cornea left eye
H18813,Anesthesia and hypoesthesia of cornea bilateral
H18819,Anesthesia and hypoesthesia of cornea unspecified eye
H18821,Corneal disorder due to contact lens right eye
H18822,Corneal disorder due to contact lens left eye
H18823,Corneal disorder due to contact lens bilateral
H18829,Corneal disorder due to contact lens unspecified eye
H18831,Recurrent erosion of cornea right eye
H18832,Recurrent erosion of cornea left eye
H18833,Recurrent erosion of cornea bilateral
H18839,Recurrent erosion of cornea unspecified eye
H18891,Other specified disorders of cornea right eye
H18892,Other specified disorders of cornea left eye
H18893,Other specified disorders of cornea bilateral
H18899,Other specified disorders of cornea unspecified eye
H189,Unspecified disorder of cornea
H2000,Unspecified acute and subacute iridocyclitis
H20011,Primary iridocyclitis right eye
H20012,Primary iridocyclitis left eye
H20013,Primary iridocyclitis bilateral
H20019,Primary iridocyclitis unspecified eye
H20021,Recurrent acute iridocyclitis right eye
H20022,Recurrent acute iridocyclitis left eye
H20023,Recurrent acute iridocyclitis bilateral
H20029,Recurrent acute iridocyclitis unspecified eye
H20031,Secondary infectious iridocyclitis right eye
H20032,Secondary infectious iridocyclitis left eye
H20033,Secondary infectious iridocyclitis bilateral
H20039,Secondary infectious iridocyclitis unspecified eye
H20041,Secondary noninfectious iridocyclitis right eye
H20042,Secondary noninfectious iridocyclitis left eye
H20043,Secondary noninfectious iridocyclitis bilateral
H20049,Secondary noninfectious iridocyclitis unspecified eye
H20051,Hypopyon right eye
H20052,Hypopyon left eye
H20053,Hypopyon bilateral
H20059,Hypopyon unspecified eye
H2010,Chronic iridocyclitis unspecified eye
H2011,Chronic iridocyclitis right eye
H2012,Chronic iridocyclitis left eye
H2013,Chronic iridocyclitis bilateral
H2020,Lens-induced iridocyclitis unspecified eye
H2021,Lens-induced iridocyclitis right eye
H2022,Lens-induced iridocyclitis left eye
H2023,Lens-induced iridocyclitis bilateral
H20811,Fuchs' heterochromic cyclitis right eye
H20812,Fuchs' heterochromic cyclitis left eye
H20813,Fuchs' heterochromic cyclitis bilateral
H20819,Fuchs' heterochromic cyclitis unspecified eye
H20821,Vogt-Koyanagi syndrome right eye
H20822,Vogt-Koyanagi syndrome left eye
H20823,Vogt-Koyanagi syndrome bilateral
H20829,Vogt-Koyanagi syndrome unspecified eye
H209,Unspecified iridocyclitis
H2100,Hyphema unspecified eye
H2101,Hyphema right eye
H2102,Hyphema left eye
H2103,Hyphema bilateral
H211X1,Other vascular disorders of iris and ciliary body right eye
H211X2,Other vascular disorders of iris and ciliary body left eye
H211X3,Other vascular disorders of iris and ciliary body bilateral
H211X9,Other vascular disorders of iris and ciliary body unspecified eye
H21211,Degeneration of chamber angle right eye
H21212,Degeneration of chamber angle left eye
H21213,Degeneration of chamber angle bilateral
H21219,Degeneration of chamber angle unspecified eye
H21221,Degeneration of ciliary body right eye
H21222,Degeneration of ciliary body left eye
H21223,Degeneration of ciliary body bilateral
H21229,Degeneration of ciliary body unspecified eye
H21231,Degeneration of iris (pigmentary) right eye
H21232,Degeneration of iris (pigmentary) left eye
H21233,Degeneration of iris (pigmentary) bilateral
H21239,Degeneration of iris (pigmentary) unspecified eye
H21241,Degeneration of pupillary margin right eye
H21242,Degeneration of pupillary margin left eye
H21243,Degeneration of pupillary margin bilateral
H21249,Degeneration of pupillary margin unspecified eye
H21251,Iridoschisis right eye
H21252,Iridoschisis left eye
H21253,Iridoschisis bilateral
H21259,Iridoschisis unspecified eye
H21261,Iris atrophy (essential) (progressive) right eye
H21262,Iris atrophy (essential) (progressive) left eye
H21263,Iris atrophy (essential) (progressive) bilateral
H21269,Iris atrophy (essential) (progressive) unspecified eye
H21271,Miotic pupillary cyst right eye
H21272,Miotic pupillary cyst left eye
H21273,Miotic pupillary cyst bilateral
H21279,Miotic pupillary cyst unspecified eye
H2129,Other iris atrophy
H21301,Idiopathic cysts of iris ciliary body or anterior chamber right eye
H21302,Idiopathic cysts of iris ciliary body or anterior chamber left eye
H21303,Idiopathic cysts of iris ciliary body or anterior chamber bilateral
H21309,Idiopathic cysts of iris ciliary body or anterior chamber unspecified eye
H21311,Exudative cysts of iris or anterior chamber right eye
H21312,Exudative cysts of iris or anterior chamber left eye
H21313,Exudative cysts of iris or anterior chamber bilateral
H21319,Exudative cysts of iris or anterior chamber unspecified eye
H21321,Implantation cysts of iris ciliary body or anterior chamber right eye
H21322,Implantation cysts of iris ciliary body or anterior chamber left eye
H21323,Implantation cysts of iris ciliary body or anterior chamber bilateral
H21329,Implantation cysts of iris ciliary body or anterior chamber unspecified eye
H21331,Parasitic cyst of iris ciliary body or anterior chamber right eye
H21332,Parasitic cyst of iris ciliary body or anterior chamber left eye
H21333,Parasitic cyst of iris ciliary body or anterior chamber bilateral
H21339,Parasitic cyst of iris ciliary body or anterior chamber unspecified eye
H21341,Primary cyst of pars plana right eye
H21342,Primary cyst of pars plana left eye
H21343,Primary cyst of pars plana bilateral
H21349,Primary cyst of pars plana unspecified eye
H21351,Exudative cyst of pars plana right eye
H21352,Exudative cyst of pars plana left eye
H21353,Exudative cyst of pars plana bilateral
H21359,Exudative cyst of pars plana unspecified eye
H2140,Pupillary membranes unspecified eye
H2141,Pupillary membranes right eye
H2142,Pupillary membranes left eye
H2143,Pupillary membranes bilateral
H21501,Unspecified adhesions of iris right eye
H21502,Unspecified adhesions of iris left eye
H21503,Unspecified adhesions of iris bilateral
H21509,Unspecified adhesions of iris and ciliary body unspecified eye
H21511,Anterior synechiae (iris) right eye
H21512,Anterior synechiae (iris) left eye
H21513,Anterior synechiae (iris) bilateral
H21519,Anterior synechiae (iris) unspecified eye
H21521,Goniosynechiae right eye
H21522,Goniosynechiae left eye
H21523,Goniosynechiae bilateral
H21529,Goniosynechiae unspecified eye
H21531,Iridodialysis right eye
H21532,Iridodialysis left eye
H21533,Iridodialysis bilateral
H21539,Iridodialysis unspecified eye
H21541,Posterior synechiae (iris) right eye
H21542,Posterior synechiae (iris) left eye
H21543,Posterior synechiae (iris) bilateral
H21549,Posterior synechiae (iris) unspecified eye
H21551,Recession of chamber angle right eye
H21552,Recession of chamber angle left eye
H21553,Recession of chamber angle bilateral
H21559,Recession of chamber angle unspecified eye
H21561,Pupillary abnormality right eye
H21562,Pupillary abnormality left eye
H21563,Pupillary abnormality bilateral
H21569,Pupillary abnormality unspecified eye
H2181,Floppy iris syndrome
H2182,Plateau iris syndrome (post-iridectomy) (postprocedural)
H2189,Other specified disorders of iris and ciliary body
H219,Unspecified disorder of iris and ciliary body
H22,Disorders of iris and ciliary body in diseases classified elsewhere
H25011,Cortical age-related cataract right eye
H25012,Cortical age-related cataract left eye
H25013,Cortical age-related cataract bilateral
H25019,Cortical age-related cataract unspecified eye
H25031,Anterior subcapsular polar age-related cataract right eye
H25032,Anterior subcapsular polar age-related cataract left eye
H25033,Anterior subcapsular polar age-related cataract bilateral
H25039,Anterior subcapsular polar age-related cataract unspecified eye
H25041,Posterior subcapsular polar age-related cataract right eye
H25042,Posterior subcapsular polar age-related cataract left eye
H25043,Posterior subcapsular polar age-related cataract bilateral
H25049,Posterior subcapsular polar age-related cataract unspecified eye
H25091,Other age-related incipient cataract right eye
H25092,Other age-related incipient cataract left eye
H25093,Other age-related incipient cataract bilateral
H25099,Other age-related incipient cataract unspecified eye
H2510,Age-related nuclear cataract unspecified eye
H2511,Age-related nuclear cataract right eye
H2512,Age-related nuclear cataract left eye
H2513,Age-related nuclear cataract bilateral
H2520,Age-related cataract morgagnian type unspecified eye
H2521,Age-related cataract morgagnian type right eye
H2522,Age-related cataract morgagnian type left eye
H2523,Age-related cataract morgagnian type bilateral
H25811,Combined forms of age-related cataract right eye
H25812,Combined forms of age-related cataract left eye
H25813,Combined forms of age-related cataract bilateral
H25819,Combined forms of age-related cataract unspecified eye
H2589,Other age-related cataract
H259,Unspecified age-related cataract
H26001,Unspecified infantile and juvenile cataract right eye
H26002,Unspecified infantile and juvenile cataract left eye
H26003,Unspecified infantile and juvenile cataract bilateral
H26009,Unspecified infantile and juvenile cataract unspecified eye
H26011,Infantile and juvenile cortical lamellar or zonular cataract right eye
H26012,Infantile and juvenile cortical lamellar or zonular cataract left eye
H26013,Infantile and juvenile cortical lamellar or zonular cataract bilateral
H26019,Infantile and juvenile cortical lamellar or zonular cataract unspecified eye
H26031,Infantile and juvenile nuclear cataract right eye
H26032,Infantile and juvenile nuclear cataract left eye
H26033,Infantile and juvenile nuclear cataract bilateral
H26039,Infantile and juvenile nuclear cataract unspecified eye
H26041,Anterior subcapsular polar infantile and juvenile cataract right eye
H26042,Anterior subcapsular polar infantile and juvenile cataract left eye
H26043,Anterior subcapsular polar infantile and juvenile cataract bilateral
H26049,Anterior subcapsular polar infantile and juvenile cataract unspecified eye
H26051,Posterior subcapsular polar infantile and juvenile cataract right eye
H26052,Posterior subcapsular polar infantile and juvenile cataract left eye
H26053,Posterior subcapsular polar infantile and juvenile cataract bilateral
H26059,Posterior subcapsular polar infantile and juvenile cataract unspecified eye
H26061,Combined forms of infantile and juvenile cataract right eye
H26062,Combined forms of infantile and juvenile cataract left eye
H26063,Combined forms of infantile and juvenile cataract bilateral
H26069,Combined forms of infantile and juvenile cataract unspecified eye
H2609,Other infantile and juvenile cataract
H26101,Unspecified traumatic cataract right eye
H26102,Unspecified traumatic cataract left eye
H26103,Unspecified traumatic cataract bilateral
H26109,Unspecified traumatic cataract unspecified eye
H26111,Localized traumatic opacities right eye
H26112,Localized traumatic opacities left eye
H26113,Localized traumatic opacities bilateral
H26119,Localized traumatic opacities unspecified eye
H26121,Partially resolved traumatic cataract right eye
H26122,Partially resolved traumatic cataract left eye
H26123,Partially resolved traumatic cataract bilateral
H26129,Partially resolved traumatic cataract unspecified eye
H26131,Total traumatic cataract right eye
H26132,Total traumatic cataract left eye
H26133,Total traumatic cataract bilateral
H26139,Total traumatic cataract unspecified eye
H2620,Unspecified complicated cataract
H26211,Cataract with neovascularization right eye
H26212,Cataract with neovascularization left eye
H26213,Cataract with neovascularization bilateral
H26219,Cataract with neovascularization unspecified eye
H26221,Cataract secondary to ocular disorders (degenerative) (inflammatory) right eye
H26222,Cataract secondary to ocular disorders (degenerative) (inflammatory) left eye
H26223,Cataract secondary to ocular disorders (degenerative) (inflammatory) bilateral
H26229,Cataract secondary to ocular disorders (degenerative) (inflammatory) unspecified eye
H26231,Glaucomatous flecks (subcapsular) right eye
H26232,Glaucomatous flecks (subcapsular) left eye
H26233,Glaucomatous flecks (subcapsular) bilateral
H26239,Glaucomatous flecks (subcapsular) unspecified eye
H2630,Drug-induced cataract unspecified eye
H2631,Drug-induced cataract right eye
H2632,Drug-induced cataract left eye
H2633,Drug-induced cataract bilateral
H2640,Unspecified secondary cataract
H26411,Soemmering's ring right eye
H26412,Soemmering's ring left eye
H26413,Soemmering's ring bilateral
H26419,Soemmering's ring unspecified eye
H26491,Other secondary cataract right eye
H26492,Other secondary cataract left eye
H26493,Other secondary cataract bilateral
H26499,Other secondary cataract unspecified eye
H268,Other specified cataract
H269,Unspecified cataract
H2700,Aphakia unspecified eye
H2701,Aphakia right eye
H2702,Aphakia left eye
H2703,Aphakia bilateral
H2710,Unspecified dislocation of lens
H27111,Subluxation of lens right eye
H27112,Subluxation of lens left eye
H27113,Subluxation of lens bilateral
H27119,Subluxation of lens unspecified eye
H27121,Anterior dislocation of lens right eye
H27122,Anterior dislocation of lens left eye
H27123,Anterior dislocation of lens bilateral
H27129,Anterior dislocation of lens unspecified eye
H27131,Posterior dislocation of lens right eye
H27132,Posterior dislocation of lens left eye
H27133,Posterior dislocation of lens bilateral
H27139,Posterior dislocation of lens unspecified eye
H278,Other specified disorders of lens
H279,Unspecified disorder of lens
H28,Cataract in diseases classified elsewhere
H30001,Unspecified focal chorioretinal inflammation right eye
H30002,Unspecified focal chorioretinal inflammation left eye
H30003,Unspecified focal chorioretinal inflammation bilateral
H30009,Unspecified focal chorioretinal inflammation unspecified eye
H30011,Focal chorioretinal inflammation juxtapapillary right eye
H30012,Focal chorioretinal inflammation juxtapapillary left eye
H30013,Focal chorioretinal inflammation juxtapapillary bilateral
H30019,Focal chorioretinal inflammation juxtapapillary unspecified eye
H30021,Focal chorioretinal inflammation of posterior pole right eye
H30022,Focal chorioretinal inflammation of posterior pole left eye
H30023,Focal chorioretinal inflammation of posterior pole bilateral
H30029,Focal chorioretinal inflammation of posterior pole unspecified eye
H30031,Focal chorioretinal inflammation peripheral right eye
H30032,Focal chorioretinal inflammation peripheral left eye
H30033,Focal chorioretinal inflammation peripheral bilateral
H30039,Focal chorioretinal inflammation peripheral unspecified eye
H30041,Focal chorioretinal inflammation macular or paramacular right eye
H30042,Focal chorioretinal inflammation macular or paramacular left eye
H30043,Focal chorioretinal inflammation macular or paramacular bilateral
H30049,Focal chorioretinal inflammation macular or paramacular unspecified eye
H30101,Unspecified disseminated chorioretinal inflammation right eye
H30102,Unspecified disseminated chorioretinal inflammation left eye
H30103,Unspecified disseminated chorioretinal inflammation bilateral
H30109,Unspecified disseminated chorioretinal inflammation unspecified eye
H30111,Disseminated chorioretinal inflammation of posterior pole right eye
H30112,Disseminated chorioretinal inflammation of posterior pole left eye
H30113,Disseminated chorioretinal inflammation of posterior pole bilateral
H30119,Disseminated chorioretinal inflammation of posterior pole unspecified eye
H30121,Disseminated chorioretinal inflammation peripheral right eye
H30122,Disseminated chorioretinal inflammation peripheral left eye
H30123,Disseminated chorioretinal inflammation peripheral bilateral
H30129,Disseminated chorioretinal inflammation peripheral unspecified eye
H30131,Disseminated chorioretinal inflammation generalized right eye
H30132,Disseminated chorioretinal inflammation generalized left eye
H30133,Disseminated chorioretinal inflammation generalized bilateral
H30139,Disseminated chorioretinal inflammation generalized unspecified eye
H30141,Acute posterior multifocal placoid pigment epitheliopathy right eye
H30142,Acute posterior multifocal placoid pigment epitheliopathy left eye
H30143,Acute posterior multifocal placoid pigment epitheliopathy bilateral
H30149,Acute posterior multifocal placoid pigment epitheliopathy unspecified eye
H3020,Posterior cyclitis unspecified eye
H3021,Posterior cyclitis right eye
H3022,Posterior cyclitis left eye
H3023,Posterior cyclitis bilateral
H30811,Harada's disease right eye
H30812,Harada's disease left eye
H30813,Harada's disease bilateral
H30819,Harada's disease unspecified eye
H30891,Other chorioretinal inflammations right eye
H30892,Other chorioretinal inflammations left eye
H30893,Other chorioretinal inflammations bilateral
H30899,Other chorioretinal inflammations unspecified eye
H3090,Unspecified chorioretinal inflammation unspecified eye
H3091,Unspecified chorioretinal inflammation right eye
H3092,Unspecified chorioretinal inflammation left eye
H3093,Unspecified chorioretinal inflammation bilateral
H31001,Unspecified chorioretinal scars right eye
H31002,Unspecified chorioretinal scars left eye
H31003,Unspecified chorioretinal scars bilateral
H31009,Unspecified chorioretinal scars unspecified eye
H31011,Macula scars of posterior pole (postinflammatory) (post-traumatic) right eye
H31012,Macula scars of posterior pole (postinflammatory) (post-traumatic) left eye
H31013,Macula scars of posterior pole (postinflammatory) (post-traumatic) bilateral
H31019,Macula scars of posterior pole (postinflammatory) (post-traumatic) unspecified eye
H31021,Solar retinopathy right eye
H31022,Solar retinopathy left eye
H31023,Solar retinopathy bilateral
H31029,Solar retinopathy unspecified eye
H31091,Other chorioretinal scars right eye
H31092,Other chorioretinal scars left eye
H31093,Other chorioretinal scars bilateral
H31099,Other chorioretinal scars unspecified eye
H31101,Choroidal degeneration unspecified right eye
H31102,Choroidal degeneration unspecified left eye
H31103,Choroidal degeneration unspecified bilateral
H31109,Choroidal degeneration unspecified unspecified eye
H31111,Age-related choroidal atrophy right eye
H31112,Age-related choroidal atrophy left eye
H31113,Age-related choroidal atrophy bilateral
H31119,Age-related choroidal atrophy unspecified eye
H31121,Diffuse secondary atrophy of choroid right eye
H31122,Diffuse secondary atrophy of choroid left eye
H31123,Diffuse secondary atrophy of choroid bilateral
H31129,Diffuse secondary atrophy of choroid unspecified eye
H3120,Hereditary choroidal dystrophy unspecified
H3121,Choroideremia
H3122,Choroidal dystrophy (central areolar) (generalized) (peripapillary)
H3123,Gyrate atrophy choroid
H3129,Other hereditary choroidal dystrophy
H31301,Unspecified choroidal hemorrhage right eye
H31302,Unspecified choroidal hemorrhage left eye
H31303,Unspecified choroidal hemorrhage bilateral
H31309,Unspecified choroidal hemorrhage unspecified eye
H31311,Expulsive choroidal hemorrhage right eye
H31312,Expulsive choroidal hemorrhage left eye
H31313,Expulsive choroidal hemorrhage bilateral
H31319,Expulsive choroidal hemorrhage unspecified eye
H31321,Choroidal rupture right eye
H31322,Choroidal rupture left eye
H31323,Choroidal rupture bilateral
H31329,Choroidal rupture unspecified eye
H31401,Unspecified choroidal detachment right eye
H31402,Unspecified choroidal detachment left eye
H31403,Unspecified choroidal detachment bilateral
H31409,Unspecified choroidal detachment unspecified eye
H31411,Hemorrhagic choroidal detachment right eye
H31412,Hemorrhagic choroidal detachment left eye
H31413,Hemorrhagic choroidal detachment bilateral
H31419,Hemorrhagic choroidal detachment unspecified eye
H31421,Serous choroidal detachment right eye
H31422,Serous choroidal detachment left eye
H31423,Serous choroidal detachment bilateral
H31429,Serous choroidal detachment unspecified eye
H318,Other specified disorders of choroid
H319,Unspecified disorder of choroid
H32,Chorioretinal disorders in diseases classified elsewhere
H33001,Unspecified retinal detachment with retinal break right eye
H33002,Unspecified retinal detachment with retinal break left eye
H33003,Unspecified retinal detachment with retinal break bilateral
H33009,Unspecified retinal detachment with retinal break unspecified eye
H33011,Retinal detachment with single break right eye
H33012,Retinal detachment with single break left eye
H33013,Retinal detachment with single break bilateral
H33019,Retinal detachment with single break unspecified eye
H33021,Retinal detachment with multiple breaks right eye
H33022,Retinal detachment with multiple breaks left eye
H33023,Retinal detachment with multiple breaks bilateral
H33029,Retinal detachment with multiple breaks unspecified eye
H33031,Retinal detachment with giant retinal tear right eye
H33032,Retinal detachment with giant retinal tear left eye
H33033,Retinal detachment with giant retinal tear bilateral
H33039,Retinal detachment with giant retinal tear unspecified eye
H33041,Retinal detachment with retinal dialysis right eye
H33042,Retinal detachment with retinal dialysis left eye
H33043,Retinal detachment with retinal dialysis bilateral
H33049,Retinal detachment with retinal dialysis unspecified eye
H33051,Total retinal detachment right eye
H33052,Total retinal detachment left eye
H33053,Total retinal detachment bilateral
H33059,Total retinal detachment unspecified eye
H33101,Unspecified retinoschisis right eye
H33102,Unspecified retinoschisis left eye
H33103,Unspecified retinoschisis bilateral
H33109,Unspecified retinoschisis unspecified eye
H33111,Cyst of ora serrata right eye
H33112,Cyst of ora serrata left eye
H33113,Cyst of ora serrata bilateral
H33119,Cyst of ora serrata unspecified eye
H33121,Parasitic cyst of retina right eye
H33122,Parasitic cyst of retina left eye
H33123,Parasitic cyst of retina bilateral
H33129,Parasitic cyst of retina unspecified eye
H33191,Other retinoschisis and retinal cysts right eye
H33192,Other retinoschisis and retinal cysts left eye
H33193,Other retinoschisis and retinal cysts bilateral
H33199,Other retinoschisis and retinal cysts unspecified eye
H3320,Serous retinal detachment unspecified eye
H3321,Serous retinal detachment right eye
H3322,Serous retinal detachment left eye
H3323,Serous retinal detachment bilateral
H33301,Unspecified retinal break right eye
H33302,Unspecified retinal break left eye
H33303,Unspecified retinal break bilateral
H33309,Unspecified retinal break unspecified eye
H33311,Horseshoe tear of retina without detachment right eye
H33312,Horseshoe tear of retina without detachment left eye
H33313,Horseshoe tear of retina without detachment bilateral
H33319,Horseshoe tear of retina without detachment unspecified eye
H33321,Round hole right eye
H33322,Round hole left eye
H33323,Round hole bilateral
H33329,Round hole unspecified eye
H33331,Multiple defects of retina without detachment right eye
H33332,Multiple defects of retina without detachment left eye
H33333,Multiple defects of retina without detachment bilateral
H33339,Multiple defects of retina without detachment unspecified eye
H3340,Traction detachment of retina unspecified eye
H3341,Traction detachment of retina right eye
H3342,Traction detachment of retina left eye
H3343,Traction detachment of retina bilateral
H338,Other retinal detachments
H3400,Transient retinal artery occlusion unspecified eye
H3401,Transient retinal artery occlusion right eye
H3402,Transient retinal artery occlusion left eye
H3403,Transient retinal artery occlusion bilateral
H3410,Central retinal artery occlusion unspecified eye
H3411,Central retinal artery occlusion right eye
H3412,Central retinal artery occlusion left eye
H3413,Central retinal artery occlusion bilateral
H34211,Partial retinal artery occlusion right eye
H34212,Partial retinal artery occlusion left eye
H34213,Partial retinal artery occlusion bilateral
H34219,Partial retinal artery occlusion unspecified eye
H34231,Retinal artery branch occlusion right eye
H34232,Retinal artery branch occlusion left eye
H34233,Retinal artery branch occlusion bilateral
H34239,Retinal artery branch occlusion unspecified eye
H34811,Central retinal vein occlusion right eye
H348110,Central retinal vein occlusion right eye with macular edema
H348111,Central retinal vein occlusion right eye with retinal neovascularization
H348112,Central retinal vein occlusion right eye stable
H34812,Central retinal vein occlusion left eye
H348120,Central retinal vein occlusion left eye with macular edema
H348121,Central retinal vein occlusion left eye with retinal neovascularization
H348122,Central retinal vein occlusion left eye stable
H34813,Central retinal vein occlusion bilateral
H348130,Central retinal vein occlusion bilateral with macular edema
H348131,Central retinal vein occlusion bilateral with retinal neovascularization
H348132,Central retinal vein occlusion bilateral stable
H34819,Central retinal vein occlusion unspecified eye
H348190,Central retinal vein occlusion unspecified eye with macular edema
H348191,Central retinal vein occlusion unspecified eye with retinal neovascularization
H348192,Central retinal vein occlusion unspecified eye stable
H34821,Venous engorgement right eye
H34822,Venous engorgement left eye
H34823,Venous engorgement bilateral
H34829,Venous engorgement unspecified eye
H34831,Tributary (branch) retinal vein occlusion right eye
H348310,Tributary (branch) retinal vein occlusion right eye with macular edema
H348311,Tributary (branch) retinal vein occlusion right eye with retinal neovascularization
H348312,Tributary (branch) retinal vein occlusion right eye stable
H34832,Tributary (branch) retinal vein occlusion left eye
H348320,Tributary (branch) retinal vein occlusion left eye with macular edema
H348321,Tributary (branch) retinal vein occlusion left eye with retinal neovascularization
H348322,Tributary (branch) retinal vein occlusion left eye stable
H34833,Tributary (branch) retinal vein occlusion bilateral
H348330,Tributary (branch) retinal vein occlusion bilateral with macular edema
H348331,Tributary (branch) retinal vein occlusion bilateral with retinal neovascularization
H348332,Tributary (branch) retinal vein occlusion bilateral stable
H34839,Tributary (branch) retinal vein occlusion unspecified eye
H348390,Tributary (branch) retinal vein occlusion unspecified eye with macular edema
H348391,Tributary (branch) retinal vein occlusion unspecified eye with retinal neovascularization
H348392,Tributary (branch) retinal vein occlusion unspecified eye stable
H349,Unspecified retinal vascular occlusion
H3500,Unspecified background retinopathy
H35011,Changes in retinal vascular appearance right eye
H35012,Changes in retinal vascular appearance left eye
H35013,Changes in retinal vascular appearance bilateral
H35019,Changes in retinal vascular appearance unspecified eye
H35021,Exudative retinopathy right eye
H35022,Exudative retinopathy left eye
H35023,Exudative retinopathy bilateral
H35029,Exudative retinopathy unspecified eye
H35031,Hypertensive retinopathy right eye
H35032,Hypertensive retinopathy left eye
H35033,Hypertensive retinopathy bilateral
H35039,Hypertensive retinopathy unspecified eye
H35041,Retinal micro-aneurysms unspecified right eye
H35042,Retinal micro-aneurysms unspecified left eye
H35043,Retinal micro-aneurysms unspecified bilateral
H35049,Retinal micro-aneurysms unspecified unspecified eye
H35051,Retinal neovascularization unspecified right eye
H35052,Retinal neovascularization unspecified left eye
H35053,Retinal neovascularization unspecified bilateral
H35059,Retinal neovascularization unspecified unspecified eye
H35061,Retinal vasculitis right eye
H35062,Retinal vasculitis left eye
H35063,Retinal vasculitis bilateral
H35069,Retinal vasculitis unspecified eye
H35071,Retinal telangiectasis right eye
H35072,Retinal telangiectasis left eye
H35073,Retinal telangiectasis bilateral
H35079,Retinal telangiectasis unspecified eye
H3509,Other intraretinal microvascular abnormalities
H35101,Retinopathy of prematurity unspecified right eye
H35102,Retinopathy of prematurity unspecified left eye
H35103,Retinopathy of prematurity unspecified bilateral
H35109,Retinopathy of prematurity unspecified unspecified eye
H35111,Retinopathy of prematurity stage 0 right eye
H35112,Retinopathy of prematurity stage 0 left eye
H35113,Retinopathy of prematurity stage 0 bilateral
H35119,Retinopathy of prematurity stage 0 unspecified eye
H35121,Retinopathy of prematurity stage 1 right eye
H35122,Retinopathy of prematurity stage 1 left eye
H35123,Retinopathy of prematurity stage 1 bilateral
H35129,Retinopathy of prematurity stage 1 unspecified eye
H35131,Retinopathy of prematurity stage 2 right eye
H35132,Retinopathy of prematurity stage 2 left eye
H35133,Retinopathy of prematurity stage 2 bilateral
H35139,Retinopathy of prematurity stage 2 unspecified eye
H35141,Retinopathy of prematurity stage 3 right eye
H35142,Retinopathy of prematurity stage 3 left eye
H35143,Retinopathy of prematurity stage 3 bilateral
H35149,Retinopathy of prematurity stage 3 unspecified eye
H35151,Retinopathy of prematurity stage 4 right eye
H35152,Retinopathy of prematurity stage 4 left eye
H35153,Retinopathy of prematurity stage 4 bilateral
H35159,Retinopathy of prematurity stage 4 unspecified eye
H35161,Retinopathy of prematurity stage 5 right eye
H35162,Retinopathy of prematurity stage 5 left eye
H35163,Retinopathy of prematurity stage 5 bilateral
H35169,Retinopathy of prematurity stage 5 unspecified eye
H35171,Retrolental fibroplasia right eye
H35172,Retrolental fibroplasia left eye
H35173,Retrolental fibroplasia bilateral
H35179,Retrolental fibroplasia unspecified eye
H3520,Other non-diabetic proliferative retinopathy unspecified eye
H3521,Other non-diabetic proliferative retinopathy right eye
H3522,Other non-diabetic proliferative retinopathy left eye
H3523,Other non-diabetic proliferative retinopathy bilateral
H3530,Unspecified macular degeneration
H3531,Nonexudative age-related macular degeneration
H353110,Nonexudative age-related macular degeneration right eye stage unspecified
H353111,Nonexudative age-related macular degeneration right eye early dry stage
H353112,Nonexudative age-related macular degeneration right eye intermediate dry stage
H353113,Nonexudative age-related macular degeneration right eye advanced atrophic without subfoveal involvement
H353114,Nonexudative age-related macular degeneration right eye advanced atrophic with subfoveal involvement
H353120,Nonexudative age-related macular degeneration left eye stage unspecified
H353121,Nonexudative age-related macular degeneration left eye early dry stage
H353122,Nonexudative age-related macular degeneration left eye intermediate dry stage
H353123,Nonexudative age-related macular degeneration left eye advanced atrophic without subfoveal involvement
H353124,Nonexudative age-related macular degeneration left eye advanced atrophic with subfoveal involvement
H353130,Nonexudative age-related macular degeneration bilateral stage unspecified
H353131,Nonexudative age-related macular degeneration bilateral early dry stage
H353132,Nonexudative age-related macular degeneration bilateral intermediate dry stage
H353133,Nonexudative age-related macular degeneration bilateral advanced atrophic without subfoveal involvement
H353134,Nonexudative age-related macular degeneration bilateral advanced atrophic with subfoveal involvement
H353190,Nonexudative age-related macular degeneration unspecified eye stage unspecified
H353191,Nonexudative age-related macular degeneration unspecified eye early dry stage
H353192,Nonexudative age-related macular degeneration unspecified eye intermediate dry stage
H353193,Nonexudative age-related macular degeneration unspecified eye advanced atrophic without subfoveal involvement
H353194,Nonexudative age-related macular degeneration unspecified eye advanced atrophic with subfoveal involvement
H3532,Exudative age-related macular degeneration
H353210,Exudative age-related macular degeneration right eye stage unspecified
H353211,Exudative age-related macular degeneration right eye with active choroidal neovascularization
H353212,Exudative age-related macular degeneration right eye with inactive choroidal neovascularization
H353213,Exudative age-related macular degeneration right eye with inactive scar
H353220,Exudative age-related macular degeneration left eye stage unspecified
H353221,Exudative age-related macular degeneration left eye with active choroidal neovascularization
H353222,Exudative age-related macular degeneration left eye with inactive choroidal neovascularization
H353223,Exudative age-related macular degeneration left eye with inactive scar
H353230,Exudative age-related macular degeneration bilateral stage unspecified
H353231,Exudative age-related macular degeneration bilateral with active choroidal neovascularization
H353232,Exudative age-related macular degeneration bilateral with inactive choroidal neovascularization
H353233,Exudative age-related macular degeneration bilateral with inactive scar
H353290,Exudative age-related macular degeneration unspecified eye stage unspecified
H353291,Exudative age-related macular degeneration unspecified eye with active choroidal neovascularization
H353292,Exudative age-related macular degeneration unspecified eye with inactive choroidal neovascularization
H353293,Exudative age-related macular degeneration unspecified eye with inactive scar
H3533,Angioid streaks of macula
H35341,Macular cyst hole or pseudohole right eye
H35342,Macular cyst hole or pseudohole left eye
H35343,Macular cyst hole or pseudohole bilateral
H35349,Macular cyst hole or pseudohole unspecified eye
H35351,Cystoid macular degeneration right eye
H35352,Cystoid macular degeneration left eye
H35353,Cystoid macular degeneration bilateral
H35359,Cystoid macular degeneration unspecified eye
H35361,Drusen (degenerative) of macula right eye
H35362,Drusen (degenerative) of macula left eye
H35363,Drusen (degenerative) of macula bilateral
H35369,Drusen (degenerative) of macula unspecified eye
H35371,Puckering of macula right eye
H35372,Puckering of macula left eye
H35373,Puckering of macula bilateral
H35379,Puckering of macula unspecified eye
H35381,Toxic maculopathy right eye
H35382,Toxic maculopathy left eye
H35383,Toxic maculopathy bilateral
H35389,Toxic maculopathy unspecified eye
H3540,Unspecified peripheral retinal degeneration
H35411,Lattice degeneration of retina right eye
H35412,Lattice degeneration of retina left eye
H35413,Lattice degeneration of retina bilateral
H35419,Lattice degeneration of retina unspecified eye
H35421,Microcystoid degeneration of retina right eye
H35422,Microcystoid degeneration of retina left eye
H35423,Microcystoid degeneration of retina bilateral
H35429,Microcystoid degeneration of retina unspecified eye
H35431,Paving stone degeneration of retina right eye
H35432,Paving stone degeneration of retina left eye
H35433,Paving stone degeneration of retina bilateral
H35439,Paving stone degeneration of retina unspecified eye
H35441,Age-related reticular degeneration of retina right eye
H35442,Age-related reticular degeneration of retina left eye
H35443,Age-related reticular degeneration of retina bilateral
H35449,Age-related reticular degeneration of retina unspecified eye
H35451,Secondary pigmentary degeneration right eye
H35452,Secondary pigmentary degeneration left eye
H35453,Secondary pigmentary degeneration bilateral
H35459,Secondary pigmentary degeneration unspecified eye
H35461,Secondary vitreoretinal degeneration right eye
H35462,Secondary vitreoretinal degeneration left eye
H35463,Secondary vitreoretinal degeneration bilateral
H35469,Secondary vitreoretinal degeneration unspecified eye
H3550,Unspecified hereditary retinal dystrophy
H3551,Vitreoretinal dystrophy
H3552,Pigmentary retinal dystrophy
H3553,Other dystrophies primarily involving the sensory retina
H3554,Dystrophies primarily involving the retinal pigment epithelium
H3560,Retinal hemorrhage unspecified eye
H3561,Retinal hemorrhage right eye
H3562,Retinal hemorrhage left eye
H3563,Retinal hemorrhage bilateral
H3570,Unspecified separation of retinal layers
H35711,Central serous chorioretinopathy right eye
H35712,Central serous chorioretinopathy left eye
H35713,Central serous chorioretinopathy bilateral
H35719,Central serous chorioretinopathy unspecified eye
H35721,Serous detachment of retinal pigment epithelium right eye
H35722,Serous detachment of retinal pigment epithelium left eye
H35723,Serous detachment of retinal pigment epithelium bilateral
H35729,Serous detachment of retinal pigment epithelium unspecified eye
H35731,Hemorrhagic detachment of retinal pigment epithelium right eye
H35732,Hemorrhagic detachment of retinal pigment epithelium left eye
H35733,Hemorrhagic detachment of retinal pigment epithelium bilateral
H35739,Hemorrhagic detachment of retinal pigment epithelium unspecified eye
H3581,Retinal edema
H3582,Retinal ischemia
H3589,Other specified retinal disorders
H359,Unspecified retinal disorder
H36,Retinal disorders in diseases classified elsewhere
H36811,Nonproliferative sickle-cell retinopathy right eye
H36812,Nonproliferative sickle-cell retinopathy left eye
H36813,Nonproliferative sickle-cell retinopathy bilateral
H36819,Nonproliferative sickle-cell retinopathy unspecified eye
H36821,Proliferative sickle-cell retinopathy right eye
H36822,Proliferative sickle-cell retinopathy left eye
H36823,Proliferative sickle-cell retinopathy bilateral
H36829,Proliferative sickle-cell retinopathy unspecified eye
H3689,Other retinal disorders in diseases classified elsewhere
H40001,Preglaucoma unspecified right eye
H40002,Preglaucoma unspecified left eye
H40003,Preglaucoma unspecified bilateral
H40009,Preglaucoma unspecified unspecified eye
H40011,Open angle with borderline findings low risk right eye
H40012,Open angle with borderline findings low risk left eye
H40013,Open angle with borderline findings low risk bilateral
H40019,Open angle with borderline findings low risk unspecified eye
H40021,Open angle with borderline findings high risk right eye
H40022,Open angle with borderline findings high risk left eye
H40023,Open angle with borderline findings high risk bilateral
H40029,Open angle with borderline findings high risk unspecified eye
H40031,Anatomical narrow angle right eye
H40032,Anatomical narrow angle left eye
H40033,Anatomical narrow angle bilateral
H40039,Anatomical narrow angle unspecified eye
H40041,Steroid responder right eye
H40042,Steroid responder left eye
H40043,Steroid responder bilateral
H40049,Steroid responder unspecified eye
H40051,Ocular hypertension right eye
H40052,Ocular hypertension left eye
H40053,Ocular hypertension bilateral
H40059,Ocular hypertension unspecified eye
H40061,Primary angle closure without glaucoma damage right eye
H40062,Primary angle closure without glaucoma damage left eye
H40063,Primary angle closure without glaucoma damage bilateral
H40069,Primary angle closure without glaucoma damage unspecified eye
H4010X0,Unspecified open-angle glaucoma stage unspecified
H4010X1,Unspecified open-angle glaucoma mild stage
H4010X2,Unspecified open-angle glaucoma moderate stage
H4010X3,Unspecified open-angle glaucoma severe stage
H4010X4,Unspecified open-angle glaucoma indeterminate stage
H401110,Primary open-angle glaucoma right eye stage unspecified
H401111,Primary open-angle glaucoma right eye mild stage
H401112,Primary open-angle glaucoma right eye moderate stage
H401113,Primary open-angle glaucoma right eye severe stage
H401114,Primary open-angle glaucoma right eye indeterminate stage
H401120,Primary open-angle glaucoma left eye stage unspecified
H401121,Primary open-angle glaucoma left eye mild stage
H401122,Primary open-angle glaucoma left eye moderate stage
H401123,Primary open-angle glaucoma left eye severe stage
H401124,Primary open-angle glaucoma left eye indeterminate stage
H401130,Primary open-angle glaucoma bilateral stage unspecified
H401131,Primary open-angle glaucoma bilateral mild stage
H401132,Primary open-angle glaucoma bilateral moderate stage
H401133,Primary open-angle glaucoma bilateral severe stage
H401134,Primary open-angle glaucoma bilateral indeterminate stage
H401190,Primary open-angle glaucoma unspecified eye stage unspecified
H401191,Primary open-angle glaucoma unspecified eye mild stage
H401192,Primary open-angle glaucoma unspecified eye moderate stage
H401193,Primary open-angle glaucoma unspecified eye severe stage
H401194,Primary open-angle glaucoma unspecified eye indeterminate stage
H4011X0,Primary open-angle glaucoma stage unspecified
H4011X1,Primary open-angle glaucoma mild stage
H4011X2,Primary open-angle glaucoma moderate stage
H4011X3,Primary open-angle glaucoma severe stage
H4011X4,Primary open-angle glaucoma indeterminate stage
H401210,Low-tension glaucoma right eye stage unspecified
H401211,Low-tension glaucoma right eye mild stage
H401212,Low-tension glaucoma right eye moderate stage
H401213,Low-tension glaucoma right eye severe stage
H401214,Low-tension glaucoma right eye indeterminate stage
H401220,Low-tension glaucoma left eye stage unspecified
H401221,Low-tension glaucoma left eye mild stage
H401222,Low-tension glaucoma left eye moderate stage
H401223,Low-tension glaucoma left eye severe stage
H401224,Low-tension glaucoma left eye indeterminate stage
H401230,Low-tension glaucoma bilateral stage unspecified
H401231,Low-tension glaucoma bilateral mild stage
H401232,Low-tension glaucoma bilateral moderate stage
H401233,Low-tension glaucoma bilateral severe stage
H401234,Low-tension glaucoma bilateral indeterminate stage
H401290,Low-tension glaucoma unspecified eye stage unspecified
H401291,Low-tension glaucoma unspecified eye mild stage
H401292,Low-tension glaucoma unspecified eye moderate stage
H401293,Low-tension glaucoma unspecified eye severe stage
H401294,Low-tension glaucoma unspecified eye indeterminate stage
H401310,Pigmentary glaucoma right eye stage unspecified
H401311,Pigmentary glaucoma right eye mild stage
H401312,Pigmentary glaucoma right eye moderate stage
H401313,Pigmentary glaucoma right eye severe stage
H401314,Pigmentary glaucoma right eye indeterminate stage
H401320,Pigmentary glaucoma left eye stage unspecified
H401321,Pigmentary glaucoma left eye mild stage
H401322,Pigmentary glaucoma left eye moderate stage
H401323,Pigmentary glaucoma left eye severe stage
H401324,Pigmentary glaucoma left eye indeterminate stage
H401330,Pigmentary glaucoma bilateral stage unspecified
H401331,Pigmentary glaucoma bilateral mild stage
H401332,Pigmentary glaucoma bilateral moderate stage
H401333,Pigmentary glaucoma bilateral severe stage
H401334,Pigmentary glaucoma bilateral indeterminate stage
H401390,Pigmentary glaucoma unspecified eye stage unspecified
H401391,Pigmentary glaucoma unspecified eye mild stage
H401392,Pigmentary glaucoma unspecified eye moderate stage
H401393,Pigmentary glaucoma unspecified eye severe stage
H401394,Pigmentary glaucoma unspecified eye indeterminate stage
H401410,Capsular glaucoma with pseudoexfoliation of lens right eye stage unspecified
H401411,Capsular glaucoma with pseudoexfoliation of lens right eye mild stage
H401412,Capsular glaucoma with pseudoexfoliation of lens right eye moderate stage
H401413,Capsular glaucoma with pseudoexfoliation of lens right eye severe stage
H401414,Capsular glaucoma with pseudoexfoliation of lens right eye indeterminate stage
H401420,Capsular glaucoma with pseudoexfoliation of lens left eye stage unspecified
H401421,Capsular glaucoma with pseudoexfoliation of lens left eye mild stage
H401422,Capsular glaucoma with pseudoexfoliation of lens left eye moderate stage
H401423,Capsular glaucoma with pseudoexfoliation of lens left eye severe stage
H401424,Capsular glaucoma with pseudoexfoliation of lens left eye indeterminate stage
H401430,Capsular glaucoma with pseudoexfoliation of lens bilateral stage unspecified
H401431,Capsular glaucoma with pseudoexfoliation of lens bilateral mild stage
H401432,Capsular glaucoma with pseudoexfoliation of lens bilateral moderate stage

